comment,username,nickname,likes,noOfRepliedComments,posted_date,extracted_date,video_link,video_likes,video_comments,video_shared,video_posted_likes
cer suruh rafizi nyanyi lagu hoi hoi hoi ya hoi,@anakmubarak,Anak Mubarak ,437,0,2022-12-17,2023-01-30,https://www.tiktok.com/@tiktokybviral/video/7177975649834110214,17.5K,2161,1830,2022-12-17
Dulu umno ahman maslan skrg rafizi PH,@baya_akmal,Akmal Vtec ,70,0,1-8,2023-01-30,https://www.tiktok.com/@tiktokybviral/video/7177975649834110214,17.5K,2161,1830,2022-12-17
bukan piji jerr..ramai lg y tin kosongğŸ˜‚ğŸ˜‚ğŸ˜‚,@jiee85,fauzijiee85ğŸ•¸ï¸ğŸ‰ ,420,0,2022-12-17,2023-01-30,https://www.tiktok.com/@tiktokybviral/video/7177975649834110214,17.5K,2161,1830,2022-12-17
hati2 menteri komunikasi is watching,@kuling69,kuling ,114,0,2022-12-17,2023-01-30,https://www.tiktok.com/@tiktokybviral/video/7177975649834110214,17.5K,2161,1830,2022-12-17
dh dpt jawatan x menyalak lağŸ˜‚,@cirik229,cirik229 ,226,0,2022-12-17,2023-01-30,https://www.tiktok.com/@tiktokybviral/video/7177975649834110214,17.5K,2161,1830,2022-12-17
pizi ni ckp dia sama dgn bos dia....,@sirturiss,SIR TURISS ,203,0,2022-12-17,2023-01-30,https://www.tiktok.com/@tiktokybviral/video/7177975649834110214,17.5K,2161,1830,2022-12-17
pakatan hancing..,@bahaika3,Baharudin Yahya982 ,156,0,2022-12-17,2023-01-30,https://www.tiktok.com/@tiktokybviral/video/7177975649834110214,17.5K,2161,1830,2022-12-17
bkn hanya lidah bercabang tp lebih keji,@user43238529534981,user43238529534981 ,39,0,2022-12-17,2023-01-30,https://www.tiktok.com/@tiktokybviral/video/7177975649834110214,17.5K,2161,1830,2022-12-17
Kawasan pandan pun mana dia tngk pun,@nonypanj,nonypanj ,77,0,2022-12-17,2023-01-30,https://www.tiktok.com/@tiktokybviral/video/7177975649834110214,17.5K,2161,1830,2022-12-17
aik cai cakap itu tak penting yang penting bang non jadi pmğŸ˜‚ğŸ˜‚,@ajaisamsuri,FAJAR SAMSURI TRADING ,27,0,2022-12-17,2023-01-30,https://www.tiktok.com/@tiktokybviral/video/7177975649834110214,17.5K,2161,1830,2022-12-17
fitnah jd darah daging,@mazlan160372,mazlan160372 ,27,0,2022-12-17,2023-01-30,https://www.tiktok.com/@tiktokybviral/video/7177975649834110214,17.5K,2161,1830,2022-12-17
tu la janji Jumanji,@anagikhun,Anaqi Khun BGDC ,22,0,2022-12-17,2023-01-30,https://www.tiktok.com/@tiktokybviral/video/7177975649834110214,17.5K,2161,1830,2022-12-17
"aku dah kabo, jgn pecaya, nak jugak percaya....ğŸ˜",@kejutartora,kejutartorafeberet ,6,0,2022-12-17,2023-01-30,https://www.tiktok.com/@tiktokybviral/video/7177975649834110214,17.5K,2161,1830,2022-12-17
walaun PN ni,@asmadyasmady,mady85 ,0,0,25m ago ,2023-01-30,https://www.tiktok.com/@tiktokybviral/video/7177975649834110214,17.5K,2161,1830,2022-12-17
"Sebab tu anwar bagi dia jadi menteri, nak tunjuk sikit. ğŸ˜‚",@naimlahhh,Naim Abdullah ,0,0,4h ago ,2023-01-30,https://www.tiktok.com/@tiktokybviral/video/7177975649834110214,17.5K,2161,1830,2022-12-17
bg rasa nk sgt msgÂ² nk dijdkan menteri..mne diorg semua dgn keadaan kita skrg????,@amryn._.martyna,ğŸ”™ğŸ’“NRChaHaYağŸ’“ğŸ”œ ,0,0,5h ago ,2023-01-30,https://www.tiktok.com/@tiktokybviral/video/7177975649834110214,17.5K,2161,1830,2022-12-17
Rakyat memilih ..PMX memilih ahli2 yg setia dgn dia ..so x heran lah sngat ..so tunggu PRN x lama jer lagi,@hayuanum,PeL4nG! $eNj4â¤ï¸â€ğŸ©¹ ,0,0,6h ago ,2023-01-30,https://www.tiktok.com/@tiktokybviral/video/7177975649834110214,17.5K,2161,1830,2022-12-17
"walaun PN je yg kecoh , rakyat ok je",@doodadjigger,doodadjigger ,0,0,18h ago ,2023-01-30,https://www.tiktok.com/@tiktokybviral/video/7177975649834110214,17.5K,2161,1830,2022-12-17
menteri hancing...bau petai....ğŸ˜…ğŸ˜…ğŸ˜…,@user5338434612575,user5338434612575matjenin74 ,0,0,2d ago ,2023-01-30,https://www.tiktok.com/@tiktokybviral/video/7177975649834110214,17.5K,2161,1830,2022-12-17
bng cuba cukur misai dgn sikat tepi....mcm rafizi..,@azimrahmanazimrah,Azim rahman Azim Rah ,0,0,2d ago ,2023-01-30,https://www.tiktok.com/@tiktokybviral/video/7177975649834110214,17.5K,2161,1830,2022-12-17
menteri kartun tu ka,@jasmakok6ua,Cikman ,0,0,2d ago ,2023-01-30,https://www.tiktok.com/@tiktokybviral/video/7177975649834110214,17.5K,2161,1830,2022-12-17
Hahaha..kena kencing berjemaah lagi ke tu? ğŸ˜‚ğŸ˜‚ğŸ˜‚,@boqbong2,Ntahapapantah ,1,0,2d ago ,2023-01-30,https://www.tiktok.com/@tiktokybviral/video/7177975649834110214,17.5K,2161,1830,2022-12-17
Popcorn mana popcorn? Drama baru start. 5 tahun lagi nak habis. ğŸ˜‚,@wahidaabdhalim,Wahida Abd Halim ,0,0,2d ago ,2023-01-30,https://www.tiktok.com/@tiktokybviral/video/7177975649834110214,17.5K,2161,1830,2022-12-17
@Rafizi sembang kariğŸ¤£ğŸ¤£putar belit ckup mau,@amyrulasyraf152,Amyrulâ¤ï¸nadiaâ¤ï¸qarlisyağŸ‘¶ğŸ» ,0,0,2d ago ,2023-01-30,https://www.tiktok.com/@tiktokybviral/video/7177975649834110214,17.5K,2161,1830,2022-12-17
ğŸ˜‚ğŸ˜‚ğŸ˜‚,@lumrahkehidupann,lumrah kehidupan ,0,0,2d ago ,2023-01-30,https://www.tiktok.com/@tiktokybviral/video/7177975649834110214,17.5K,2161,1830,2022-12-17
Bukan senang nk handle negara. jd pembangkang jauh lebih mudah dan popular,@nurniti,Iman Aini ğŸ ,0,0,2d ago ,2023-01-30,https://www.tiktok.com/@tiktokybviral/video/7177975649834110214,17.5K,2161,1830,2022-12-17
utk negara kne buang. prinsip,@azuanuaryzy,wan abadi ,0,0,3d ago ,2023-01-30,https://www.tiktok.com/@tiktokybviral/video/7177975649834110214,17.5K,2161,1830,2022-12-17
kerajaan YDPA,@pesembur,pesembur ,0,0,3d ago ,2023-01-30,https://www.tiktok.com/@tiktokybviral/video/7177975649834110214,17.5K,2161,1830,2022-12-17
pakar formula ğŸ¤£,@aaaiidil_,aidil ,0,0,3d ago ,2023-01-30,https://www.tiktok.com/@tiktokybviral/video/7177975649834110214,17.5K,2161,1830,2022-12-17
sapa yg tak puah hati ni mst org PN.,@wasmady,Addy ,0,0,3d ago ,2023-01-30,https://www.tiktok.com/@tiktokybviral/video/7177975649834110214,17.5K,2161,1830,2022-12-17
awak ada penyelesaian terbaik ker selain kerjasama umno & pH ?,@romanreza77,The primitive guy ,0,0,3d ago ,2023-01-30,https://www.tiktok.com/@tiktokybviral/video/7177975649834110214,17.5K,2161,1830,2022-12-17
@Rafizi boleh beri sepatah dua kata..,@dendangperantau88,ğ•‚ğ•šğ•¥ğ•’ ğ”¹ğ•–ğ•ğ•š ğ”¹ğ•–ğ•£ğ•’ğ•¤ ,0,0,3d ago ,2023-01-30,https://www.tiktok.com/@tiktokybviral/video/7177975649834110214,17.5K,2161,1830,2022-12-17
undilaaa lagi,@mikomiko1235,mikomiko1235 ,0,0,3d ago ,2023-01-30,https://www.tiktok.com/@tiktokybviral/video/7177975649834110214,17.5K,2161,1830,2022-12-17
ğŸ˜³,@lesrick7,Patrick Charles863 ,0,0,3d ago ,2023-01-30,https://www.tiktok.com/@tiktokybviral/video/7177975649834110214,17.5K,2161,1830,2022-12-17
haiii..sy dari masa depan..#TERDUDUK,@encik_ahmad,ğ—²ğ—»ğ—°ğ—¶ğ—¸_ğ—®ğ—µğ—ºğ—®ğ—± ,1,0,3d ago ,2023-01-30,https://www.tiktok.com/@tiktokybviral/video/7177975649834110214,17.5K,2161,1830,2022-12-17
ğŸ˜‚ğŸ˜‚,@eirah990,Eirah ,0,0,3d ago ,2023-01-30,https://www.tiktok.com/@tiktokybviral/video/7177975649834110214,17.5K,2161,1830,2022-12-17
simen Naik Harga Lagi..rumah pun akan ikut Naik harga.,@tarap_yghilang,tarapyghilang ,0,0,3d ago ,2023-01-30,https://www.tiktok.com/@tiktokybviral/video/7177975649834110214,17.5K,2161,1830,2022-12-17
"mna org ph, snyap smua",@ryo_subaki,Izzat Razali ,2,0,3d ago ,2023-01-30,https://www.tiktok.com/@tiktokybviral/video/7177975649834110214,17.5K,2161,1830,2022-12-17
betullll,@yepveslofx,Yepveslo ,0,0,3d ago ,2023-01-30,https://www.tiktok.com/@tiktokybviral/video/7177975649834110214,17.5K,2161,1830,2022-12-17
Bujang 100 kawin 300 okey tak tuu hahaha,@hairilsyafiq730,Mencari Jalan Allah ,2,0,3d ago ,2023-01-30,https://www.tiktok.com/@tiktokybviral/video/7177975649834110214,17.5K,2161,1830,2022-12-17
Tgh pk formula ape nok pakai,@mencarimimpi72,Razak72 ,1,0,3d ago ,2023-01-30,https://www.tiktok.com/@tiktokybviral/video/7177975649834110214,17.5K,2161,1830,2022-12-17
"@BğŸ…°ï¸NğŸ…°ï¸NğŸ…°ï¸ ğŸŒ jelas sikit bey,, kata ahli",@aachik72,á—©á‘•á•¼á†á¦ á”‘á•¼áªá‘­ ,0,0,4d ago ,2023-01-30,https://www.tiktok.com/@tiktokybviral/video/7177975649834110214,17.5K,2161,1830,2022-12-17
lama dahh x buat kann... kami layan movie luuğŸ¿ğŸ¿ğŸ˜‚,@sohaiionlyy,faris_01 ,0,0,4d ago ,2023-01-30,https://www.tiktok.com/@tiktokybviral/video/7177975649834110214,17.5K,2161,1830,2022-12-17
mne org2 ph tuğŸ¤£ğŸ¤£,@mohdazmeel719,Mohd Azmeel819 ,0,0,4d ago ,2023-01-30,https://www.tiktok.com/@tiktokybviral/video/7177975649834110214,17.5K,2161,1830,2022-12-17
walanon ckap rapiji pakar formula.. ğŸ˜‚ğŸ˜‚ğŸ˜‚ğŸ˜‚ğŸ˜‚,@awangbihung,mohamad fazree ,1,0,4d ago ,2023-01-30,https://www.tiktok.com/@tiktokybviral/video/7177975649834110214,17.5K,2161,1830,2022-12-17
Eh macai ph tgh kagum lagi tu,@kingnaiin,KingNain ,0,0,4d ago ,2023-01-30,https://www.tiktok.com/@tiktokybviral/video/7177975649834110214,17.5K,2161,1830,2022-12-17
@Rafizi tengok ni jangan tak tengok,@chxtects,Bosscha ,0,0,4d ago ,2023-01-30,https://www.tiktok.com/@tiktokybviral/video/7177975649834110214,17.5K,2161,1830,2022-12-17
sejak ph jadi kerajaan bukan kaleng2 dorg punya sembang..tin kosong..ğŸ˜…ğŸ˜…ğŸ˜…,@missjemahh,JEMAH ,0,0,4d ago ,2023-01-30,https://www.tiktok.com/@tiktokybviral/video/7177975649834110214,17.5K,2161,1830,2022-12-17
ingatkan Johan tadi dalam rancangan edisi khas... ter ber pun aduoi...,@jenfarfaso,Jen Sophea ,0,0,4d ago ,2023-01-30,https://www.tiktok.com/@tiktokybviral/video/7177975649834110214,17.5K,2161,1830,2022-12-17
oiiii u pergi tidur lahhh,@user2896651075165,user2896651075165 ,0,0,4d ago ,2023-01-30,https://www.tiktok.com/@tiktokybviral/video/7177975649834110214,17.5K,2161,1830,2022-12-17
senjata mkn diri,@belalangsate,belalangsate ,0,0,4d ago ,2023-01-30,https://www.tiktok.com/@tiktokybviral/video/7177975649834110214,17.5K,2161,1830,2022-12-17
tin ksong mnteri ni,@muhdsalihin5,ğŸ–¤ LELAKI HITAM MANIS ğŸ¥° ,0,0,4d ago ,2023-01-30,https://www.tiktok.com/@tiktokybviral/video/7177975649834110214,17.5K,2161,1830,2022-12-17
Kita bolehğŸ˜,@masyraaf77,Muhd Asyraaf ,0,0,4d ago ,2023-01-30,https://www.tiktok.com/@tiktokybviral/video/7177975649834110214,17.5K,2161,1830,2022-12-17
muka abg pun mcm rapiji,@jeck_fauzie,Jack Poji ,0,0,4d ago ,2023-01-30,https://www.tiktok.com/@tiktokybviral/video/7177975649834110214,17.5K,2161,1830,2022-12-17
ğŸ˜‚ğŸ˜‚ğŸ˜‚ğŸ˜‚ğŸ¤£ğŸ¤£ğŸ¤£ğŸ¤£,@azianmohamad1,Azian Mohamad ,0,0,4d ago ,2023-01-30,https://www.tiktok.com/@tiktokybviral/video/7177975649834110214,17.5K,2161,1830,2022-12-17
menteri bahagian tin Milo kosong tak pun tin serbuk Kari ğŸ˜‚ğŸ˜‚,@eddienurmiqaelrusdy,Eddie Nur miQael RusdyğŸ§¸ğŸŒˆ ,0,0,4d ago ,2023-01-30,https://www.tiktok.com/@tiktokybviral/video/7177975649834110214,17.5K,2161,1830,2022-12-17
mamat formula moden...,@syuk23,BLACK ,0,0,4d ago ,2023-01-30,https://www.tiktok.com/@tiktokybviral/video/7177975649834110214,17.5K,2161,1830,2022-12-17
kena banyak belajar lagi dia ni..ğŸ¤¦ğŸ¤¦ğŸ¤¦,@protonsilver,protonsilver ,0,0,5d ago ,2023-01-30,https://www.tiktok.com/@tiktokybviral/video/7177975649834110214,17.5K,2161,1830,2022-12-17
walanon basah kepala ğŸ˜,@hasfitri,hasfitri ,0,0,5d ago ,2023-01-30,https://www.tiktok.com/@tiktokybviral/video/7177975649834110214,17.5K,2161,1830,2022-12-17
Terlebih hebat begitulah jadi nya.,@khalidkhal53,khalidkhal53 ,0,0,5d ago ,2023-01-30,https://www.tiktok.com/@tiktokybviral/video/7177975649834110214,17.5K,2161,1830,2022-12-17
next pru anak muda akan sokong PNğŸ¤,@muhamad_nazrin93,@Muhamad Nazrin ,0,0,5d ago ,2023-01-30,https://www.tiktok.com/@tiktokybviral/video/7177975649834110214,17.5K,2161,1830,2022-12-17
ğŸ˜‚ğŸ˜‚ğŸ˜‚ğŸ˜‚tu Pon macai muah muahğŸ˜‚ğŸ˜‚,@fuzi911,fuzi911 ,1,0,5d ago ,2023-01-30,https://www.tiktok.com/@tiktokybviral/video/7177975649834110214,17.5K,2161,1830,2022-12-17
@Rafizi apa ni penat2 saya undi kau jd cmni pulk,@mrkom25,Kokomelon ,0,0,5d ago ,2023-01-30,https://www.tiktok.com/@tiktokybviral/video/7177975649834110214,17.5K,2161,1830,2022-12-17
tepat sekali,@shxrul77,RAKUSğŸ¦¸ ,0,0,5d ago ,2023-01-30,https://www.tiktok.com/@tiktokybviral/video/7177975649834110214,17.5K,2161,1830,2022-12-17
Biasa la menteri bila bercakap lembut gigi dri lidah....,@miemin_28,MiEMiN_28 ,0,0,5d ago ,2023-01-30,https://www.tiktok.com/@tiktokybviral/video/7177975649834110214,17.5K,2161,1830,2022-12-17
rambut betul ke tu,@xzulsm,XzulsğŸ˜ ,0,0,5d ago ,2023-01-30,https://www.tiktok.com/@tiktokybviral/video/7177975649834110214,17.5K,2161,1830,2022-12-17
ğŸ˜‚ğŸ˜‚ğŸ˜‚ğŸ˜‚ baru hangpa tauuuu,@itsmenorish,Norish_66 ,0,0,5d ago ,2023-01-30,https://www.tiktok.com/@tiktokybviral/video/7177975649834110214,17.5K,2161,1830,2022-12-17
rafizi terkejut kot tiba2 dilantik sbgai menteri ekonomi ğŸ˜ŠğŸ˜Š,@jebonlebon,jebon lebon ,0,0,5d ago ,2023-01-30,https://www.tiktok.com/@tiktokybviral/video/7177975649834110214,17.5K,2161,1830,2022-12-17
ğŸ˜³,@user3615387297273to,user3615387297273tokki ,0,0,5d ago ,2023-01-30,https://www.tiktok.com/@tiktokybviral/video/7177975649834110214,17.5K,2161,1830,2022-12-17
itu wa setuju,@askarmahadi,Tentera Imam Mahadi ,0,0,5d ago ,2023-01-30,https://www.tiktok.com/@tiktokybviral/video/7177975649834110214,17.5K,2161,1830,2022-12-17
Hidup najib,@upin781,YuZaRsiF ,1,0,5d ago ,2023-01-30,https://www.tiktok.com/@tiktokybviral/video/7177975649834110214,17.5K,2161,1830,2022-12-17
ğŸ˜,@mantapkalikau,mantapkali ,0,0,6d ago ,2023-01-30,https://www.tiktok.com/@tiktokybviral/video/7177975649834110214,17.5K,2161,1830,2022-12-17
"ğŸ˜‚ğŸ˜‚ğŸ˜‚
semua boleh....skrg apa pun x bleh",@putet_don,Sazali Md Shehweli ,0,0,6d ago ,2023-01-30,https://www.tiktok.com/@tiktokybviral/video/7177975649834110214,17.5K,2161,1830,2022-12-17
kami tau lama dah aihhhhh,@user6625243886050,user6625243886050 ,0,0,6d ago ,2023-01-30,https://www.tiktok.com/@tiktokybviral/video/7177975649834110214,17.5K,2161,1830,2022-12-17
kerajaan perpaduan bukan kerajaan ph BN pn atau parti2 lain? cuba faham,@miejamal74,miejamal74 ,0,0,6d ago ,2023-01-30,https://www.tiktok.com/@tiktokybviral/video/7177975649834110214,17.5K,2161,1830,2022-12-17
haha hancing,@is_kawa95,Muhammad Ishraf ,0,0,6d ago ,2023-01-30,https://www.tiktok.com/@tiktokybviral/video/7177975649834110214,17.5K,2161,1830,2022-12-17
dah agak dari dulu..,@anies606,CikAnies ,0,0,6d ago ,2023-01-30,https://www.tiktok.com/@tiktokybviral/video/7177975649834110214,17.5K,2161,1830,2022-12-17
aku ok je. sokongan aku tetap- macam biasa,@teeny7121,Hartini Hashim941 ,0,0,6d ago ,2023-01-30,https://www.tiktok.com/@tiktokybviral/video/7177975649834110214,17.5K,2161,1830,2022-12-17
sebelum & selepas ğŸ˜‚,@musafirtua1206,Abam Follow Ajer ,0,0,6d ago ,2023-01-30,https://www.tiktok.com/@tiktokybviral/video/7177975649834110214,17.5K,2161,1830,2022-12-17
org PN jaaa ...yg meroyan.,@baeart69,baeart69 ,1,0,6d ago ,2023-01-30,https://www.tiktok.com/@tiktokybviral/video/7177975649834110214,17.5K,2161,1830,2022-12-17
ğŸ˜³,@riena889,Riena Abu ,0,0,6d ago ,2023-01-30,https://www.tiktok.com/@tiktokybviral/video/7177975649834110214,17.5K,2161,1830,2022-12-17
"rasanya walaun yg meroyan hari hari tak puas hati, ph ok ja la",@zuluy245,kencanabiru ,1,0,6d ago ,2023-01-30,https://www.tiktok.com/@tiktokybviral/video/7177975649834110214,17.5K,2161,1830,2022-12-17
paling di sayangi macaiğŸ˜‚,@tebuantanah2,t-rexğŸ‡²ğŸ‡¾ ,2,0,6d ago ,2023-01-30,https://www.tiktok.com/@tiktokybviral/video/7177975649834110214,17.5K,2161,1830,2022-12-17
Betul bea....ğŸ˜‚,@sharfmin,$h@rfminÂ®âœ“ ,0,0,6d ago ,2023-01-30,https://www.tiktok.com/@tiktokybviral/video/7177975649834110214,17.5K,2161,1830,2022-12-17
Pijii ada formula....hg ada kağŸ˜‚,@fadzil11469,SilverArrow69 ,2,0,6d ago ,2023-01-30,https://www.tiktok.com/@tiktokybviral/video/7177975649834110214,17.5K,2161,1830,2022-12-17
YB tak bley pakai,@otakseminit123,Otak Seminit ,1,0,6d ago ,2023-01-30,https://www.tiktok.com/@tiktokybviral/video/7177975649834110214,17.5K,2161,1830,2022-12-17
sapa doh abg ni kembar Rafizi keğŸ˜…suara mcm nk sama dh,@hajimefath4,FathiAjime ,0,0,6d ago ,2023-01-30,https://www.tiktok.com/@tiktokybviral/video/7177975649834110214,17.5K,2161,1830,2022-12-17
aq nak popcorn...panjang lg ph punya drama niğŸ˜‚ğŸ˜‚,@azrul_nasir,azrul ,1,0,1w ago ,2023-01-30,https://www.tiktok.com/@tiktokybviral/video/7177975649834110214,17.5K,2161,1830,2022-12-17
ulaq kapakkk tuuuğŸ˜‚ğŸ˜‚,@kakirayauu,KakiRayau ,1,0,1w ago ,2023-01-30,https://www.tiktok.com/@tiktokybviral/video/7177975649834110214,17.5K,2161,1830,2022-12-17
bolehlah dari tak ada,@arrasidsaid,Ar Rasid Said ,0,0,1w ago ,2023-01-30,https://www.tiktok.com/@tiktokybviral/video/7177975649834110214,17.5K,2161,1830,2022-12-17
ğŸ¥°putar alam now terbaik,@junaidibinmatdesa,anak desa ,1,0,1w ago ,2023-01-30,https://www.tiktok.com/@tiktokybviral/video/7177975649834110214,17.5K,2161,1830,2022-12-17
mf ckp bang.wajah abg mcm iras2 rafizi.klu abg cukur janggut n misai mcm rafizi btl..ğŸ˜…,@supersonic1021,Geng@BaekğŸ¤¨ ,0,0,1w ago ,2023-01-30,https://www.tiktok.com/@tiktokybviral/video/7177975649834110214,17.5K,2161,1830,2022-12-17
Rakyat dah kena gameeee,@mohdjasry1974,mohdjasry1974 ,0,0,1w ago ,2023-01-30,https://www.tiktok.com/@tiktokybviral/video/7177975649834110214,17.5K,2161,1830,2022-12-17
semua kerna kuasa,@azley6181,Azley6181 ,0,0,1w ago ,2023-01-30,https://www.tiktok.com/@tiktokybviral/video/7177975649834110214,17.5K,2161,1830,2022-12-17
ini semua psl jawatan,@tricktokzakaria,ZAKARIA91 ,0,0,1w ago ,2023-01-30,https://www.tiktok.com/@tiktokybviral/video/7177975649834110214,17.5K,2161,1830,2022-12-17
hutang negara terlalu melambung tinggi,@aminkoro72,aminkoro908 ,0,0,1w ago ,2023-01-30,https://www.tiktok.com/@tiktokybviral/video/7177975649834110214,17.5K,2161,1830,2022-12-17
pn je,@johari_29tmjoe,TheManiacJoe ,1,0,1w ago ,2023-01-30,https://www.tiktok.com/@tiktokybviral/video/7177975649834110214,17.5K,2161,1830,2022-12-17
bak kata tok mat - DAP tidak bermuka2ğŸ˜‚ğŸ˜‚,@_miorr,_M I O R ,0,0,1w ago ,2023-01-30,https://www.tiktok.com/@tiktokybviral/video/7177975649834110214,17.5K,2161,1830,2022-12-17
yb celup tepung,@puteribalqis17_,puteribalqis ,2,0,1w ago ,2023-01-30,https://www.tiktok.com/@tiktokybviral/video/7177975649834110214,17.5K,2161,1830,2022-12-17
"Ini lah ujian kita, sekali lagi kena hancing, lihat ada pm kisah hal rakyat tuntut kwsp, yg ada adalah dendam lingkup la malasie",@khairulnizamkha7,Khairulnizam 78 ,2,0,1w ago ,2023-01-30,https://www.tiktok.com/@tiktokybviral/video/7177975649834110214,17.5K,2161,1830,2022-12-17
"Cerita ini itu, tetap undi mereka banyak hari tu",@paklong9978,Paklong9978 ,0,0,1w ago ,2023-01-30,https://www.tiktok.com/@tiktokybviral/video/7177975649834110214,17.5K,2161,1830,2022-12-17
rafizi pembakang terbaikkkk kerajaan kelaut,@zamrichemat82,Zam ,0,0,1w ago ,2023-01-30,https://www.tiktok.com/@tiktokybviral/video/7177975649834110214,17.5K,2161,1830,2022-12-17
dah dapat sedekah ğŸ˜†,@b3n878,b3N501 ,0,0,1w ago ,2023-01-30,https://www.tiktok.com/@tiktokybviral/video/7177975649834110214,17.5K,2161,1830,2022-12-17
@Rafizi hai sy dtg dri masa depan kah kah kah kah,@kelvintan457,kelvin tan 6055 ,0,0,1w ago ,2023-01-30,https://www.tiktok.com/@tiktokybviral/video/7177975649834110214,17.5K,2161,1830,2022-12-17
fizi lemon dan mat sabun lebih kurang,@ebbysyaifullah,Ebby 5âƒ£5âƒ£ ,1,0,1w ago ,2023-01-30,https://www.tiktok.com/@tiktokybviral/video/7177975649834110214,17.5K,2161,1830,2022-12-17
tu yg lyak rkyat pgil,@fizitora89,fizitora89 ,1,0,1w ago ,2023-01-30,https://www.tiktok.com/@tiktokybviral/video/7177975649834110214,17.5K,2161,1830,2022-12-17
kencing lebih nk moriti lebih ğŸ˜‚ğŸ˜‚,@kamdikamdi511,Kamdi Kamdi511 ,2,0,1w ago ,2023-01-30,https://www.tiktok.com/@tiktokybviral/video/7177975649834110214,17.5K,2161,1830,2022-12-17
Sokong mkin mluat aku dgn mntrini,@nailmaju,nailmaju ,0,0,1w ago ,2023-01-30,https://www.tiktok.com/@tiktokybviral/video/7177975649834110214,17.5K,2161,1830,2022-12-17
kira kencing jugak lah tu,@banggetaceq,Bangget Aceq ,1,0,1w ago ,2023-01-30,https://www.tiktok.com/@tiktokybviral/video/7177975649834110214,17.5K,2161,1830,2022-12-17
ğŸ˜‚ğŸ˜‚ğŸ˜‚.....kaki spin ...susah nak percaya dia Tu ....,@nurehsan69,Nurehsan69@shop ,0,0,1w ago ,2023-01-30,https://www.tiktok.com/@tiktokybviral/video/7177975649834110214,17.5K,2161,1830,2022-12-17
Dah jangka dah ğŸ˜…ğŸ˜…ğŸ˜…ğŸ˜…,@kameksitoksinun,CoolMool ,0,0,1w ago ,2023-01-30,https://www.tiktok.com/@tiktokybviral/video/7177975649834110214,17.5K,2161,1830,2022-12-17
hidup rafiziğŸ˜‚,@glorinetia,glorinetia ,0,0,1w ago ,2023-01-30,https://www.tiktok.com/@tiktokybviral/video/7177975649834110214,17.5K,2161,1830,2022-12-17
kasi bungkus ph bn sblm pru16 ğŸ˜‚,@zhariftruckers6713,Zharif Truckers Besut ,1,0,1w ago ,2023-01-30,https://www.tiktok.com/@tiktokybviral/video/7177975649834110214,17.5K,2161,1830,2022-12-17
ğŸ˜‚ğŸ˜‚ğŸ˜‚ğŸ˜‚...,@sham_859,sham_859 ,0,0,1w ago ,2023-01-30,https://www.tiktok.com/@tiktokybviral/video/7177975649834110214,17.5K,2161,1830,2022-12-17
Sembang kencang jeee...,@alokman2605,AlokMan ,0,0,1w ago ,2023-01-30,https://www.tiktok.com/@tiktokybviral/video/7177975649834110214,17.5K,2161,1830,2022-12-17
nasib baek x sokong..,@taafareha,taafareha ,0,0,1w ago ,2023-01-30,https://www.tiktok.com/@tiktokybviral/video/7177975649834110214,17.5K,2161,1830,2022-12-17
king off formulağŸ˜ğŸ˜ğŸ˜,@khairulizwari,khairul izwari ,0,0,1w ago ,2023-01-30,https://www.tiktok.com/@tiktokybviral/video/7177975649834110214,17.5K,2161,1830,2022-12-17
Cemuhan rakyat PN ğŸ˜‚ğŸ˜‚ğŸ˜‚,@eagleflyhigh7,Metoo ,0,0,1w ago ,2023-01-30,https://www.tiktok.com/@tiktokybviral/video/7177975649834110214,17.5K,2161,1830,2022-12-17
YA BETUL TU BRO,@misteri3600,MISTERI ,0,0,1w ago ,2023-01-30,https://www.tiktok.com/@tiktokybviral/video/7177975649834110214,17.5K,2161,1830,2022-12-17
jason king,@rojiihusin,rojiihusin ,0,0,1w ago ,2023-01-30,https://www.tiktok.com/@tiktokybviral/video/7177975649834110214,17.5K,2161,1830,2022-12-17
sudahÂ² lah berpolitik..sekarang masa kita nak memakmurkan negara,@willsean5587,WAS ,0,0,1w ago ,2023-01-30,https://www.tiktok.com/@tiktokybviral/video/7177975649834110214,17.5K,2161,1830,2022-12-17
ğŸ˜ğŸ˜ğŸ˜ğŸ˜,@nieydazam01,akumcmnilahâœŒï¸ ,0,0,1w ago ,2023-01-30,https://www.tiktok.com/@tiktokybviral/video/7177975649834110214,17.5K,2161,1830,2022-12-17
yb bongo ni,@judekester,JAGUS MENTAH ,0,0,1w ago ,2023-01-30,https://www.tiktok.com/@tiktokybviral/video/7177975649834110214,17.5K,2161,1830,2022-12-17
x ada peranan rafizi ni,@suhaimemahamood,Suhaime Mahamood ,1,0,1w ago ,2023-01-30,https://www.tiktok.com/@tiktokybviral/video/7177975649834110214,17.5K,2161,1830,2022-12-17
2x5 rapizi anwar,@beardnbrain,Your Habibi ,1,0,1w ago ,2023-01-30,https://www.tiktok.com/@tiktokybviral/video/7177975649834110214,17.5K,2161,1830,2022-12-17
DSN the best ecomiest,@coachfiteda,Kak Eda ,2,0,1w ago ,2023-01-30,https://www.tiktok.com/@tiktokybviral/video/7177975649834110214,17.5K,2161,1830,2022-12-17
kaki pusing..ini..hati2 kawan..,@firdaus.865,Mhd.firdaus ,1,0,1w ago ,2023-01-30,https://www.tiktok.com/@tiktokybviral/video/7177975649834110214,17.5K,2161,1830,2022-12-17
ğŸ˜‚ğŸ˜‚ğŸ˜‚ğŸ˜‚ğŸ˜‚,@achik230,ğŸ„°ğŸ„´ğŸ„¹ğŸ„°ğŸ…ˆÂ® ,0,0,1w ago ,2023-01-30,https://www.tiktok.com/@tiktokybviral/video/7177975649834110214,17.5K,2161,1830,2022-12-17
kesinambungan 22 bulan .....agenda 2030â€¦ u all jangan lupa,@salhalotelco,Sally Na ,0,0,1w ago ,2023-01-30,https://www.tiktok.com/@tiktokybviral/video/7177975649834110214,17.5K,2161,1830,2022-12-17
pilih la lagi.....,@jaiilegend,ã‚¸ãƒ£ã‚¤ ,1,0,1w ago ,2023-01-30,https://www.tiktok.com/@tiktokybviral/video/7177975649834110214,17.5K,2161,1830,2022-12-17
tanya bank negara,@goflif,imandinner ,1,0,1w ago ,2023-01-30,https://www.tiktok.com/@tiktokybviral/video/7177975649834110214,17.5K,2161,1830,2022-12-17
Yb Rafizi bila jadi pembangkang memang terbaik...,@azharsaad64,Azhar Saad637 ,0,0,1w ago ,2023-01-30,https://www.tiktok.com/@tiktokybviral/video/7177975649834110214,17.5K,2161,1830,2022-12-17
ğ’–ğ’ğ’…ğ’Š ğ’ğ’‚ğ’‰ ğ’ğ’‚ğ’ˆğ’Š ğ‘·ğ‘¯....ğ’‹ğ’‚ğ’ğ’‹ğ’Š ğ’ğ’‚ğ’ğ’Šğ’” ğ’‹ğ’†ğ’“....,@mramliliezzs,mramliliezzs ,3,0,1w ago ,2023-01-30,https://www.tiktok.com/@tiktokybviral/video/7177975649834110214,17.5K,2161,1830,2022-12-17
netizen semua kena kencing ...kita tgok netizen yg kuat ker..atau kerajaan...baru.....selalunya netizen blh gulingkan kerajaan yg kuat kencing ni..ğŸ˜,@zacksjibril,Aljickra Ismail ,3,0,1w ago ,2023-01-30,https://www.tiktok.com/@tiktokybviral/video/7177975649834110214,17.5K,2161,1830,2022-12-17
Rafizi Ok jer . menteri2 PH sdang dlm usaha memulihkn ekonomi yg merudum semasa PN...mengukuhkn rngit Msia Dan menarik pelabur ..yg byk lari sblum ni,@user80500774446284,user80500774446284 ,0,0,1w ago ,2023-01-30,https://www.tiktok.com/@tiktokybviral/video/7177975649834110214,17.5K,2161,1830,2022-12-17
"baru sedar ke, ğŸ˜ğŸ˜",@seroja808,seroja80 ,0,0,1w ago ,2023-01-30,https://www.tiktok.com/@tiktokybviral/video/7177975649834110214,17.5K,2161,1830,2022-12-17
hadir surpport,@papaselamber,papa selamber ,0,0,1w ago ,2023-01-30,https://www.tiktok.com/@tiktokybviral/video/7177975649834110214,17.5K,2161,1830,2022-12-17
hurrmmmm....hangswang,@fuzzyzkey,ğ•†ğ”¾ğ”¾ğ•@ğ“¶ğ“»ğ“•ğ“¾ğ”ƒğ”ƒğ“¨ ,0,0,1-22,2023-01-30,https://www.tiktok.com/@tiktokybviral/video/7177975649834110214,17.5K,2161,1830,2022-12-17
p ramlee pernah berkata..,@jati_nitar,jati_nitar ,0,0,1-22,2023-01-30,https://www.tiktok.com/@tiktokybviral/video/7177975649834110214,17.5K,2161,1830,2022-12-17
kahhh kahhh kahhhhh pada muka kne kencing lgğŸ˜‚ğŸ˜‚ğŸ˜‚,@87jacklumbo0,pemburuselat87 ,0,0,1-22,2023-01-30,https://www.tiktok.com/@tiktokybviral/video/7177975649834110214,17.5K,2161,1830,2022-12-17
ph terbaikğŸ¥°,@28_liberty,Wisdom_SS ,0,0,1-22,2023-01-30,https://www.tiktok.com/@tiktokybviral/video/7177975649834110214,17.5K,2161,1830,2022-12-17
ğŸ˜‚ğŸ˜‚ğŸ˜‚,@maaweei,Maawee ,0,0,1-22,2023-01-30,https://www.tiktok.com/@tiktokybviral/video/7177975649834110214,17.5K,2161,1830,2022-12-17
cehh sekali pn aku x pernah pujiğŸ˜‚ğŸ˜‚ğŸ˜‚,@ohm_zul,user5501866124279 ,0,0,1-22,2023-01-30,https://www.tiktok.com/@tiktokybviral/video/7177975649834110214,17.5K,2161,1830,2022-12-17
ğŸ˜‚ğŸ˜‚ğŸ˜‚ğŸ˜‚ğŸ˜‚ğŸ˜‚ğŸ˜‚,@ayoh_engku_milie,Ayohengku enterprise ,1,0,1-22,2023-01-30,https://www.tiktok.com/@tiktokybviral/video/7177975649834110214,17.5K,2161,1830,2022-12-17
aku mmg dh lame xgemo ngn 2 mambang nih..1 ni mambang ijo..1 lg mambang kunin..ğŸ¤£ğŸ¤£ğŸ¤£ğŸ¤£,@dilamael25,Dila Mael ,0,0,1-22,2023-01-30,https://www.tiktok.com/@tiktokybviral/video/7177975649834110214,17.5K,2161,1830,2022-12-17
HEBAT ğŸ‘ğŸ‘ğŸ‘,@november_122022,November ,1,0,1-22,2023-01-30,https://www.tiktok.com/@tiktokybviral/video/7177975649834110214,17.5K,2161,1830,2022-12-17
Byk korupsi politik malaysia ni.,@knightgladiolus,ZarulNamaKuğŸ«¥ ,0,0,1-22,2023-01-30,https://www.tiktok.com/@tiktokybviral/video/7177975649834110214,17.5K,2161,1830,2022-12-17
pakatan hancur,@user1248516338221,user1248516338221 ,0,0,1-21,2023-01-30,https://www.tiktok.com/@tiktokybviral/video/7177975649834110214,17.5K,2161,1830,2022-12-17
sapa la yg undi rafizi ni baik undi ayah pin laağŸ˜‚ğŸ˜‚,@udin_hussin9,Kot_mungğŸ‘¿ ,0,0,1-21,2023-01-30,https://www.tiktok.com/@tiktokybviral/video/7177975649834110214,17.5K,2161,1830,2022-12-17
Kejayaan Fizi tu bukanya nampak terus mcm menteri lain.nanti kita nampaklah hasilnya.sabar dan tenang.,@nadi.anaqi,Chipsmore ,2,0,1-20,2023-01-30,https://www.tiktok.com/@tiktokybviral/video/7177975649834110214,17.5K,2161,1830,2022-12-17
walaun ja anginğŸ˜‚,@ponnnaim45,ponnnaim45 ,2,0,1-19,2023-01-30,https://www.tiktok.com/@tiktokybviral/video/7177975649834110214,17.5K,2161,1830,2022-12-17
Rafizi terbaik,@roslenbai0,user23659347496 ,0,0,1-19,2023-01-30,https://www.tiktok.com/@tiktokybviral/video/7177975649834110214,17.5K,2161,1830,2022-12-17
yg hentam tu walaun jeğŸ˜…,@bungadaisy123,eagle eye ,3,0,1-19,2023-01-30,https://www.tiktok.com/@tiktokybviral/video/7177975649834110214,17.5K,2161,1830,2022-12-17
"Tak bole ke menteri2 yg bagus and bt kerja bergabung bt satu pakatan,xkisah dri pn,bn and ph. Baru best and sokong",@deengafri14,IchimaruDin ,1,0,1-19,2023-01-30,https://www.tiktok.com/@tiktokybviral/video/7177975649834110214,17.5K,2161,1830,2022-12-17
takdir & balasan Allah itu pasti ....ko nal lwn sape,@noorlizaghaz,noorlizaghaz ,1,0,1-18,2023-01-30,https://www.tiktok.com/@tiktokybviral/video/7177975649834110214,17.5K,2161,1830,2022-12-17
jawab dia makin tebelit lh,@sah_icah,saaa. ,0,0,1-18,2023-01-30,https://www.tiktok.com/@tiktokybviral/video/7177975649834110214,17.5K,2161,1830,2022-12-17
Alhamdulillah...satu persatu berbalik kepada mereka dan pentaksub2 mereka..rakyat dah semakin bijak menilai..PN BEST!!,@ilmardhom,kamikamudepa ,0,0,1-18,2023-01-30,https://www.tiktok.com/@tiktokybviral/video/7177975649834110214,17.5K,2161,1830,2022-12-17
cakap je koni hang tengok la nanti...,@muslibakri,muslibakri ,0,0,1-18,2023-01-30,https://www.tiktok.com/@tiktokybviral/video/7177975649834110214,17.5K,2161,1830,2022-12-17
baru nak sedar siapa itu rafizi....hahaha...,@fadilabdullah16,Fadil Abdullah ,0,0,1-18,2023-01-30,https://www.tiktok.com/@tiktokybviral/video/7177975649834110214,17.5K,2161,1830,2022-12-17
cai menangis bucu katil ğŸ˜‚,@fhazrulsalleh,Fhazrul Salleh ,0,0,1-17,2023-01-30,https://www.tiktok.com/@tiktokybviral/video/7177975649834110214,17.5K,2161,1830,2022-12-17
ini PN punya bias comment,@steventongjl,Steve ,0,0,1-17,2023-01-30,https://www.tiktok.com/@tiktokybviral/video/7177975649834110214,17.5K,2161,1830,2022-12-17
PN takut kena dakwa Rm 92.5 billion,@johnpatan3,jp ,0,0,1-17,2023-01-30,https://www.tiktok.com/@tiktokybviral/video/7177975649834110214,17.5K,2161,1830,2022-12-17
"kiki. Stedy repizi. Tgh fikir formula baru turunkan harga kereta, telur dan lain2 ke.",@pok_liey93,Mohamad Zulfazli ,0,0,1-17,2023-01-30,https://www.tiktok.com/@tiktokybviral/video/7177975649834110214,17.5K,2161,1830,2022-12-17
"dah dah la tu kita rakyat nk lagaÂ² kn pemimpin, bg la diorg buat kerja dulu, bg la setahun pastu baru la bantai",@khairulamran8383,Khairulamran Hidayah ,0,0,1-17,2023-01-30,https://www.tiktok.com/@tiktokybviral/video/7177975649834110214,17.5K,2161,1830,2022-12-17
pandan mesti dh maju sbb dorg pilih menteri formula..ğŸ¤£ğŸ¤£,@are_ziq1,Areziq_Btta ,0,0,1-17,2023-01-30,https://www.tiktok.com/@tiktokybviral/video/7177975649834110214,17.5K,2161,1830,2022-12-17
mat formula lautğŸ˜…ğŸ˜‚,@lah_gempur,M R ,0,0,1-17,2023-01-30,https://www.tiktok.com/@tiktokybviral/video/7177975649834110214,17.5K,2161,1830,2022-12-17
âœ…,@ustazhisham,UstazHishamuddin ,0,0,1-17,2023-01-30,https://www.tiktok.com/@tiktokybviral/video/7177975649834110214,17.5K,2161,1830,2022-12-17
asal cara cakap samağŸ˜‚,@mirulams,Mirul Ams ,1,0,1-17,2023-01-30,https://www.tiktok.com/@tiktokybviral/video/7177975649834110214,17.5K,2161,1830,2022-12-17
kene kncing..hancing,@jabowakiez,muhammad naufal   ,1,0,1-17,2023-01-30,https://www.tiktok.com/@tiktokybviral/video/7177975649834110214,17.5K,2161,1830,2022-12-17
poket sendiri makin penuh,@tok_belantara,tok_belantara ,1,0,1-17,2023-01-30,https://www.tiktok.com/@tiktokybviral/video/7177975649834110214,17.5K,2161,1830,2022-12-17
adik beradik mb ganu ke?,@suriaash,suriaash ,0,0,1-17,2023-01-30,https://www.tiktok.com/@tiktokybviral/video/7177975649834110214,17.5K,2161,1830,2022-12-17
ğŸ˜‚ğŸ˜‚ğŸ˜‚,@pakwan364,pak wan ,0,0,1-17,2023-01-30,https://www.tiktok.com/@tiktokybviral/video/7177975649834110214,17.5K,2161,1830,2022-12-17
betul kaa..yg sampah tu..jadi kerajaan tebuk atap 30 bulan,@berkata_benar,ahmad ,0,0,1-17,2023-01-30,https://www.tiktok.com/@tiktokybviral/video/7177975649834110214,17.5K,2161,1830,2022-12-17
rafizi insan ajaib pakar segala pakar ğŸ˜‚ğŸ˜‚ğŸ˜‚ğŸ˜‚,@yunusdinkebabooon,Yunusdin Din ,2,0,1-17,2023-01-30,https://www.tiktok.com/@tiktokybviral/video/7177975649834110214,17.5K,2161,1830,2022-12-17
"sekarang kita tgk, adakah kes mahkamah zahid akan lenyap atau diteruskan...",@abang_shah_,Abang SHAH ,1,0,1-17,2023-01-30,https://www.tiktok.com/@tiktokybviral/video/7177975649834110214,17.5K,2161,1830,2022-12-17
Abg je x move on lg niâ€¦,@saudagar.ikan.segar,Mohd Shukri ,1,0,1-17,2023-01-30,https://www.tiktok.com/@tiktokybviral/video/7177975649834110214,17.5K,2161,1830,2022-12-17
ingat sedara2 smua..klau la gbungan pnyamun ini brlku..saya la org prtma yg akn mnentangnya,@jojaburgerempire,@jojaBurgerEmpire ,0,0,1-17,2023-01-30,https://www.tiktok.com/@tiktokybviral/video/7177975649834110214,17.5K,2161,1830,2022-12-17
"yg dimaksudkan pakatan dgn bn untuk pru, lepas pru dah xde yg menang, xkn nk suruh bainun pulak yg memerintah",@zulfadli_maslam,zlfdli_ ,0,0,1-17,2023-01-30,https://www.tiktok.com/@tiktokybviral/video/7177975649834110214,17.5K,2161,1830,2022-12-17
ini laaa politik ckp lain buat lain...mmg mcm ni laa org nk jd pemerintah,@along_ariff,Along_Ariff ,0,0,1-17,2023-01-30,https://www.tiktok.com/@tiktokybviral/video/7177975649834110214,17.5K,2161,1830,2022-12-17
lapizi sesuai jadi pembangkang,@ibnuyusuf17,ibnuyusuf17 ,0,0,1-16,2023-01-30,https://www.tiktok.com/@tiktokybviral/video/7177975649834110214,17.5K,2161,1830,2022-12-17
ğŸ˜‚ğŸ˜‚ğŸ˜‚,@catmalek06,catmalek06 ,0,0,1-16,2023-01-30,https://www.tiktok.com/@tiktokybviral/video/7177975649834110214,17.5K,2161,1830,2022-12-17
"Kata Fizi.. Tugas kita hasut rkyat, Kita hasut rakyat tiapÂ² hari sebab nak jatuhkan Umno.. Sehelai rambut Rosmah pun boleh kita jadikan isu.",@amirraaxz,user3119408569592 ,2,0,1-16,2023-01-30,https://www.tiktok.com/@tiktokybviral/video/7177975649834110214,17.5K,2161,1830,2022-12-17
piji bekap bos...klu bos salah langkah...piji yg tukang spinğŸ˜‚...pastu buat isu bagi fokus org lari...,@miyogyver,Meiyosan ,0,0,1-16,2023-01-30,https://www.tiktok.com/@tiktokybviral/video/7177975649834110214,17.5K,2161,1830,2022-12-17
yb pandan ..dlu berapi2 bongkar sana sni skg apa sdh jd...snyap mbisu tntng amno..ğŸ¤”PRK ni tw la korg..org undi ph utk jtuhkn amno bkn utk jdkn mrk kr,@sam_shulanua20,sam^samsulAnuâˆ†Â°Â°^ ,3,0,1-16,2023-01-30,https://www.tiktok.com/@tiktokybviral/video/7177975649834110214,17.5K,2161,1830,2022-12-17
mmg pon .....ğŸ¤­âœŒğŸ»,@henchekacap,asyraf.nasir ,1,0,1-15,2023-01-30,https://www.tiktok.com/@tiktokybviral/video/7177975649834110214,17.5K,2161,1830,2022-12-17
"ğ™€ğ™¥ğ™ğ™¨ğ™¤ğ™™ğ™š
ğ™€ğ™Ÿğ™šğ™£
ğ˜¿ğ˜¼ğ™…'ğ™…ğ˜¼ğ™‡
ğ˜¼ğ™‡-ğ™ˆğ˜¼ğ™ğ™„ğ™ƒ
ğ™—ğ™šğ™§ğ™¢ğ™ªğ™¡ğ™–.....",@brosk68x,ğ˜½ğ™§ğ™¤ğ™ğ™†68ğ™“ ,1,0,1-15,2023-01-30,https://www.tiktok.com/@tiktokybviral/video/7177975649834110214,17.5K,2161,1830,2022-12-17
ğŸ˜‚,@azmanibai,azmanibai ,0,0,1-15,2023-01-30,https://www.tiktok.com/@tiktokybviral/video/7177975649834110214,17.5K,2161,1830,2022-12-17
ğŸ˜³ğŸ˜‚ğŸ˜,@mrdons5855,mrdons ,0,0,1-15,2023-01-30,https://www.tiktok.com/@tiktokybviral/video/7177975649834110214,17.5K,2161,1830,2022-12-17
YB BY RIGHTğŸ™‰,@wojak.my,white ,0,0,1-15,2023-01-30,https://www.tiktok.com/@tiktokybviral/video/7177975649834110214,17.5K,2161,1830,2022-12-17
@Rafizi ğŸ˜‚ğŸ˜‚,@abg.jam,Abg Jem ,0,0,1-15,2023-01-30,https://www.tiktok.com/@tiktokybviral/video/7177975649834110214,17.5K,2161,1830,2022-12-17
nak realiti yg akhirnya iaitu ph jadi kerajaan. macam mana ia berlaku tidak lagi begitu penting.,@w.y2381,W.Y ,1,0,1-15,2023-01-30,https://www.tiktok.com/@tiktokybviral/video/7177975649834110214,17.5K,2161,1830,2022-12-17
ğŸ˜³,@juliaabt276,juliaabt276 ,0,0,1-14,2023-01-30,https://www.tiktok.com/@tiktokybviral/video/7177975649834110214,17.5K,2161,1830,2022-12-17
dah rakyat Malaysia yang pilih jadi terima lah dengan hati yang gembira,@muhammaddaudmasod,muhammaddaudmasod ,0,0,1-14,2023-01-30,https://www.tiktok.com/@tiktokybviral/video/7177975649834110214,17.5K,2161,1830,2022-12-17
di msia ni politikus yg betul2 bkrja ikhlas utk rkyat bole kira ngn jari sbelah tngn! sudahlaaaa,@appa_masbro,user40039340070171 ,1,0,1-14,2023-01-30,https://www.tiktok.com/@tiktokybviral/video/7177975649834110214,17.5K,2161,1830,2022-12-17
ğŸ‘€ğŸ‘€ğŸ‘€,@zziezzul,azizulkifli ,0,0,1-13,2023-01-30,https://www.tiktok.com/@tiktokybviral/video/7177975649834110214,17.5K,2161,1830,2022-12-17
tu laaa..dah tau piji penyangak yg doj percya tu kenapa...dh kna dah..kna jjual dgn penyangak haha,@hafizminat0,Hafiz MinaTo ,1,0,1-12,2023-01-30,https://www.tiktok.com/@tiktokybviral/video/7177975649834110214,17.5K,2161,1830,2022-12-17
"lempar batu sembunyi tgn
jahat",@hailan1234,nani ,0,0,1-12,2023-01-30,https://www.tiktok.com/@tiktokybviral/video/7177975649834110214,17.5K,2161,1830,2022-12-17
RR pakar putar alam...,@halilzouq,halilzouq ,0,0,1-11,2023-01-30,https://www.tiktok.com/@tiktokybviral/video/7177975649834110214,17.5K,2161,1830,2022-12-17
sebab rakyat sng UTURN....so korek dalam sedalam....jgn cpt....,@bahari603,baha ,0,0,1-10,2023-01-30,https://www.tiktok.com/@tiktokybviral/video/7177975649834110214,17.5K,2161,1830,2022-12-17
....kini baru ko sedar,@azharabdrazak1,azharabdrazak1 ,0,0,1-10,2023-01-30,https://www.tiktok.com/@tiktokybviral/video/7177975649834110214,17.5K,2161,1830,2022-12-17
"Rafizi terbaik, walaun PN kepanasan ğŸ˜‚ğŸ˜‚ğŸ˜‚",@rosleeabdkadir,rosleeabdkadir ,0,0,1-10,2023-01-30,https://www.tiktok.com/@tiktokybviral/video/7177975649834110214,17.5K,2161,1830,2022-12-17
dah kenal kan skarang siapa rafizi?,@MS4wLjABAAAA1C4J9jZCrKk8ljXB0Fkn9U0541CeeD9Yjn8TORR3oX8p5zTFLhGsPr-Z8pAdtc-4,user5790796779778 ,0,0,1-10,2023-01-30,https://www.tiktok.com/@tiktokybviral/video/7177975649834110214,17.5K,2161,1830,2022-12-17
pru 16 nanti semua lupa..dan undi lagi kartun2 ni..hahaha,@khaizamboss_,KhaizamBoss ,1,0,1-9,2023-01-30,https://www.tiktok.com/@tiktokybviral/video/7177975649834110214,17.5K,2161,1830,2022-12-17
bukan menteri tin kosong tp kabinet tin kosong.,@arissalias,Ariss Alias ,0,0,26m ago ,2023-01-30,https://www.tiktok.com/@tiktokybviral/video/7177975649834110214,17.5K,2161,1830,2022-12-17
memang tepatğŸ‘ğŸ‘ğŸ‘,@mohdfaridalhakim84,Farid Alhakim ,0,0,2h ago ,2023-01-30,https://www.tiktok.com/@tiktokybviral/video/7177975649834110214,17.5K,2161,1830,2022-12-17
#kerajaangagal,@sangnilautama75,SangNilaUtama ,0,0,2d ago ,2023-01-30,https://www.tiktok.com/@tiktokybviral/video/7177975649834110214,17.5K,2161,1830,2022-12-17
Part 2 bang,@aspa_ami,Aspataq_ğŸ‘» ,0,0,4d ago ,2023-01-30,https://www.tiktok.com/@tiktokybviral/video/7177975649834110214,17.5K,2161,1830,2022-12-17
hoi hoi yahoii,@hapisdin,Muhammad Hafizuddin ,0,0,1w ago ,2023-01-30,https://www.tiktok.com/@tiktokybviral/video/7177975649834110214,17.5K,2161,1830,2022-12-17
biasala memang banyak pusing cerita,@73starmaker,Raja Raja ,0,0,1w ago ,2023-01-30,https://www.tiktok.com/@tiktokybviral/video/7177975649834110214,17.5K,2161,1830,2022-12-17
hoi hoi ya hoi,@ghafurapoi,ApoiApoi ,0,0,1w ago ,2023-01-30,https://www.tiktok.com/@tiktokybviral/video/7177975649834110214,17.5K,2161,1830,2022-12-17
Pi mai pi mai tang tuğŸ˜,@wanmaxxan,Braderhartanah ,0,0,1w ago ,2023-01-30,https://www.tiktok.com/@tiktokybviral/video/7177975649834110214,17.5K,2161,1830,2022-12-17
Formulanya begini... ğŸ˜…,@alfaqir4166,alfaqir4166 ,0,0,1w ago ,2023-01-30,https://www.tiktok.com/@tiktokybviral/video/7177975649834110214,17.5K,2161,1830,2022-12-17
lu cerita apa,@muslimrugged,MalayRugged ,0,0,1-22,2023-01-30,https://www.tiktok.com/@tiktokybviral/video/7177975649834110214,17.5K,2161,1830,2022-12-17
Sama lah tin kosong,@sabella992,Isabella ,1,0,1-18,2023-01-30,https://www.tiktok.com/@tiktokybviral/video/7177975649834110214,17.5K,2161,1830,2022-12-17
yg tinggal nt PAS vs DAP jek,@abekapur,AbeKapur ,0,0,1-17,2023-01-30,https://www.tiktok.com/@tiktokybviral/video/7177975649834110214,17.5K,2161,1830,2022-12-17
yb haprak..rafizi,@kratos24792,ahmadalbab ,0,0,1-17,2023-01-30,https://www.tiktok.com/@tiktokybviral/video/7177975649834110214,17.5K,2161,1830,2022-12-17
tunggu gais dia tengah bikin formula,@gokulanbalasubramaniam,Gokulan ,0,0,1-17,2023-01-30,https://www.tiktok.com/@tiktokybviral/video/7177975649834110214,17.5K,2161,1830,2022-12-17
piji sdr pun pusing abis kata2 dia sdr ketika sebelum jd menteri ğŸ˜‚,@jmie6249,jmie6249 ,0,0,1-17,2023-01-30,https://www.tiktok.com/@tiktokybviral/video/7177975649834110214,17.5K,2161,1830,2022-12-17
sudah senyapp ehğŸ˜,@sueharun_21,sueharun ,0,0,1-14,2023-01-30,https://www.tiktok.com/@tiktokybviral/video/7177975649834110214,17.5K,2161,1830,2022-12-17
sbb dia tepuk dulang yg ada kahak terpercik ke muka sndiri ğŸ˜‚ğŸ˜‚,@nasri_831977,NasH ,269,0,2022-12-17,2023-01-30,https://www.tiktok.com/@tiktokybviral/video/7177975649834110214,17.5K,2161,1830,2022-12-17
sape yg puji tuğŸ˜‚,@shaleezha,Shalee ,42,0,2022-12-17,2023-01-30,https://www.tiktok.com/@tiktokybviral/video/7177975649834110214,17.5K,2161,1830,2022-12-17
PN aje kata gitu,@pak.im,pak.im ,0,0,3h ago ,2023-01-30,https://www.tiktok.com/@tiktokybviral/video/7177975649834110214,17.5K,2161,1830,2022-12-17
Rafizi kasi mkn tahik shj,@mieee666,mieee656 cik mie ,0,0,3h ago ,2023-01-30,https://www.tiktok.com/@tiktokybviral/video/7177975649834110214,17.5K,2161,1830,2022-12-17
Rafizi x betul ni...,@rizalrina4,rizalrina4 ,0,0,5h ago ,2023-01-30,https://www.tiktok.com/@tiktokybviral/video/7177975649834110214,17.5K,2161,1830,2022-12-17
ğŸ˜‚ğŸ˜‚ğŸ˜‚ğŸ˜‚ teebaik punya Fomula,@jae8650,Jae Zai ,0,0,8h ago ,2023-01-30,https://www.tiktok.com/@tiktokybviral/video/7177975649834110214,17.5K,2161,1830,2022-12-17
penyokong ph la sapa laagi,@hassandesa966,Sanela Enterprise ,0,0,3d ago ,2023-01-30,https://www.tiktok.com/@tiktokybviral/video/7177975649834110214,17.5K,2161,1830,2022-12-17
Formula taik by rafizi ramli,@haticekal88,Shahril hafiz ,0,0,3d ago ,2023-01-30,https://www.tiktok.com/@tiktokybviral/video/7177975649834110214,17.5K,2161,1830,2022-12-17
"cian kau macai,,,kau pn kami ph",@sanusiabdullahsam,sanusiabdullahsam ,0,0,3d ago ,2023-01-30,https://www.tiktok.com/@tiktokybviral/video/7177975649834110214,17.5K,2161,1830,2022-12-17
Bila masa dia tak sampah..,@roslizamibrahim,Roslizam Ibrahim ,0,0,3d ago ,2023-01-30,https://www.tiktok.com/@tiktokybviral/video/7177975649834110214,17.5K,2161,1830,2022-12-17
Menteri dorang mmg gitu dari dulu gitu tapi tu lah org yg sokong dorang pun bila tanya pasal politik buat2 tahu aje,@afiflahhh,Afiflahh ,0,0,3d ago ,2023-01-30,https://www.tiktok.com/@tiktokybviral/video/7177975649834110214,17.5K,2161,1830,2022-12-17
Rafizi terbaik...walaunnn sakit hati.,@abd_hamid731610,Abd_hamid731610 ,0,0,3d ago ,2023-01-30,https://www.tiktok.com/@tiktokybviral/video/7177975649834110214,17.5K,2161,1830,2022-12-17
yang hina cuma WALAUN saja â€¦,@kebenaran_sebenar,KEBENARAN_SEBENAR ,0,0,4d ago ,2023-01-30,https://www.tiktok.com/@tiktokybviral/video/7177975649834110214,17.5K,2161,1830,2022-12-17
kerajaan skrg mana boleh pakai..org kata BINGAI,@khairulriz83,KhairulRiz83 ,0,0,4d ago ,2023-01-30,https://www.tiktok.com/@tiktokybviral/video/7177975649834110214,17.5K,2161,1830,2022-12-17
Piji n smua menteri ph kaki kencing,@irh4m19,iRH4M ,0,0,4d ago ,2023-01-30,https://www.tiktok.com/@tiktokybviral/video/7177975649834110214,17.5K,2161,1830,2022-12-17
ğŸ˜‚ğŸ˜‚ğŸ˜‚ğŸ˜‚ğŸ˜‚pondan bkn lg kencing..tpi dia cirit biritkan pengundi diağŸ˜‚ğŸ˜‚ğŸ˜‚,@shukzstone8,binhamzah387 ,0,0,4d ago ,2023-01-30,https://www.tiktok.com/@tiktokybviral/video/7177975649834110214,17.5K,2161,1830,2022-12-17
Dh lama dia jd sampah korang je lalaiğŸ¤£,@jul14wati,it's me Jul14 ,0,0,4d ago ,2023-01-30,https://www.tiktok.com/@tiktokybviral/video/7177975649834110214,17.5K,2161,1830,2022-12-17
Allah klu nk angkt martabat sesorg dlm sesaat je..gitu gak klu Allah nk jatuhkn dlm sedetik je smua jd sia sia.,@shamsiah61,shamsiah61 ,0,0,4d ago ,2023-01-30,https://www.tiktok.com/@tiktokybviral/video/7177975649834110214,17.5K,2161,1830,2022-12-17
lapiji btul kaki kencing,@silameninggal01,off acc ,0,0,4d ago ,2023-01-30,https://www.tiktok.com/@tiktokybviral/video/7177975649834110214,17.5K,2161,1830,2022-12-17
Spa penah tgk biawak..lidah dia bercabang kan..ğŸ˜‚,@jan_maintenance,Jan_Maintenance ,0,0,4d ago ,2023-01-30,https://www.tiktok.com/@tiktokybviral/video/7177975649834110214,17.5K,2161,1830,2022-12-17
ade org hebat sbgi pembangkang.. tp gagal sbgai kerajaan.. Bertindak tidak semudah bercakap,@cikumasammanis,user8392026390413 ,0,0,5d ago ,2023-01-30,https://www.tiktok.com/@tiktokybviral/video/7177975649834110214,17.5K,2161,1830,2022-12-17
basah kepala auto kencing hidup2,@muhamadnasirsalle,muhamadnasirsalle ,0,0,5d ago ,2023-01-30,https://www.tiktok.com/@tiktokybviral/video/7177975649834110214,17.5K,2161,1830,2022-12-17
makin teruk dah kerajaan la ni.xlama berkubur lağŸ˜‚ğŸ˜‚ğŸ˜‚ğŸ˜‚,@adiemamat82,Adie Mamat ,0,0,5d ago ,2023-01-30,https://www.tiktok.com/@tiktokybviral/video/7177975649834110214,17.5K,2161,1830,2022-12-17
Harap die tgok vid ni dan jawab..jgn senyap je,@azar_083,Amer ,0,0,5d ago ,2023-01-30,https://www.tiktok.com/@tiktokybviral/video/7177975649834110214,17.5K,2161,1830,2022-12-17
Rafizi Ramli kesayangan bangsa melayu sebab berjaya bantu melayu screw Dato Seri Najib Razak? eh,@oiepol,sepu ,0,0,5d ago ,2023-01-30,https://www.tiktok.com/@tiktokybviral/video/7177975649834110214,17.5K,2161,1830,2022-12-17
suh dia jelir lidah...,@amonth1254,Aman1188 ,0,0,5d ago ,2023-01-30,https://www.tiktok.com/@tiktokybviral/video/7177975649834110214,17.5K,2161,1830,2022-12-17
aku dah ckp . hanya mulut jer . tapi hati lainÂ²,@_wafiy007,ap ,0,0,5d ago ,2023-01-30,https://www.tiktok.com/@tiktokybviral/video/7177975649834110214,17.5K,2161,1830,2022-12-17
senang je bangâ€¦tunggu kt akhirat,@umaraziz065,Umar Aziz ,0,0,5d ago ,2023-01-30,https://www.tiktok.com/@tiktokybviral/video/7177975649834110214,17.5K,2161,1830,2022-12-17
jnji dpt jd menteri dlm 5 thn dh cukup nk kaut,@mhd6262,MR 62 ,0,0,5d ago ,2023-01-30,https://www.tiktok.com/@tiktokybviral/video/7177975649834110214,17.5K,2161,1830,2022-12-17
"hahaha mampu gelak je.. sy lah yg paling beruntung kot sbb x ngundi.. masing2 penyangak, kepala penyamun, kepala banağŸ¤£",@wancicak,CicakPenat ,0,0,5d ago ,2023-01-30,https://www.tiktok.com/@tiktokybviral/video/7177975649834110214,17.5K,2161,1830,2022-12-17
ğŸ˜‚ğŸ˜‚ğŸ˜‚ğŸ˜‚ğŸ˜‚ğŸ˜‚ğŸ˜‚ğŸ˜‚ğŸ˜‚ğŸ˜‚ğŸ˜‚ğŸ˜‚ğŸ˜‚,@foodrecepi360,Food recepi ,0,0,5d ago ,2023-01-30,https://www.tiktok.com/@tiktokybviral/video/7177975649834110214,17.5K,2161,1830,2022-12-17
silap pangkah dapat tahi..,@mohdrizalejay5609,mohdrizalejay8507 ,0,0,5d ago ,2023-01-30,https://www.tiktok.com/@tiktokybviral/video/7177975649834110214,17.5K,2161,1830,2022-12-17
Aku d phamkn Khadam2 yg snjung mntri teori ni semua check in dlm guağŸ˜‚ğŸ˜‚ğŸ˜‚,@lilqtone,Amiriladly Abdullah ,0,0,5d ago ,2023-01-30,https://www.tiktok.com/@tiktokybviral/video/7177975649834110214,17.5K,2161,1830,2022-12-17
PASPN meroyan KOYAK GILA KUASA pinangan ditolak UMNO ğŸ˜€,@riduan1978,riduan1978 ,0,0,5d ago ,2023-01-30,https://www.tiktok.com/@tiktokybviral/video/7177975649834110214,17.5K,2161,1830,2022-12-17
yg untung dan jalan krj senyap2 Dap padan muka kita,@megatpanjialamsengketa,MegatPanjiAlamSengketa ,0,0,5d ago ,2023-01-30,https://www.tiktok.com/@tiktokybviral/video/7177975649834110214,17.5K,2161,1830,2022-12-17
"kan cai sayang ka,yang jenis cakap cap ayam nie",@danial66785,Danial ,0,0,6d ago ,2023-01-30,https://www.tiktok.com/@tiktokybviral/video/7177975649834110214,17.5K,2161,1830,2022-12-17
"PN guna naratif lama, nak gulingkan PH mcm penggal lps. Kecoh â€˜hancingâ€™ padahal pengundi PH sbnr rilek je",@_salmanmohamad,Salman Mohamad ,0,0,6d ago ,2023-01-30,https://www.tiktok.com/@tiktokybviral/video/7177975649834110214,17.5K,2161,1830,2022-12-17
Malas nak komen nanti cai report komenğŸ˜‚ğŸ˜‚ğŸ˜‚ğŸ˜‚kuyakkecaiiiğŸ˜‚ğŸ˜‚,@w.m.hafis,WMHafisğŸœ ,0,0,6d ago ,2023-01-30,https://www.tiktok.com/@tiktokybviral/video/7177975649834110214,17.5K,2161,1830,2022-12-17
sbb kaking rakyat ja,@harinazrin,Harinaz Rin ,0,0,6d ago ,2023-01-30,https://www.tiktok.com/@tiktokybviral/video/7177975649834110214,17.5K,2161,1830,2022-12-17
formula tahik,@md_thoha04,Md_thoha04 ,0,0,6d ago ,2023-01-30,https://www.tiktok.com/@tiktokybviral/video/7177975649834110214,17.5K,2161,1830,2022-12-17
mntri br skrng ni tk dpt kontrol lg kick fitamin bila dh..lalok luse control...ğŸ‘‰ğŸ˜¬ğŸ˜‹ğŸ˜•ğŸ’ŠğŸ’‰,@vickrammorshidi92,vickrammorshidi92 ,0,0,6d ago ,2023-01-30,https://www.tiktok.com/@tiktokybviral/video/7177975649834110214,17.5K,2161,1830,2022-12-17
tak boleh pakai,@dasukigroup,DASUKI GROUP ,0,0,6d ago ,2023-01-30,https://www.tiktok.com/@tiktokybviral/video/7177975649834110214,17.5K,2161,1830,2022-12-17
"HA rapan
NAT ional",@kai_zen_omni_biz,KHAIRUL AZHAR KHOURUDIN ,0,0,6d ago ,2023-01-30,https://www.tiktok.com/@tiktokybviral/video/7177975649834110214,17.5K,2161,1830,2022-12-17
hampeh mana. formula dia....,@enalpaino,Zainal Paino ,0,0,6d ago ,2023-01-30,https://www.tiktok.com/@tiktokybviral/video/7177975649834110214,17.5K,2161,1830,2022-12-17
geng pkr suma tin kosong lahh,@aridosiempre,aridosiempre ,0,0,6d ago ,2023-01-30,https://www.tiktok.com/@tiktokybviral/video/7177975649834110214,17.5K,2161,1830,2022-12-17
TK pela..janji dia tak menyamon..,@samsulhjyunus,samsulhjyunus ,0,0,6d ago ,2023-01-30,https://www.tiktok.com/@tiktokybviral/video/7177975649834110214,17.5K,2161,1830,2022-12-17
Tungu masa je.. kalu jdi lumat la.,@keraschokeng,Cakcibo ,0,0,6d ago ,2023-01-30,https://www.tiktok.com/@tiktokybviral/video/7177975649834110214,17.5K,2161,1830,2022-12-17
yeke kna hentam ngn pnyokong sdri...pnyokong die bknnye npk pn semua nie...jdi buta,@azhaz8388,AzHaz8388 ,0,0,6d ago ,2023-01-30,https://www.tiktok.com/@tiktokybviral/video/7177975649834110214,17.5K,2161,1830,2022-12-17
Kan tubuh kerajaan cmpur atas cadangan Duli yg diPertuan Agung...,@oza_m7,user4756393123116 ,0,0,1w ago ,2023-01-30,https://www.tiktok.com/@tiktokybviral/video/7177975649834110214,17.5K,2161,1830,2022-12-17
Hanya walanun PN je yg x senang hati.,@armanman5699,Rahman Man3212 ,0,0,1w ago ,2023-01-30,https://www.tiktok.com/@tiktokybviral/video/7177975649834110214,17.5K,2161,1830,2022-12-17
memang mcm ni...Klau dh jadi menteri auto semua urat otak putus...,@arengah69,Alkisah ,0,0,1w ago ,2023-01-30,https://www.tiktok.com/@tiktokybviral/video/7177975649834110214,17.5K,2161,1830,2022-12-17
org pandan kena scammer dgn Rafizi ....,@royshane0,Roy Shane ,0,0,1w ago ,2023-01-30,https://www.tiktok.com/@tiktokybviral/video/7177975649834110214,17.5K,2161,1830,2022-12-17
Sapa suruh cayo dia ğŸ˜…ğŸ˜…ğŸ˜…ğŸ˜…,@misz.dejavu77,misz.dejavu ,0,0,1w ago ,2023-01-30,https://www.tiktok.com/@tiktokybviral/video/7177975649834110214,17.5K,2161,1830,2022-12-17
PH....hampeh..khadam Dap,@srikandi_mujahidah126,srikandimujahidahğŸ¤ ,0,0,1w ago ,2023-01-30,https://www.tiktok.com/@tiktokybviral/video/7177975649834110214,17.5K,2161,1830,2022-12-17
bodoh punye menteri,@azmibusran,azmibusran ,0,0,1w ago ,2023-01-30,https://www.tiktok.com/@tiktokybviral/video/7177975649834110214,17.5K,2161,1830,2022-12-17
"dah bebal
rakyat nak 50k kwsp lah",@alxinren,Xin Ren ,0,0,1w ago ,2023-01-30,https://www.tiktok.com/@tiktokybviral/video/7177975649834110214,17.5K,2161,1830,2022-12-17
ludah kene muka,@layarputih,Layarputih ,0,0,1w ago ,2023-01-30,https://www.tiktok.com/@tiktokybviral/video/7177975649834110214,17.5K,2161,1830,2022-12-17
Tanya bank negara,@mamanoramantop,BukanSiputSedut ,0,0,1w ago ,2023-01-30,https://www.tiktok.com/@tiktokybviral/video/7177975649834110214,17.5K,2161,1830,2022-12-17
Yg bagus menteri belia dan sukan je hannah yeoh funtion jee ade je aktiviti,@najmiyusni,TunNajmi ,0,0,1w ago ,2023-01-30,https://www.tiktok.com/@tiktokybviral/video/7177975649834110214,17.5K,2161,1830,2022-12-17
"bila Allah beri kuasa lain pula jadinya, segala Rasulullah lah yg sebaik baiknya",@erapandan,erapandan ,0,0,1w ago ,2023-01-30,https://www.tiktok.com/@tiktokybviral/video/7177975649834110214,17.5K,2161,1830,2022-12-17
Pmx pon sama,@shirulkakarot,Shirul Kakarot ,0,0,1w ago ,2023-01-30,https://www.tiktok.com/@tiktokybviral/video/7177975649834110214,17.5K,2161,1830,2022-12-17
menteri sampah semuanya..x blh pkai...,@aredynova,Aredy Nova ,0,0,1w ago ,2023-01-30,https://www.tiktok.com/@tiktokybviral/video/7177975649834110214,17.5K,2161,1830,2022-12-17
Rapiji ni bare kuat auta,@pembururezeki83,AJK(ahli jong kalut) ,0,0,1w ago ,2023-01-30,https://www.tiktok.com/@tiktokybviral/video/7177975649834110214,17.5K,2161,1830,2022-12-17
tahniah lah siapa yg puji & sokong SAMPAH niğŸ˜‚ğŸ˜‚,@tupperware_tengku,Aadinn97 ,0,0,1w ago ,2023-01-30,https://www.tiktok.com/@tiktokybviral/video/7177975649834110214,17.5K,2161,1830,2022-12-17
Kencing,@noorazizahzulkarn,Nora ,0,0,1w ago ,2023-01-30,https://www.tiktok.com/@tiktokybviral/video/7177975649834110214,17.5K,2161,1830,2022-12-17
letak jawatan lah..binatang,@pocongg1522,POCONGG ,0,0,1w ago ,2023-01-30,https://www.tiktok.com/@tiktokybviral/video/7177975649834110214,17.5K,2161,1830,2022-12-17
cap ayam cakap tak serupa bikin,@zaidino0,Zai Dino ,0,0,1w ago ,2023-01-30,https://www.tiktok.com/@tiktokybviral/video/7177975649834110214,17.5K,2161,1830,2022-12-17
menteri paling sampah ....mmg tepat,@nai.yonex,nai.com ,1,0,1w ago ,2023-01-30,https://www.tiktok.com/@tiktokybviral/video/7177975649834110214,17.5K,2161,1830,2022-12-17
Telur,@zulkarnainrazali7,zulkarnainrazali7 ,0,0,1w ago ,2023-01-30,https://www.tiktok.com/@tiktokybviral/video/7177975649834110214,17.5K,2161,1830,2022-12-17
bila dah berkuasa baru tau auta ker pembela rakyat,@noridaabdulwahab,Norida Abdul Wahab ,0,0,1w ago ,2023-01-30,https://www.tiktok.com/@tiktokybviral/video/7177975649834110214,17.5K,2161,1830,2022-12-17
baru 2 bulan pun bukan 30 bulan...,@syamsayo,syamsayo ,0,0,1w ago ,2023-01-30,https://www.tiktok.com/@tiktokybviral/video/7177975649834110214,17.5K,2161,1830,2022-12-17
kenapa tak kata kat hadi,@syamsayo,syamsayo ,0,0,1w ago ,2023-01-30,https://www.tiktok.com/@tiktokybviral/video/7177975649834110214,17.5K,2161,1830,2022-12-17
biasa la...sebelum lain...dah dpt..lain pulak.,@ainursyaridabtanu,Semua Milik Allah ,0,0,1w ago ,2023-01-30,https://www.tiktok.com/@tiktokybviral/video/7177975649834110214,17.5K,2161,1830,2022-12-17
Ni walaun baru keluar gua...,@user80500774446284,user80500774446284 ,0,0,1w ago ,2023-01-30,https://www.tiktok.com/@tiktokybviral/video/7177975649834110214,17.5K,2161,1830,2022-12-17
Xsampai pun 1 penggal. Nanti bercerailah ph umno,@pemburulaut746,pemburulaut746 ,0,0,1-22,2023-01-30,https://www.tiktok.com/@tiktokybviral/video/7177975649834110214,17.5K,2161,1830,2022-12-17
IAllah.. RR bakal pm Msia nanti. dia ni genius.,@arisismail738,Aris Ismail738 ,0,0,1-22,2023-01-30,https://www.tiktok.com/@tiktokybviral/video/7177975649834110214,17.5K,2161,1830,2022-12-17
Rafizi tertaik!!!,@koyakcarik,77 ,0,0,1-22,2023-01-30,https://www.tiktok.com/@tiktokybviral/video/7177975649834110214,17.5K,2161,1830,2022-12-17
Hello dulu lawan sekarang kawan,@thinpohng,user8528422845204 ,0,0,1-22,2023-01-30,https://www.tiktok.com/@tiktokybviral/video/7177975649834110214,17.5K,2161,1830,2022-12-17
"RR terbaik, hebat...Ph hadirğŸ¥°",@user1600140055757,Jue 65 ,0,0,1-21,2023-01-30,https://www.tiktok.com/@tiktokybviral/video/7177975649834110214,17.5K,2161,1830,2022-12-17
wakakaka.. walaun malaun dh mula fitnah. pnyokong RR dan PH xpernah hentam RR pun. yg hentam setakat ni walaun ja,@faiz.s92,F.s ,0,0,1-21,2023-01-30,https://www.tiktok.com/@tiktokybviral/video/7177975649834110214,17.5K,2161,1830,2022-12-17
hahahaha..... politicians biasalah......kulit depa mcm kulit kerbau pendek.....mana ada rasa malu puak2 politicians ğŸ˜‚ğŸ˜‚ğŸ˜‚ğŸ˜‚,@penghuluady,Penghulu Ady ,0,0,1-20,2023-01-30,https://www.tiktok.com/@tiktokybviral/video/7177975649834110214,17.5K,2161,1830,2022-12-17
ğŸ˜‚,@mohdhusainiarif0,Mohd Husaini Arif ,0,0,1-20,2023-01-30,https://www.tiktok.com/@tiktokybviral/video/7177975649834110214,17.5K,2161,1830,2022-12-17
cara penyampaian dan memek muka yg baik.,@ngohkgmache,ngohkgmache ,0,0,1-20,2023-01-30,https://www.tiktok.com/@tiktokybviral/video/7177975649834110214,17.5K,2161,1830,2022-12-17
"Kaki kencing.. Hahaha
Hoi hoi yahoi.. Sapa sokong penyamunğŸ¤£",@mael_8524,ML24 ,0,0,1-18,2023-01-30,https://www.tiktok.com/@tiktokybviral/video/7177975649834110214,17.5K,2161,1830,2022-12-17
baru dia org tahu siapa budak hancing tuğŸ˜‚ğŸ˜‚ğŸ˜‚,@mr.zex67,Mr.Zex ,0,0,1-18,2023-01-30,https://www.tiktok.com/@tiktokybviral/video/7177975649834110214,17.5K,2161,1830,2022-12-17
dia dengan anwar melayu menang bercakap kampung tergadai,@mohdnadir82,mohdnadir82 ,0,0,1-18,2023-01-30,https://www.tiktok.com/@tiktokybviral/video/7177975649834110214,17.5K,2161,1830,2022-12-17
penuh munafik dlm kerajaan ni,@hishamdn,Hishamdn ,0,0,1-18,2023-01-30,https://www.tiktok.com/@tiktokybviral/video/7177975649834110214,17.5K,2161,1830,2022-12-17
hancinggggg piji pom,@zulhazua,Zul Hazua Ishak ,0,0,1-17,2023-01-30,https://www.tiktok.com/@tiktokybviral/video/7177975649834110214,17.5K,2161,1830,2022-12-17
dh masyukkk...nak kira ape dh..ğŸ˜…ğŸ˜…,@wannlevis,WannLevis ,0,0,1-17,2023-01-30,https://www.tiktok.com/@tiktokybviral/video/7177975649834110214,17.5K,2161,1830,2022-12-17
aku klu tgk muke dia mesti nk gelakğŸ˜‚ğŸ˜‚ naye pak Karim nyahh,@lieeza88,NoBodyğŸ™… ,0,0,1-17,2023-01-30,https://www.tiktok.com/@tiktokybviral/video/7177975649834110214,17.5K,2161,1830,2022-12-17
rakyat marhaen tgh ssh nie maukan pengeluaran kwsp khas 2.0,@hazriizwan,hazri izwan ,0,0,1-17,2023-01-30,https://www.tiktok.com/@tiktokybviral/video/7177975649834110214,17.5K,2161,1830,2022-12-17
Dah lama orang tau dia sampah..tp Rama yg terlupa,@usuzhar66,pAksU ,0,0,1-17,2023-01-30,https://www.tiktok.com/@tiktokybviral/video/7177975649834110214,17.5K,2161,1830,2022-12-17
lidah bercabangğŸ˜‚ğŸ˜‚ğŸ˜‚ğŸ˜‚ğŸ˜‚ğŸ˜‚ğŸ˜‚,@syawqi90,syawqi90 ,0,0,1-17,2023-01-30,https://www.tiktok.com/@tiktokybviral/video/7177975649834110214,17.5K,2161,1830,2022-12-17
Itu stategi bijak.,@nasdin3108,nasdin3108 ,0,0,1-17,2023-01-30,https://www.tiktok.com/@tiktokybviral/video/7177975649834110214,17.5K,2161,1830,2022-12-17
hahahaha mmg betui,@user2593589585628,user2593589585628 ,0,0,1-17,2023-01-30,https://www.tiktok.com/@tiktokybviral/video/7177975649834110214,17.5K,2161,1830,2022-12-17
rafizi stok ajk lepak sembng kosong kdi kopi blh la tu tp dh diangkat sembng kosong dia jd hrpn rakyatâ€¦poket pn pnuh,@buduorange7,buduorange7 ,0,0,1-16,2023-01-30,https://www.tiktok.com/@tiktokybviral/video/7177975649834110214,17.5K,2161,1830,2022-12-17
AutA PM Auta istana auta ke ?,@2425nusaklug,AMER-ISO ,0,0,1-16,2023-01-30,https://www.tiktok.com/@tiktokybviral/video/7177975649834110214,17.5K,2161,1830,2022-12-17
geng aboh meroyan teruk,@dbahamanwick,ahmad nawab ,0,0,1-15,2023-01-30,https://www.tiktok.com/@tiktokybviral/video/7177975649834110214,17.5K,2161,1830,2022-12-17
"Lapiji ni ada juai kat shopee, mulah mulah saje ğŸ˜‚ğŸ˜‚ğŸ˜‚",@tummy6143,Bang Tom ,1,0,1-14,2023-01-30,https://www.tiktok.com/@tiktokybviral/video/7177975649834110214,17.5K,2161,1830,2022-12-17
Piji Garbage,@mymood9190,Sony Regular Jr. ,0,0,1-14,2023-01-30,https://www.tiktok.com/@tiktokybviral/video/7177975649834110214,17.5K,2161,1830,2022-12-17
Rafizi ni dah macam anak lembuğŸ˜‚ kena cucuk hidungğŸ˜…,@jamel_wak,Muzammil ,0,0,1-14,2023-01-30,https://www.tiktok.com/@tiktokybviral/video/7177975649834110214,17.5K,2161,1830,2022-12-17
"ok la Tu....Kan penyokong. 2x Pru kena kencing. Tp paling Sadis, penyokong sendiri kena kencing . syabbas",@faisal.ajsp,faisal ,0,0,1-14,2023-01-30,https://www.tiktok.com/@tiktokybviral/video/7177975649834110214,17.5K,2161,1830,2022-12-17
Cai kena kencing ğŸ˜‚ğŸ˜‚,@armana2021,armana2021 ,0,0,1-14,2023-01-30,https://www.tiktok.com/@tiktokybviral/video/7177975649834110214,17.5K,2161,1830,2022-12-17
"owhhhhh luncai, dengan dungu-dungu nya.!!",@muhd.apit_shafik_91,Muhd Apit ,0,0,1-14,2023-01-30,https://www.tiktok.com/@tiktokybviral/video/7177975649834110214,17.5K,2161,1830,2022-12-17
btol ..ku sbgai penyokong pakatan harapan ..mmg amat kesal dgn tindakan pemimipin pkr yg jelasÂ² menipu...,@rosli_025999,m.R_3031 ,0,0,1-12,2023-01-30,https://www.tiktok.com/@tiktokybviral/video/7177975649834110214,17.5K,2161,1830,2022-12-17
hee haa kebarbom,@ajakismail69,ajakismail69 ,0,0,1-12,2023-01-30,https://www.tiktok.com/@tiktokybviral/video/7177975649834110214,17.5K,2161,1830,2022-12-17
PH panas bontotğŸ˜‚,@zulkarnaenjohar,Are_young ,0,0,1-12,2023-01-30,https://www.tiktok.com/@tiktokybviral/video/7177975649834110214,17.5K,2161,1830,2022-12-17
Rafizi dan PH terbaik. malaun main jauh,@rone22,rone22 ,0,0,1-11,2023-01-30,https://www.tiktok.com/@tiktokybviral/video/7177975649834110214,17.5K,2161,1830,2022-12-17
hahahahhaa...HAH TEPOKKğŸ˜,@abamgpalakobeh,abamgpalakobeh ,0,0,1-11,2023-01-30,https://www.tiktok.com/@tiktokybviral/video/7177975649834110214,17.5K,2161,1830,2022-12-17
"Itu la sbnya aku tak mahu jdi penjilat tegar pda sesuatu party, sbb aku thu ahli2 politik ni semua tak ble di percaya..",@sabahan013,sabahan69 ,0,0,1-10,2023-01-30,https://www.tiktok.com/@tiktokybviral/video/7177975649834110214,17.5K,2161,1830,2022-12-17
yg kompelin tu sebenar tak faham agong yg minta tubuh kerajaan perpaduan. n umno dah maklum jadi pebangkan. tapi agong pangil umno bilo pn tolak,@hasnansalehnan,hasnansalehnan ,0,0,1-10,2023-01-30,https://www.tiktok.com/@tiktokybviral/video/7177975649834110214,17.5K,2161,1830,2022-12-17
Anwar lantik Zahid Zabidi lebih kpd muslihat politik.,@muhdsofiadi,muhdsofiadi ,0,0,1-10,2023-01-30,https://www.tiktok.com/@tiktokybviral/video/7177975649834110214,17.5K,2161,1830,2022-12-17
Rafizi si putar alam,@cntasubuh,Cinta Subuh ,0,0,9h ago ,2023-01-30,https://www.tiktok.com/@tiktokybviral/video/7177975649834110214,17.5K,2161,1830,2022-12-17
si luncai dan formula bingai die..,@saifulrezuanmkz,SaifulRezuan Mkz ,0,0,3d ago ,2023-01-30,https://www.tiktok.com/@tiktokybviral/video/7177975649834110214,17.5K,2161,1830,2022-12-17
## kerajaan gagal,@user9991252379154,Duty ,0,0,4d ago ,2023-01-30,https://www.tiktok.com/@tiktokybviral/video/7177975649834110214,17.5K,2161,1830,2022-12-17
tin kosong reput,@mohdazizi1981,mohdazizi ,0,0,4d ago ,2023-01-30,https://www.tiktok.com/@tiktokybviral/video/7177975649834110214,17.5K,2161,1830,2022-12-17
lapiji tin kosong .....pang pung pang.ğŸ˜‚,@adzullatif,adzullatif ,0,0,5d ago ,2023-01-30,https://www.tiktok.com/@tiktokybviral/video/7177975649834110214,17.5K,2161,1830,2022-12-17
ğŸ˜‚ğŸ˜‚ğŸ˜‚ Gantung gaji lapiji,@botakj7,Afiq Zakwan Hj Alias ,0,0,5d ago ,2023-01-30,https://www.tiktok.com/@tiktokybviral/video/7177975649834110214,17.5K,2161,1830,2022-12-17
mana geng PH ...malu atau masuk gua,@nadimmani,Aku Yg Dilupakan ,0,0,5d ago ,2023-01-30,https://www.tiktok.com/@tiktokybviral/video/7177975649834110214,17.5K,2161,1830,2022-12-17
udah2 lah ni kerajaan pilihan agung .jgn salahkan orang,@sarahsofia_69,Sarahsofia_69 ,0,0,1w ago ,2023-01-30,https://www.tiktok.com/@tiktokybviral/video/7177975649834110214,17.5K,2161,1830,2022-12-17
menteri formula ğŸ˜‚ ha ha ha ha ha ha ha ha ha,@macoarsyado,macoarsyado ,0,0,1w ago ,2023-01-30,https://www.tiktok.com/@tiktokybviral/video/7177975649834110214,17.5K,2161,1830,2022-12-17
pusing jgn x pusing rapiji ğŸ˜‚ğŸ˜‚,@haikalje_,WHY SO_O SERIYUS ?!! ,0,0,1w ago ,2023-01-30,https://www.tiktok.com/@tiktokybviral/video/7177975649834110214,17.5K,2161,1830,2022-12-17
raja kelentong ğŸ˜‚ğŸ˜‚ğŸ˜‚ğŸ˜‚ğŸ˜‚,@user7011452026039,hero ,0,0,1-18,2023-01-30,https://www.tiktok.com/@tiktokybviral/video/7177975649834110214,17.5K,2161,1830,2022-12-17
ğŸ˜‚ğŸ˜‚ğŸ˜‚ğŸ˜‚.... piji ooo piji....kaki lipakk..,@baihaqie9292,baihaqie9292 ,0,0,1-17,2023-01-30,https://www.tiktok.com/@tiktokybviral/video/7177975649834110214,17.5K,2161,1830,2022-12-17
apahal rambur kau??,@blackavant84,blackavant84 ,0,0,1-17,2023-01-30,https://www.tiktok.com/@tiktokybviral/video/7177975649834110214,17.5K,2161,1830,2022-12-17
Hancheng,@ahmadzaim4111,Zaim Merchandise ,0,0,1-15,2023-01-30,https://www.tiktok.com/@tiktokybviral/video/7177975649834110214,17.5K,2161,1830,2022-12-17
Lapiji bangang...hahahha,@remyepin,remyepin ,0,0,1-15,2023-01-30,https://www.tiktok.com/@tiktokybviral/video/7177975649834110214,17.5K,2161,1830,2022-12-17
tanda2 akhir zaman,@algojplof1m,algojoman ,0,0,1-10,2023-01-30,https://www.tiktok.com/@tiktokybviral/video/7177975649834110214,17.5K,2161,1830,2022-12-17
rafizi suci - geng PH ğŸ˜…,@sirmnorhafiz,Mohd Nor Hafiz II ,141,0,2022-12-17,2023-01-30,https://www.tiktok.com/@tiktokybviral/video/7177975649834110214,17.5K,2161,1830,2022-12-17
"Rafizi pakar formula,tp belum ada formula yg jdiğŸ˜‚",@msbigdj,MrBigDj ,127,0,2022-12-17,2023-01-30,https://www.tiktok.com/@tiktokybviral/video/7177975649834110214,17.5K,2161,1830,2022-12-17
Cantikkan perancangan Allah..kalau tak kita x nampak,@hujungbucu,Manhunt ,226,0,2022-12-17,2023-01-30,https://www.tiktok.com/@tiktokybviral/video/7177975649834110214,17.5K,2161,1830,2022-12-17
Rafizi terbaikğŸ‘ğŸ»,@barmezd,BarMezd ,10,0,2022-12-17,2023-01-30,https://www.tiktok.com/@tiktokybviral/video/7177975649834110214,17.5K,2161,1830,2022-12-17
PH - Penuh Helah,@en_manggis,En_Manggis ,109,0,2022-12-17,2023-01-30,https://www.tiktok.com/@tiktokybviral/video/7177975649834110214,17.5K,2161,1830,2022-12-17
sbb politik mmg putar belit...ğŸ˜‚ğŸ˜‚ğŸ˜‚,@zulhandyblack,zulhandyblack ,5,0,1w ago ,2023-01-30,https://www.tiktok.com/@tiktokybviral/video/7177975649834110214,17.5K,2161,1830,2022-12-17
0,@anuarkedah78,Anuarkedah78 ,0,0,4m ago ,2023-01-30,https://www.tiktok.com/@tiktokybviral/video/7177975649834110214,17.5K,2161,1830,2022-12-17
"ph ikut kata raja, bkn suka2 boleh ambil keputusan",@ramanchetti,Raman Chetty ,0,0,2d ago ,2023-01-30,https://www.tiktok.com/@tiktokybviral/video/7177975649834110214,17.5K,2161,1830,2022-12-17
rambut palsu beli kat mane?,@mardiha.azwan,Adelism ,0,0,2d ago ,2023-01-30,https://www.tiktok.com/@tiktokybviral/video/7177975649834110214,17.5K,2161,1830,2022-12-17
ğŸ˜ğŸ˜,@shah_halimunan81,Shah Rizal3132 ,0,0,3d ago ,2023-01-30,https://www.tiktok.com/@tiktokybviral/video/7177975649834110214,17.5K,2161,1830,2022-12-17
ğŸ˜,@baniothman,Bani othman ,0,0,3d ago ,2023-01-30,https://www.tiktok.com/@tiktokybviral/video/7177975649834110214,17.5K,2161,1830,2022-12-17
dh tahu dh btl2 lidah bercabang,@daiadyaa,daiadyaa ,0,0,3d ago ,2023-01-30,https://www.tiktok.com/@tiktokybviral/video/7177975649834110214,17.5K,2161,1830,2022-12-17
Apa pilihan yg ada yg dok kecam kenapa sudah2 lah biar depa wat kerja..,@maz7708,5ruz Rahim ,0,0,4d ago ,2023-01-30,https://www.tiktok.com/@tiktokybviral/video/7177975649834110214,17.5K,2161,1830,2022-12-17
Dunia akhir zaman...,@abglong_faizul_30,Abglong Faizul30 ,0,0,4d ago ,2023-01-30,https://www.tiktok.com/@tiktokybviral/video/7177975649834110214,17.5K,2161,1830,2022-12-17
ngam lh tur.aku pn geram dgn kenyataan beliau sejak akhir NE.enth apa2,@ejagold930,ejagold930 ,0,0,4d ago ,2023-01-30,https://www.tiktok.com/@tiktokybviral/video/7177975649834110214,17.5K,2161,1830,2022-12-17
ğŸ˜‚ğŸ˜‚ğŸ˜‚ğŸ˜‚ğŸ˜‚,@faizuddinfaiz62,Drs Detox Faiz faizuddin cutie ,0,0,4d ago ,2023-01-30,https://www.tiktok.com/@tiktokybviral/video/7177975649834110214,17.5K,2161,1830,2022-12-17
ytjtğŸ˜,@nickshazummie,nick18 ,0,0,5d ago ,2023-01-30,https://www.tiktok.com/@tiktokybviral/video/7177975649834110214,17.5K,2161,1830,2022-12-17
Natizen tu adalah Pro pembangkang...jd apa nk hairan nya,@unclesam175,Unclesam175 ,0,0,5d ago ,2023-01-30,https://www.tiktok.com/@tiktokybviral/video/7177975649834110214,17.5K,2161,1830,2022-12-17
betul,@shxrul77,RAKUSğŸ¦¸ ,0,0,5d ago ,2023-01-30,https://www.tiktok.com/@tiktokybviral/video/7177975649834110214,17.5K,2161,1830,2022-12-17
ğŸ˜‚,@iwanshah_transport,Iwan Shah Iwan Sh380 ,0,0,5d ago ,2023-01-30,https://www.tiktok.com/@tiktokybviral/video/7177975649834110214,17.5K,2161,1830,2022-12-17
percaya sgt.....ğŸ¤£ğŸ¤£ğŸ¤£,@ayidz84,Mohd Farid Md Mohid ,0,0,5d ago ,2023-01-30,https://www.tiktok.com/@tiktokybviral/video/7177975649834110214,17.5K,2161,1830,2022-12-17
Tu le org politikus,@user6613980643211,user6613980643211 ,0,0,5d ago ,2023-01-30,https://www.tiktok.com/@tiktokybviral/video/7177975649834110214,17.5K,2161,1830,2022-12-17
ğŸ˜‚ğŸ˜‚ğŸ˜‚ğŸ˜‚..,@kuncimangga88,Muhammad Hairi Kunci Mangga ,0,0,5d ago ,2023-01-30,https://www.tiktok.com/@tiktokybviral/video/7177975649834110214,17.5K,2161,1830,2022-12-17
@Ratu Naga,@angahpekan,M Khairul Sa'adan ,0,0,5d ago ,2023-01-30,https://www.tiktok.com/@tiktokybviral/video/7177975649834110214,17.5K,2161,1830,2022-12-17
tak fsham faham lagi orang macam ni,@user16307615165211,user16307615165211 ,0,0,5d ago ,2023-01-30,https://www.tiktok.com/@tiktokybviral/video/7177975649834110214,17.5K,2161,1830,2022-12-17
hahahaaaaaa...,@mohdaffendisujah,Mohd Affendi Sujah ,0,0,6d ago ,2023-01-30,https://www.tiktok.com/@tiktokybviral/video/7177975649834110214,17.5K,2161,1830,2022-12-17
ğŸ˜‚ğŸ˜‚ğŸ˜‚ğŸ˜‚,@fazliali570,fazliali507 ,0,0,6d ago ,2023-01-30,https://www.tiktok.com/@tiktokybviral/video/7177975649834110214,17.5K,2161,1830,2022-12-17
yg pertama hormat keputusan agung ke dua hormat keputusan agung ke tiga sbb pm ada lh sblm ini pernah menjadi menteri kewangan jadi di sini jelas.,@user7995996968223,user7995996968223 ,0,0,6d ago ,2023-01-30,https://www.tiktok.com/@tiktokybviral/video/7177975649834110214,17.5K,2161,1830,2022-12-17
"hahaha....
korang pcaya org politik ke?",@wanhafes,Wan Mohd Hafes Hafes ,0,0,1w ago ,2023-01-30,https://www.tiktok.com/@tiktokybviral/video/7177975649834110214,17.5K,2161,1830,2022-12-17
sikit PON piji x kesah nye.dia tetap menteri jgk.pe kite leh buat.,@user3892402114094,user3892402114094 ,0,0,1w ago ,2023-01-30,https://www.tiktok.com/@tiktokybviral/video/7177975649834110214,17.5K,2161,1830,2022-12-17
@cintaqiela.my,@amir_khan345464,lc135fi ,0,0,1w ago ,2023-01-30,https://www.tiktok.com/@tiktokybviral/video/7177975649834110214,17.5K,2161,1830,2022-12-17
ğŸ˜‚ğŸ˜…ğŸ˜‚ğŸ˜…ğŸ˜‚ğŸ˜…ğŸ˜‚ğŸ˜…ğŸ˜‚ğŸ˜…ğŸ˜‚ğŸ˜…ğŸ˜‚ğŸ˜…,@mohdamirulashraff,Mohd Amirul Ashraff ,0,0,1w ago ,2023-01-30,https://www.tiktok.com/@tiktokybviral/video/7177975649834110214,17.5K,2161,1830,2022-12-17
ğŸ˜‚ğŸ˜‚ğŸ˜‚ğŸ˜‚ğŸ˜‚ğŸ˜‚ğŸ˜‚ğŸ˜‚ğŸ˜‚ğŸ˜‚ğŸ˜‚ğŸ˜‚ğŸ˜‚ğŸ˜‚ğŸ˜‚ğŸ˜‚ğŸ˜‚ğŸ˜‚ğŸ˜‚ğŸ˜‚ğŸ˜‚ğŸ˜‚ğŸ˜‚,@mohdamirulashraff,Mohd Amirul Ashraff ,0,0,1w ago ,2023-01-30,https://www.tiktok.com/@tiktokybviral/video/7177975649834110214,17.5K,2161,1830,2022-12-17
menteri putar alam..lnsung x bole pakai...,@mdm_dy,DeeYanğŸ’• ,0,0,1w ago ,2023-01-30,https://www.tiktok.com/@tiktokybviral/video/7177975649834110214,17.5K,2161,1830,2022-12-17
talk is cheap,@iyoko_rafi,nrzğŸŒ· ,0,0,1w ago ,2023-01-30,https://www.tiktok.com/@tiktokybviral/video/7177975649834110214,17.5K,2161,1830,2022-12-17
awak dengar cakap agung atau tidak .rafizi dengar titah Agung jangan kepanasan,@mainsalbangkit,mainsalbangkit ,0,0,1w ago ,2023-01-30,https://www.tiktok.com/@tiktokybviral/video/7177975649834110214,17.5K,2161,1830,2022-12-17
ğŸ˜‚ğŸ˜‚ğŸ˜‚,@abehighway,Abehighway ,0,0,1w ago ,2023-01-30,https://www.tiktok.com/@tiktokybviral/video/7177975649834110214,17.5K,2161,1830,2022-12-17
sapa suruh percaya dgn. org politik,@raja.min,raja.min ,0,0,1w ago ,2023-01-30,https://www.tiktok.com/@tiktokybviral/video/7177975649834110214,17.5K,2161,1830,2022-12-17
5 tahun lagi malaysia tk perlu lagi pemimpin tkyoh g ngudi ğŸ˜,@k4cung14,ã€½ï¸4NNN ,0,0,1w ago ,2023-01-30,https://www.tiktok.com/@tiktokybviral/video/7177975649834110214,17.5K,2161,1830,2022-12-17
xlama tuu...menteri cap ğŸ“...,@eiiyannpng07,PenungguRimba ...07png ,1,0,1w ago ,2023-01-30,https://www.tiktok.com/@tiktokybviral/video/7177975649834110214,17.5K,2161,1830,2022-12-17
Xkesahla nk gabung gn sape..MENTERI EKONOMI tu kuasa beso.swuh tlong taye opr disuwuhye kite taye bank negara sendriğŸ¤¦â€â™€ï¸.aku keje pakgad xkn nk jmpe.,@miqa_miqael,Miqa_MiqaeL ,0,0,1w ago ,2023-01-30,https://www.tiktok.com/@tiktokybviral/video/7177975649834110214,17.5K,2161,1830,2022-12-17
"politik x bleh percaya 100% bang, nma pun politik mesti kelentong punya",@geeopik000,"geeopik"" ",0,0,1w ago ,2023-01-30,https://www.tiktok.com/@tiktokybviral/video/7177975649834110214,17.5K,2161,1830,2022-12-17
Tetapi turun Padang untuk tahu Rakyat dapat menikmati faedah dari pada kerajaan baru,@cdfestus,cdfestus ,0,0,1w ago ,2023-01-30,https://www.tiktok.com/@tiktokybviral/video/7177975649834110214,17.5K,2161,1830,2022-12-17
ğŸ˜‚ğŸ˜‚ğŸ˜‚ğŸ˜‚,@abggaschannel,Gas Komposit Channel ,0,0,1w ago ,2023-01-30,https://www.tiktok.com/@tiktokybviral/video/7177975649834110214,17.5K,2161,1830,2022-12-17
Kerajaan TIDAK BERKUALITI,@spendarabakk,â–ˆâ–ˆâ–ˆâ–ˆâ–ˆâ–ˆâ–ˆâ–ˆâ–ˆâ–ˆâ–ˆâ–ˆâ–ˆâ–ˆâ–ˆâ–ˆâ–ˆâ–ˆ ,0,0,1w ago ,2023-01-30,https://www.tiktok.com/@tiktokybviral/video/7177975649834110214,17.5K,2161,1830,2022-12-17
ğŸ˜…ğŸ˜…ğŸ˜…ğŸ˜…ğŸ˜…ğŸ˜…,@liana_najwa,liana_najwa ,0,0,1w ago ,2023-01-30,https://www.tiktok.com/@tiktokybviral/video/7177975649834110214,17.5K,2161,1830,2022-12-17
Biarlh ap orng nk ckp,@tihamid3,@Tihamid333 ,0,0,1-22,2023-01-30,https://www.tiktok.com/@tiktokybviral/video/7177975649834110214,17.5K,2161,1830,2022-12-17
Semua sbb ada kepentinggan sanggup buat apa sajağŸ˜,@ira8010,Mas8108 ,0,0,1-22,2023-01-30,https://www.tiktok.com/@tiktokybviral/video/7177975649834110214,17.5K,2161,1830,2022-12-17
rafizi terbaik.. yg dok kecam tu hgpa jaa...,@kedahlanie,Kedah Lanie ,4,0,1-20,2023-01-30,https://www.tiktok.com/@tiktokybviral/video/7177975649834110214,17.5K,2161,1830,2022-12-17
@wemedia:abis kamu nak kerajaan Malaysia terus tergantung ke atau sebenarnya kamu nak UMNO sokong kamu PN.,@pu13717718,wemedia ,0,0,1-18,2023-01-30,https://www.tiktok.com/@tiktokybviral/video/7177975649834110214,17.5K,2161,1830,2022-12-17
Move on,@user2706992642247,waro othman ,0,0,1-18,2023-01-30,https://www.tiktok.com/@tiktokybviral/video/7177975649834110214,17.5K,2161,1830,2022-12-17
Sudah2 la,@user2706992642247,waro othman ,0,0,1-18,2023-01-30,https://www.tiktok.com/@tiktokybviral/video/7177975649834110214,17.5K,2161,1830,2022-12-17
Standard la menteri PH..baru tau ka?,@user2290598072601,user2290598072601 ,0,0,1-17,2023-01-30,https://www.tiktok.com/@tiktokybviral/video/7177975649834110214,17.5K,2161,1830,2022-12-17
"pasti ada hikmah PH YG Memerintah. . lepas ni, kalau masih nak pilih, mmg sangat pelik lah",@brofairuz,Fairuz Harun ,0,0,1-17,2023-01-30,https://www.tiktok.com/@tiktokybviral/video/7177975649834110214,17.5K,2161,1830,2022-12-17
"sudahÂ² lah..time berpolitik udh abisss,,cuba ckp parti mne yg baik, dan pemimpim mana yg bersih, cuba ko ckp",@zhar665,azhar ,0,0,1-17,2023-01-30,https://www.tiktok.com/@tiktokybviral/video/7177975649834110214,17.5K,2161,1830,2022-12-17
yg mengundi rafizi pun sama je,@along_ariff,Along_Ariff ,0,0,1-17,2023-01-30,https://www.tiktok.com/@tiktokybviral/video/7177975649834110214,17.5K,2161,1830,2022-12-17
kesian fizi ğŸ˜‚ğŸ˜‚ğŸ˜‚ğŸ˜‚,@atuk66,Atuk Abah ,0,0,1-15,2023-01-30,https://www.tiktok.com/@tiktokybviral/video/7177975649834110214,17.5K,2161,1830,2022-12-17
Apa2 pun kata sebagai rakyat beri peluang jaga rakyat kalau nak kira org politik semua sama tak puas lima tahun tukarğŸ˜‚ğŸ˜‚ğŸ˜‚,@user228980670617keriba,user228980670617Nana ,0,0,1-14,2023-01-30,https://www.tiktok.com/@tiktokybviral/video/7177975649834110214,17.5K,2161,1830,2022-12-17
Boss dlm politic apa pun boleh jadi.... Orang politik always play smart demi diri sendiri. Apa dia nak kisah masaalah rakyat.,@rahimrnz,rahimrnz ,0,0,1-11,2023-01-30,https://www.tiktok.com/@tiktokybviral/video/7177975649834110214,17.5K,2161,1830,2022-12-17
"Betulke, saya tetap sokong RR. sehingga kini.Demi perpaduan yg diinginkan YDPA kami ok jer.tak ada madalaj pun. naper nsk FitnahğŸ˜‚ğŸ˜‚ğŸ˜‚ğŸ˜‚",@paparock033,Ujang ,0,0,1-11,2023-01-30,https://www.tiktok.com/@tiktokybviral/video/7177975649834110214,17.5K,2161,1830,2022-12-17
Mesti yg komen dan buat kontent ni org PN...ğŸ˜…,@arjunatapa79,arjunatapa ,0,0,1-10,2023-01-30,https://www.tiktok.com/@tiktokybviral/video/7177975649834110214,17.5K,2161,1830,2022-12-17
kesian rakyat malaysia.emmmm,@daudzahri,Daud Zahri ,0,0,1-10,2023-01-30,https://www.tiktok.com/@tiktokybviral/video/7177975649834110214,17.5K,2161,1830,2022-12-17
"Umno pernah kata masa kempen, no Anwar & Dap.",@muhdsofiadi,muhdsofiadi ,0,0,1-10,2023-01-30,https://www.tiktok.com/@tiktokybviral/video/7177975649834110214,17.5K,2161,1830,2022-12-17
@rafiziramli,@saifulnizam099,eh Sepul la ,0,0,3d ago ,2023-01-30,https://www.tiktok.com/@tiktokybviral/video/7177975649834110214,17.5K,2161,1830,2022-12-17
wutohhhh,@m.s.h_4,S | HğŸŒ¾ ,0,0,4d ago ,2023-01-30,https://www.tiktok.com/@tiktokybviral/video/7177975649834110214,17.5K,2161,1830,2022-12-17
@puteriisarii,@amir_khan345464,lc135fi ,0,0,1w ago ,2023-01-30,https://www.tiktok.com/@tiktokybviral/video/7177975649834110214,17.5K,2161,1830,2022-12-17
hahahahahaaa.......,@poklieh,PoklieH ,0,0,1w ago ,2023-01-30,https://www.tiktok.com/@tiktokybviral/video/7177975649834110214,17.5K,2161,1830,2022-12-17
kecewa lg ke bro kalah pru itu hariğŸ˜‚,@sboglobe,sboglobe ,0,0,1-22,2023-01-30,https://www.tiktok.com/@tiktokybviral/video/7177975649834110214,17.5K,2161,1830,2022-12-17
setuju,@pakyibjengkreng,Jamsharif ,0,0,1-12,2023-01-30,https://www.tiktok.com/@tiktokybviral/video/7177975649834110214,17.5K,2161,1830,2022-12-17
setuju bang,@akupejuangbukanpetualang,DDin BP ,0,0,1-11,2023-01-30,https://www.tiktok.com/@tiktokybviral/video/7177975649834110214,17.5K,2161,1830,2022-12-17
"What date for this clip msg?
ğŸ‘‡
Young generation waiting for
NEXT COMING ELECTION IS PRU16 > https://www.facebook.com/groups/1783091125406333",@knajidxox1,user6232244567155 ,5,0,2022-12-17,2023-01-30,https://www.tiktok.com/@tiktokybviral/video/7177975649834110214,17.5K,2161,1830,2022-12-17
"ok je.. dia... penyokong mana yg kritik tu..??? ğŸ˜‚ğŸ˜‚
jgn caya sgt kalau kata dulu sokong skrg kritik.. tu puak PM SD tu.. ğŸ˜‚ğŸ˜‚ğŸ˜‚",@coffeen79,Firdee Ent ,0,0,1h ago ,2023-01-30,https://www.tiktok.com/@tiktokybviral/video/7177975649834110214,17.5K,2161,1830,2022-12-17
dunia akhir zaman mcm ni lah yg hat penyamun yg hat penyangak tu yg org pilih buat menteri hahahaha,@azaharmohamad42,azaharmohamad42 ,0,0,2h ago ,2023-01-30,https://www.tiktok.com/@tiktokybviral/video/7177975649834110214,17.5K,2161,1830,2022-12-17
rafizi meludah kelangit jatuh kahak atas muka sendiriğŸ˜‚ğŸ˜‚ğŸ˜‚,@bravosixth885,bravosixth885 ,0,0,5h ago ,2023-01-30,https://www.tiktok.com/@tiktokybviral/video/7177975649834110214,17.5K,2161,1830,2022-12-17
menteri fomula,@longbuaya,longbuaya ,0,0,2d ago ,2023-01-30,https://www.tiktok.com/@tiktokybviral/video/7177975649834110214,17.5K,2161,1830,2022-12-17
Muka macam menteri fasola,@karimsulong,Zack ,0,0,2d ago ,2023-01-30,https://www.tiktok.com/@tiktokybviral/video/7177975649834110214,17.5K,2161,1830,2022-12-17
"sy penyokong , tp tÃ¨tap faham Rafizi . Penyokong mana yg hina Rafizi ?ğŸ˜… rsanya xde pun ğŸ˜…",@abangkacak915,abangkacak915 ,0,0,2d ago ,2023-01-30,https://www.tiktok.com/@tiktokybviral/video/7177975649834110214,17.5K,2161,1830,2022-12-17
kau yang cakap bukan penyokong rafizi,@sanusiabdullahsam,sanusiabdullahsam ,0,0,3d ago ,2023-01-30,https://www.tiktok.com/@tiktokybviral/video/7177975649834110214,17.5K,2161,1830,2022-12-17
mungkin dia ada masalah amnesia kot. doakan yg baik-baik saja utk beliauğŸ˜,@boochi_9,N9_ ,0,0,3d ago ,2023-01-30,https://www.tiktok.com/@tiktokybviral/video/7177975649834110214,17.5K,2161,1830,2022-12-17
memang apa dia cakap semua tak boleh pakai pun.. Dari dulu pun Cuma putar2 je... ğŸ˜‚ğŸ˜‚,@jeepida,jeepida ,0,0,3d ago ,2023-01-30,https://www.tiktok.com/@tiktokybviral/video/7177975649834110214,17.5K,2161,1830,2022-12-17
Rafizi kan darah PENYAMUN,@liaw18,@Hj. Liaw ,0,0,4d ago ,2023-01-30,https://www.tiktok.com/@tiktokybviral/video/7177975649834110214,17.5K,2161,1830,2022-12-17
"More to come. Naik dgn fitnah ni, Tak de yg kekal. Dulu bukan main lagi dgn cemuh keji cerca segala bagai kat PM6. Allah tak tido!! Just u wait YB",@nile_moses84,Nile Moses ,0,0,4d ago ,2023-01-30,https://www.tiktok.com/@tiktokybviral/video/7177975649834110214,17.5K,2161,1830,2022-12-17
"Hahaha, Rafizi BODOH!!!!!!!! Manalah dia ada Pengalaman!! Tin Kosong!!!!! Betul!!!",@kingzy73,user4335390784948 ,0,0,4d ago ,2023-01-30,https://www.tiktok.com/@tiktokybviral/video/7177975649834110214,17.5K,2161,1830,2022-12-17
sapa sokong dia?,@haffis2812,haffis2812 ,0,0,4d ago ,2023-01-30,https://www.tiktok.com/@tiktokybviral/video/7177975649834110214,17.5K,2161,1830,2022-12-17
ckp banyak buat ape..mari lah jatuh kn dia cpt..rakyat takot ke...,@jiwakacau776,jiwakacau ,0,0,5d ago ,2023-01-30,https://www.tiktok.com/@tiktokybviral/video/7177975649834110214,17.5K,2161,1830,2022-12-17
Padam muke piji,@fahimnanasmd2,TanamSayur ,0,0,5d ago ,2023-01-30,https://www.tiktok.com/@tiktokybviral/video/7177975649834110214,17.5K,2161,1830,2022-12-17
Sampai bila2 pun Rafizi takkan dapat nak tandingi Azmin,@jonibravos,JoniBravos ,0,0,5d ago ,2023-01-30,https://www.tiktok.com/@tiktokybviral/video/7177975649834110214,17.5K,2161,1830,2022-12-17
PH KAKI KENCING,@kayyariffin,Kayy Ariffin ,0,0,5d ago ,2023-01-30,https://www.tiktok.com/@tiktokybviral/video/7177975649834110214,17.5K,2161,1830,2022-12-17
ini kan yg macai ph nak..skg rasa kan la,@eijaldotdot,insanğŸ”›biasaâœ… ,0,0,5d ago ,2023-01-30,https://www.tiktok.com/@tiktokybviral/video/7177975649834110214,17.5K,2161,1830,2022-12-17
rafizi kan! mulut macam perempuan.ğŸ˜‚ğŸ˜‚ğŸ˜‚ğŸ˜‚ğŸ˜‚,@zarifadman,ZarifAdman ,0,0,5d ago ,2023-01-30,https://www.tiktok.com/@tiktokybviral/video/7177975649834110214,17.5K,2161,1830,2022-12-17
piji oh piji,@godeng28,godeng28 ,0,0,5d ago ,2023-01-30,https://www.tiktok.com/@tiktokybviral/video/7177975649834110214,17.5K,2161,1830,2022-12-17
"Jika kerajaan ini jatuh, rakyat tahu tin kosong adalah punca nya. Mohon YAB PM review kedudukan Menteri tidak berfungsi ini.",@dksbi61,DKSBI61 ,0,0,5d ago ,2023-01-30,https://www.tiktok.com/@tiktokybviral/video/7177975649834110214,17.5K,2161,1830,2022-12-17
Korang yg pilih dia pastu korang nk ganyang dia... Dia x salah.. Yg salah korang yg undi dia. Sekian ğŸ˜…,@yied_20,Longkaimelayu20 ,0,0,5d ago ,2023-01-30,https://www.tiktok.com/@tiktokybviral/video/7177975649834110214,17.5K,2161,1830,2022-12-17
"Pakar Ekonomi,Pakar boikot, Heeeee**aku senyum tengok tepi je lah..Yg nk diboikot tu kedai sape?Rakyat gaj.Mandat kuasa spe bagi?Rakyat gak ğŸ˜‚ okeybai",@bucksterbuck25,bakrihamza ,0,0,5d ago ,2023-01-30,https://www.tiktok.com/@tiktokybviral/video/7177975649834110214,17.5K,2161,1830,2022-12-17
geng putaq belit.....tengk muka pun x lh belah dah...muka putaq belit,@mohdshahril3667,mohdshahril3667 ,0,0,5d ago ,2023-01-30,https://www.tiktok.com/@tiktokybviral/video/7177975649834110214,17.5K,2161,1830,2022-12-17
"x leh pakai dah ph ni, apa lagi kwn dgn geng2 sakau!!
jom pakat support PN!",@tengkekriang,BatuKikir ,0,0,5d ago ,2023-01-30,https://www.tiktok.com/@tiktokybviral/video/7177975649834110214,17.5K,2161,1830,2022-12-17
Tapi tak seSAMPAH abdulhadiwangfuluss dan mahiaddinyasinpalsu,@rotibutterbakar,Sultan PengKedekut ğŸ‘‘ ,0,0,6d ago ,2023-01-30,https://www.tiktok.com/@tiktokybviral/video/7177975649834110214,17.5K,2161,1830,2022-12-17
"awal2 dulu pun tau kencing, pastu suka sangat kene kencing eh korg pegi pangkah lagiğŸ˜…",@azimatmusica,Azimat Muzika ,0,0,6d ago ,2023-01-30,https://www.tiktok.com/@tiktokybviral/video/7177975649834110214,17.5K,2161,1830,2022-12-17
yg kutuk Rafizi hanya lh walauun PAS/PN biawak shj..org ph x pun..ğŸ˜‚ğŸ˜‚ğŸ˜‚ğŸ˜‚ğŸ˜‚ğŸ¤£ğŸ¤£ğŸ¤£,@abeza123456789,Abe Za ,0,0,6d ago ,2023-01-30,https://www.tiktok.com/@tiktokybviral/video/7177975649834110214,17.5K,2161,1830,2022-12-17
lagu PH dh menunjuk kn PH (parti haprak)ğŸ˜…ğŸ˜…ğŸ˜‚.....HOI HOI YAA HOIğŸ˜…ğŸ˜…,@papalazorazib,papalazorazib ,0,0,6d ago ,2023-01-30,https://www.tiktok.com/@tiktokybviral/video/7177975649834110214,17.5K,2161,1830,2022-12-17
dr dulu kami tahu..penyokong ph je masih cerdik sokong org cerdikğŸ˜‚ğŸ˜‚ğŸ˜‚ph parti helah..,@norfaiezahmohdyusof,faiezah ,0,0,6d ago ,2023-01-30,https://www.tiktok.com/@tiktokybviral/video/7177975649834110214,17.5K,2161,1830,2022-12-17
mana budak2 ph xnk msuk komen ke..,@hafiz_cempleng,HAFIZ CEMPLENG ,0,0,6d ago ,2023-01-30,https://www.tiktok.com/@tiktokybviral/video/7177975649834110214,17.5K,2161,1830,2022-12-17
"hancing ke, haha tnye jea KERANA suka Di kncing habis smua rakyat kena bahana,,,,",@saifulamir062,Saiful Petir ,0,0,6d ago ,2023-01-30,https://www.tiktok.com/@tiktokybviral/video/7177975649834110214,17.5K,2161,1830,2022-12-17
tu pun percaya kat RafiziğŸ˜‚,@muhdasyraf928,asyraf8922 ,0,0,6d ago ,2023-01-30,https://www.tiktok.com/@tiktokybviral/video/7177975649834110214,17.5K,2161,1830,2022-12-17
"Bagus jugak bagi diorang menang, selagi xmenang cai2 semua dok cakap diorang bagus",@user5606214311139,Boy ,0,0,6d ago ,2023-01-30,https://www.tiktok.com/@tiktokybviral/video/7177975649834110214,17.5K,2161,1830,2022-12-17
"mujur PH jd kerajaan
klu PN lg jahanam ekonomi malaysia telur takde minyak masak mahal 42.90 sebotol 5kg",@khairulanuaridris,khairulanuaridris ,0,0,6d ago ,2023-01-30,https://www.tiktok.com/@tiktokybviral/video/7177975649834110214,17.5K,2161,1830,2022-12-17
yang cerca netizen PN ajağŸ˜…ğŸ˜… kami penyokong PH ok aja sbb tahu nak bentuk kerajaan kena bersama BN dan lain2 ..,@mank1965,Man K7647 ,0,0,6d ago ,2023-01-30,https://www.tiktok.com/@tiktokybviral/video/7177975649834110214,17.5K,2161,1830,2022-12-17
Dia hebat jadi pembekang sebab pakai air liur aje..ğŸ˜‚,@alos7720,Alos2022 ,0,0,6d ago ,2023-01-30,https://www.tiktok.com/@tiktokybviral/video/7177975649834110214,17.5K,2161,1830,2022-12-17
kaki cucuk paling hampehh formula 1 pun tak bole pakai ..ppuuuiii,@kellyyani3,kellyyani3 ,0,0,6d ago ,2023-01-30,https://www.tiktok.com/@tiktokybviral/video/7177975649834110214,17.5K,2161,1830,2022-12-17
Yg penting Menteri kaki rasuah x pegang negara lagi bahaya,@khairul_shafee,Mh Khairul Shafee ,0,0,1w ago ,2023-01-30,https://www.tiktok.com/@tiktokybviral/video/7177975649834110214,17.5K,2161,1830,2022-12-17
Menteri paling teruk. ğŸ˜,@rojackwan6,rojackwan6 ,0,0,1w ago ,2023-01-30,https://www.tiktok.com/@tiktokybviral/video/7177975649834110214,17.5K,2161,1830,2022-12-17
relex la baru sebulan sy tgh joget nie.. pengundi rafizi okay ke tu..,@bethe1red,bethe1red ,0,0,1w ago ,2023-01-30,https://www.tiktok.com/@tiktokybviral/video/7177975649834110214,17.5K,2161,1830,2022-12-17
mne penyokong n pengundi pH...mucul jp aku nk tgok...ğŸ˜‚ğŸ˜‚ğŸ˜‚ğŸ˜‚,@rozii1990,rozi ,0,0,1w ago ,2023-01-30,https://www.tiktok.com/@tiktokybviral/video/7177975649834110214,17.5K,2161,1830,2022-12-17
ingat menteri pormula...rupaÂ²nya mentiri pasolağŸ˜‚,@adidah1972,abah72 ,0,0,1w ago ,2023-01-30,https://www.tiktok.com/@tiktokybviral/video/7177975649834110214,17.5K,2161,1830,2022-12-17
YB paling sampah yg wujud dalam malaysia.. Piji,@waan_fx,WAAN  FX ğŸ“‰ ,1,0,1w ago ,2023-01-30,https://www.tiktok.com/@tiktokybviral/video/7177975649834110214,17.5K,2161,1830,2022-12-17
maaf salah tu yg ganyang hnya tak sokong Ph. pykong Ph masih syg dia. ğŸ˜…,@eryphotographer,Eryphotographer ,0,0,1w ago ,2023-01-30,https://www.tiktok.com/@tiktokybviral/video/7177975649834110214,17.5K,2161,1830,2022-12-17
"piji hebat???
bila masa piji hebat?
penghancur negara ada laaa",@yaadam73,Yaadam73 ,0,0,1w ago ,2023-01-30,https://www.tiktok.com/@tiktokybviral/video/7177975649834110214,17.5K,2161,1830,2022-12-17
kami nak pulau kedai makan....rafizi sedang tabur kencing,@eazman,eazman ,0,0,1w ago ,2023-01-30,https://www.tiktok.com/@tiktokybviral/video/7177975649834110214,17.5K,2161,1830,2022-12-17
abg pun jgn dok bom kami pulak stg tgk jdy mcm rafizi,@abgleh,abg leh ,0,0,1w ago ,2023-01-30,https://www.tiktok.com/@tiktokybviral/video/7177975649834110214,17.5K,2161,1830,2022-12-17
otak formula dia hanya bole di pakai waktu jd pembangkang.. bila da jd kerajaan.. otaknya sudah hilangğŸ˜‚ğŸ˜‚ğŸ˜‚,@azmanshah92,ğŸ’¥ğŸ‡²â€ŠğŸ‡¦â€ŠğŸ‡³â€Š ğŸ‡¨â€ŠğŸ‡¦â€ŠğŸ‡°â€ŠğŸ‡´â€ŠğŸ‡®â€ŠğŸ’¥ ,0,0,1w ago ,2023-01-30,https://www.tiktok.com/@tiktokybviral/video/7177975649834110214,17.5K,2161,1830,2022-12-17
nk buat mcm mna bos...biar penyokong tegar rafizi kenal siapa beliau ğŸ˜‚ğŸ˜‚ğŸ˜‚,@p.a.d.80821018,PelakonAtasDunia24434 ,0,0,1w ago ,2023-01-30,https://www.tiktok.com/@tiktokybviral/video/7177975649834110214,17.5K,2161,1830,2022-12-17
Byk bunyi sgt dulu.. cmtu la.. dlu ckp mmg senang sbb bukan yg mengurusğŸ˜‚,@allifrashid1,byAllifRashid ,0,0,1w ago ,2023-01-30,https://www.tiktok.com/@tiktokybviral/video/7177975649834110214,17.5K,2161,1830,2022-12-17
lbh teruk drpd azmin dia ni...ğŸ˜,@user1640328623206,~Shafizwa~ ,0,0,1w ago ,2023-01-30,https://www.tiktok.com/@tiktokybviral/video/7177975649834110214,17.5K,2161,1830,2022-12-17
Kali Ni ramai yg benar ii bau hanch.......dulu Lagi beta dah cakap pandai cakap jer... tapi...Bila Jadi menteri terus Jadi bod**....kekeke,@goku.nakal.jr,Goku.Nakal ,0,0,1w ago ,2023-01-30,https://www.tiktok.com/@tiktokybviral/video/7177975649834110214,17.5K,2161,1830,2022-12-17
jgn lupa kerja Allah swt apabila kita kata kat org maka itu lah yg terjadi pada diri kita.,@bobzainal447,bobzainal447 ,0,0,1w ago ,2023-01-30,https://www.tiktok.com/@tiktokybviral/video/7177975649834110214,17.5K,2161,1830,2022-12-17
kau jer baru tahu...,@mattdanrosli,Matt Dan Rosli ,0,0,1w ago ,2023-01-30,https://www.tiktok.com/@tiktokybviral/video/7177975649834110214,17.5K,2161,1830,2022-12-17
betul ke Rafizi pindah ke Melaka sebab senang nak makan CINCAU..ğŸ¤£ğŸ¤£ğŸ¤£ğŸ¤£,@beebaby705,BeeBaby705 ,0,0,1w ago ,2023-01-30,https://www.tiktok.com/@tiktokybviral/video/7177975649834110214,17.5K,2161,1830,2022-12-17
Klau nak tngok menteri tin kosong tngok parti amanah smua muka SPM soalan bocor@ABAH.aspirasi betul x bah?!,@_amaer,Aimar ,0,0,1w ago ,2023-01-30,https://www.tiktok.com/@tiktokybviral/video/7177975649834110214,17.5K,2161,1830,2022-12-17
hi semua yg bujang..happy x dpt rm100 dri kerajaan perpaduan yg dikasihi?alhamdulillah sy da dpt,@adyasmara69,Ady Asmara ,0,0,1w ago ,2023-01-30,https://www.tiktok.com/@tiktokybviral/video/7177975649834110214,17.5K,2161,1830,2022-12-17
"mana ada, papacai tetap jilat menteri sampah dalam sejarah tu ğŸ˜‚",@user708373420,Xilym springwood ,0,0,1w ago ,2023-01-30,https://www.tiktok.com/@tiktokybviral/video/7177975649834110214,17.5K,2161,1830,2022-12-17
"lapiji ni klu dia cakap 10,11 kita xboley pecaya.. smua tahyul jer ğŸ¤£ğŸ¤£ğŸ¤£",@zahirgiant,zahirGiant ,0,0,1w ago ,2023-01-30,https://www.tiktok.com/@tiktokybviral/video/7177975649834110214,17.5K,2161,1830,2022-12-17
semua menteri dan kerajaan berbanduan dan kluster memang sampah sarap kitar semula dalam malaysia kami rakyat tahu walanun ja yg x percayağŸ˜‚,@miecheaik,mohd yusni md taib ,0,0,1w ago ,2023-01-30,https://www.tiktok.com/@tiktokybviral/video/7177975649834110214,17.5K,2161,1830,2022-12-17
menteri tolol..sembang kari,@user_tibe,@#*4085 ,0,0,1-22,2023-01-30,https://www.tiktok.com/@tiktokybviral/video/7177975649834110214,17.5K,2161,1830,2022-12-17
ko yg berckp tin tin karat kosong apa pun tak boleh,@yazid_ahmad210,Yazid_Ahmad ,0,0,1-21,2023-01-30,https://www.tiktok.com/@tiktokybviral/video/7177975649834110214,17.5K,2161,1830,2022-12-17
rafizi lidah biawak.ğŸ˜‚ğŸ˜‚,@nazlivr,nazlivr ,0,0,1-20,2023-01-30,https://www.tiktok.com/@tiktokybviral/video/7177975649834110214,17.5K,2161,1830,2022-12-17
x payah la dok buat isu sepatutnya kita. membantu untuk memulihkan ekonomi negara,@rosdisedi35,rosdisedi35 ,2,0,1-20,2023-01-30,https://www.tiktok.com/@tiktokybviral/video/7177975649834110214,17.5K,2161,1830,2022-12-17
ğŸ˜‚ğŸ˜‚ğŸ˜‚ğŸ˜‚ğŸ˜‚ Rafizi tu TONG KOSONG. Aku sebelum ni ingatkan dia bijak. Rupanya aku silap,@mearsear,Mat Apan ,0,0,1-19,2023-01-30,https://www.tiktok.com/@tiktokybviral/video/7177975649834110214,17.5K,2161,1830,2022-12-17
"kita dah tahu yg rafizi ni betul2 tin kosong, Ok lah tu bukan lama pun satu panggalğŸ˜‚ğŸ˜‚ğŸ˜‚",@ikhramsyah1,Ikhram Syah ,0,0,1-19,2023-01-30,https://www.tiktok.com/@tiktokybviral/video/7177975649834110214,17.5K,2161,1830,2022-12-17
macai ph dah start koyak hahahaha,@apis_banjar,Getah racing ,0,0,1-18,2023-01-30,https://www.tiktok.com/@tiktokybviral/video/7177975649834110214,17.5K,2161,1830,2022-12-17
Rapiji... Pakar ekonomi tentang selok belok bahagian pekencingan.. Sektor jaga perut buncit sendiri...maaf ye kalau ada salah silap ğŸ˜,@pendita1304,HUZAIFAH BETARAGURU ,0,0,1-18,2023-01-30,https://www.tiktok.com/@tiktokybviral/video/7177975649834110214,17.5K,2161,1830,2022-12-17
cari azam nk buat apa? dia buat kerja dia,@user6486101830200,user6486101830200 ,0,0,1-18,2023-01-30,https://www.tiktok.com/@tiktokybviral/video/7177975649834110214,17.5K,2161,1830,2022-12-17
Rafizi ni mcm badut sekarang ni.. ğŸ¤¡,@husairy7,Kucai7 ,0,0,1-17,2023-01-30,https://www.tiktok.com/@tiktokybviral/video/7177975649834110214,17.5K,2161,1830,2022-12-17
"...abis tu YDPA pun sampah lah, ke guane?",@hazahaharis,hazahaharis ,0,0,1-17,2023-01-30,https://www.tiktok.com/@tiktokybviral/video/7177975649834110214,17.5K,2161,1830,2022-12-17
kurangkan makan ayam ye anak2,@_hxnef,Gema ,0,0,1-17,2023-01-30,https://www.tiktok.com/@tiktokybviral/video/7177975649834110214,17.5K,2161,1830,2022-12-17
"ckp la apaa pn...kami tetap sokong ph...kami penyokong tegar rafizi... klu dy menteri sampah,kami y pngundi ph ni la langaunya..
#hidup sampahğŸ˜…ğŸ˜…ğŸ˜…",@annaz827,â„™ğ•’ğ•¡ğ•’_ğ”¸ğ•Ÿğ•Ÿğ•’ğ•« ,1,0,1-17,2023-01-30,https://www.tiktok.com/@tiktokybviral/video/7177975649834110214,17.5K,2161,1830,2022-12-17
abg cakap la banyak mana pun..buat la video banyak2...macai PH tetap macai PH..dorang buta bang.,@hairie_ery2096,hairie_erry2096 ,0,0,1-17,2023-01-30,https://www.tiktok.com/@tiktokybviral/video/7177975649834110214,17.5K,2161,1830,2022-12-17
Nampak sgt hg tk phm . Bukan kerajaan PH ni . Klu tk gabung tkda kerajaan la . Org lain ok ja haaa,@mdrazuwanmansor,Md Razuwan Mansor ,0,0,1-17,2023-01-30,https://www.tiktok.com/@tiktokybviral/video/7177975649834110214,17.5K,2161,1830,2022-12-17
ko je yang kutuk dia. aku ok jer.... ğŸ˜‚ğŸ˜‚ğŸ˜‚ğŸ˜‚ğŸ˜‚ğŸ˜‚,@chepoi769,Chepoi ,0,0,1-17,2023-01-30,https://www.tiktok.com/@tiktokybviral/video/7177975649834110214,17.5K,2161,1830,2022-12-17
DSAI N RAFIZI PEJUANG SEBENAR. Buat pekak je,@kimhijau,Kim Hi Jau ,0,0,1-17,2023-01-30,https://www.tiktok.com/@tiktokybviral/video/7177975649834110214,17.5K,2161,1830,2022-12-17
mana isu LCS... isu arwah adib... mana isu zahid... mknan simpanan negara... isu rasuah mana isu bossmu...,@jeepgarajkayu,jeepgarajkayu ,0,0,1-17,2023-01-30,https://www.tiktok.com/@tiktokybviral/video/7177975649834110214,17.5K,2161,1830,2022-12-17
"da kenapa cara ckp mcm yb pandan da hahaha.. bg la can, rakyat mengharapkan formula harga rumah keta barang turun, and gaji naik",@mailmahat,Ismail Mahat ,0,0,1-16,2023-01-30,https://www.tiktok.com/@tiktokybviral/video/7177975649834110214,17.5K,2161,1830,2022-12-17
Hahahaha aku dah lama nampak. Jgn kata sebelum pru15. Dari 2008 lagi aku tak percaya pd PH dan Pkr.,@ahsanullahosman88,Ahsanullah Osman ,0,0,1-16,2023-01-30,https://www.tiktok.com/@tiktokybviral/video/7177975649834110214,17.5K,2161,1830,2022-12-17
