comment,username,nickname,likes,noOfRepliedComments,posted_date,extracted_date,video_link,video_likes,video_comments,video_shared,video_posted_date
terbaik nurul.jgn peduli apa org kata.3 penggal jd mp.10 thn dlm PAC.Anda sememangnya layak pegang jawatan ini.,@azmi_0366,Azmi_0366 ,108,5,1d ago ,2023-02-03,https://www.tiktok.com/@sara.bakri2/video/7195055045472226586,2550,615,241,2023-2-2
kecian geng abah meroyan tak sudahğŸ˜‚ğŸ˜‚ğŸ˜‚ğŸ˜‚ğŸ˜‚,@halim_2182,halim_2182 ,112,12,1d ago ,2023-02-03,https://www.tiktok.com/@sara.bakri2/video/7195055045472226586,2550,615,241,2023-2-2
baik pecat semua menteri tinggal mereka 3 beranakğŸ˜‚,@hajimefath4,FathiAjime ,102,37,1d ago ,2023-02-03,https://www.tiktok.com/@sara.bakri2/video/7195055045472226586,2550,615,241,2023-2-2
jgn peduli apa org nak cakap yg penting Nurul izzah terbaik,@hariadifirdanlala3,hariadi firdan lala ,8,0,1d ago ,2023-02-03,https://www.tiktok.com/@sara.bakri2/video/7195055045472226586,2550,615,241,2023-2-2
terbaik Nurul bekerja tanpa dibayar,@hashim127768,hashimahmed ,58,6,1d ago ,2023-02-03,https://www.tiktok.com/@sara.bakri2/video/7195055045472226586,2550,615,241,2023-2-2
dia tau anak dia xkan jatuhkan dia SBB Tu dia lantik anak dia...,@cikanis65,â¤ï¸Cik anis ğŸ’ ,31,2,1d ago ,2023-02-03,https://www.tiktok.com/@sara.bakri2/video/7195055045472226586,2550,615,241,2023-2-2
Alhamdulillah kerajaan perpaduan. Segala puji bagi Allah,@maggun7,MagGun7 ,7,0,1d ago ,2023-02-03,https://www.tiktok.com/@sara.bakri2/video/7195055045472226586,2550,615,241,2023-2-2
Alhamdulillah syukur DSAI PM ku,@curiosity69_05,Faruza Zainal ,11,0,1d ago ,2023-02-03,https://www.tiktok.com/@sara.bakri2/video/7195055045472226586,2550,615,241,2023-2-2
memamg dia layak...Terbaik Nurul,@sofianaisy76,SC sofian ,7,0,1d ago ,2023-02-03,https://www.tiktok.com/@sara.bakri2/video/7195055045472226586,2550,615,241,2023-2-2
"terbaik Dsai ..teruskan usaha membangun negara..
tahniah Nurul Izzah..selamat berkhidmat",@ummirosspink,LamanImpian ,86,1,1d ago ,2023-02-03,https://www.tiktok.com/@sara.bakri2/video/7195055045472226586,2550,615,241,2023-2-2
mari rakyat Malaysia kita sokong Anwar dan Nurul itu yang terbaik buat Malaysia.,@_nannn46,nan rempit ğŸš€âš¡ ,9,0,1d ago ,2023-02-03,https://www.tiktok.com/@sara.bakri2/video/7195055045472226586,2550,615,241,2023-2-2
ok lah trkawal sgalanya..dan RASUAH pun dpat dbendung dgn sbaiknya..itu yg DSA nkkn agar MALAYSIA bersih dari virus ni..,@zainabisa63,Zainab Isa ,8,0,1d ago ,2023-02-03,https://www.tiktok.com/@sara.bakri2/video/7195055045472226586,2550,615,241,2023-2-2
terbaik ank pm k 10 ni hidup nurul izzah terbaik sngat x salah pm k 10 didikan anknnya membuka mata 1 mlaysia ğŸ‘ŒğŸ‘ğŸ‘ğŸ‘ğŸ˜˜ğŸ˜˜ğŸ˜˜ğŸ˜˜ğŸ’ƒğŸ’ƒğŸ’ƒğŸ’ƒ,@Roze_Idayu,Roze_Idayu ,41,0,1d ago ,2023-02-03,https://www.tiktok.com/@sara.bakri2/video/7195055045472226586,2550,615,241,2023-2-2
ini adalah reformasi rakyat Nurul Izzah jalankan tugas dgn baik tahniah tanpa gajiğŸ‘ğŸ‘ğŸ‘,@chenori26,chenori26 ,20,1,1d ago ,2023-02-03,https://www.tiktok.com/@sara.bakri2/video/7195055045472226586,2550,615,241,2023-2-2
Kita percaya dengan keputusan PM.. 1 langkah yg bijaksana,@tehpeng_0,Your Enemy ,27,2,1d ago ,2023-02-03,https://www.tiktok.com/@sara.bakri2/video/7195055045472226586,2550,615,241,2023-2-2
dsai dan nurul izzah terbaik ğŸ¥°,@dayanairwani1,dayanairwani ,8,0,1d ago ,2023-02-03,https://www.tiktok.com/@sara.bakri2/video/7195055045472226586,2550,615,241,2023-2-2
"urusan tender dah ada bhg perolehan kerajaan, kecuali Nurul nak tentukan sape dapat.",@abanglong757,Tik Toker Abg Long ,17,4,1d ago ,2023-02-03,https://www.tiktok.com/@sara.bakri2/video/7195055045472226586,2550,615,241,2023-2-2
"Ex PAC , dia tahu kat mana org sakau",@tiktokpapa2020,user1924553511481 ,6,0,1d ago ,2023-02-03,https://www.tiktok.com/@sara.bakri2/video/7195055045472226586,2550,615,241,2023-2-2
Btl tu klau project x ikut peraturan patutlah dibatalkan terbaek Dsai,@razaqxaq,Razak Zak595 ,6,0,1d ago ,2023-02-03,https://www.tiktok.com/@sara.bakri2/video/7195055045472226586,2550,615,241,2023-2-2
"DSAI+Nurul terbaik,teruskan tanpa gaji bantu- membantu semak dan kawal kitirisan Wang negara takut nanti ada yang sakau.tak sangup dah.ğŸ˜­ğŸ˜­ğŸ˜­",@michelbayangbayan,michelbayangbayan ,6,1,1d ago ,2023-02-03,https://www.tiktok.com/@sara.bakri2/video/7195055045472226586,2550,615,241,2023-2-2
Kesayangan ramai.. ğŸ¥°ğŸ¥°ğŸ¥°,@wihanislandscaper,Wihanis Landscaper ,6,0,1d ago ,2023-02-03,https://www.tiktok.com/@sara.bakri2/video/7195055045472226586,2550,615,241,2023-2-2
"Alhamdulillah,, PHğŸ’ªğŸ‘ğŸ‘",@zaidihalim299,zaidihalim299 ,6,0,1d ago ,2023-02-03,https://www.tiktok.com/@sara.bakri2/video/7195055045472226586,2550,615,241,2023-2-2
"terbaik nurul.,. teruskan.....ğŸ˜ğŸ˜ğŸ˜ğŸ˜ğŸ˜",@mohdzamre74,mohdzamre78 ,6,0,1d ago ,2023-02-03,https://www.tiktok.com/@sara.bakri2/video/7195055045472226586,2550,615,241,2023-2-2
Nurul. You are the best choice,@user7252774358640,user7252774358640 ,7,0,1d ago ,2023-02-03,https://www.tiktok.com/@sara.bakri2/video/7195055045472226586,2550,615,241,2023-2-2
ğŸ˜‚ğŸ˜‚ğŸ˜‚ğŸ˜‚ğŸ˜‚ğŸ˜‚ğŸ˜‚,@king_alang,KING ,0,0,46m ago ,2023-02-03,https://www.tiktok.com/@sara.bakri2/video/7195055045472226586,2550,615,241,2023-2-2
ğŸ˜‚ğŸ˜‚terbaik komen...si izah ni dlu xfrend aku au...jadi klu pe2 Abg turun dluğŸ˜‹,@margaslawins7737,MARGAS LAWINS ,0,0,2023-2-3,2023-02-03,https://www.tiktok.com/@sara.bakri2/video/7195055045472226586,2550,615,241,2023-2-2
syabas DSAI,@glokalhoi,Glokal Hoi ,0,0,2023-2-3,2023-02-03,https://www.tiktok.com/@sara.bakri2/video/7195055045472226586,2550,615,241,2023-2-2
sebb jnda kn.. mmg lh msing2 angkat.. kn jnda didahulu knğŸ˜‚ğŸ˜‚,@nurhayati_7852,nurhayati_7852 ,0,0,2023-2-3,2023-02-03,https://www.tiktok.com/@sara.bakri2/video/7195055045472226586,2550,615,241,2023-2-2
lepas tu projek baginkat kroniğŸ˜‚ğŸ˜‚ğŸ˜‚,@bourne722,bourne722 ,0,0,2023-2-3,2023-02-03,https://www.tiktok.com/@sara.bakri2/video/7195055045472226586,2550,615,241,2023-2-2
Hari2 kari2,@ryzal777,ryzz@l ,0,0,2023-2-3,2023-02-03,https://www.tiktok.com/@sara.bakri2/video/7195055045472226586,2550,615,241,2023-2-2
ğŸ¤£ğŸ¤£ğŸ¤£,@pamoagabundle_2023,Pamoaga Bundle_2023 ,0,0,2023-2-3,2023-02-03,https://www.tiktok.com/@sara.bakri2/video/7195055045472226586,2550,615,241,2023-2-2
"REFORMASI , damansara come to support",@addyhatta,addyhatta ,0,0,2023-2-3,2023-02-03,https://www.tiktok.com/@sara.bakri2/video/7195055045472226586,2550,615,241,2023-2-2
hancur PH,@user4619385343258,user4619385343258 ,0,0,2023-2-3,2023-02-03,https://www.tiktok.com/@sara.bakri2/video/7195055045472226586,2550,615,241,2023-2-2
"Semoga Allah permudahkan segala urusan Nurul Izzah dan memberi beliau kesihatan selalu
Ø¢Ù…ÙŠÙ† Ø§Ù„Ù„Ù‡Ù… Ø¢Ù…ÙŠÙ†",@1234567rashidj,1234567rashidj ,0,0,2023-2-3,2023-02-03,https://www.tiktok.com/@sara.bakri2/video/7195055045472226586,2550,615,241,2023-2-2
tahniah nurul izzah ğŸ¥°,@nita_erissa,Nita Erissa ,0,0,2023-2-2,2023-02-03,https://www.tiktok.com/@sara.bakri2/video/7195055045472226586,2550,615,241,2023-2-2
"terbaik. semoga nurul izzah teruskan perjuangan. terus kuat dan tegas hadapi cabaran. nak harap yg lain, lagi tak boleh percaya.",@yapacaioi,YapAcaiOi ,0,0,2023-2-2,2023-02-03,https://www.tiktok.com/@sara.bakri2/video/7195055045472226586,2550,615,241,2023-2-2
Terbaik. Tidak ada pengkhianat. Smg dpt membawa Malaysia terus cemerlang ğŸ‘,@user5099110639683,user5099110639683 ,1,0,2023-2-2,2023-02-03,https://www.tiktok.com/@sara.bakri2/video/7195055045472226586,2550,615,241,2023-2-2
ğŸ¥°,@mojamoya,MojaMoya ,0,0,2023-2-2,2023-02-03,https://www.tiktok.com/@sara.bakri2/video/7195055045472226586,2550,615,241,2023-2-2
gaya ni kwn ni rpt sgguh ngn nrul izah ni psai serba serbi dia tau...kja dia baiq dia bat n kta bat kja kta ja...skit hti sgt pun xleh btpa pun,@paksu1987,user395481259297 ,0,1,2023-2-2,2023-02-03,https://www.tiktok.com/@sara.bakri2/video/7195055045472226586,2550,615,241,2023-2-2
Terbaikkk,@norazahabdazais,Norazah Abd Azais ,0,0,2023-2-2,2023-02-03,https://www.tiktok.com/@sara.bakri2/video/7195055045472226586,2550,615,241,2023-2-2
"mantap dan terbaik
anak singa tak akan berkokok",@user4370812587310,sadik shegaraga ,0,0,2023-2-2,2023-02-03,https://www.tiktok.com/@sara.bakri2/video/7195055045472226586,2550,615,241,2023-2-2
terbaik puan,@jangkang781,Mohd Arif Karim ,0,0,2023-2-2,2023-02-03,https://www.tiktok.com/@sara.bakri2/video/7195055045472226586,2550,615,241,2023-2-2
memang layak..dn tanpa gaji,@andersonbayai,andersonbayai ,0,0,2023-2-2,2023-02-03,https://www.tiktok.com/@sara.bakri2/video/7195055045472226586,2550,615,241,2023-2-2
lantik anak kan senang boleh tutup segalanya jika ade ketirisan,@ismetulamraja90,ismet ulam pegaga ,0,0,2023-2-2,2023-02-03,https://www.tiktok.com/@sara.bakri2/video/7195055045472226586,2550,615,241,2023-2-2
mgkin X pcya geng tu,@siscutesahmura,siscutesahmura ,0,0,2023-2-2,2023-02-03,https://www.tiktok.com/@sara.bakri2/video/7195055045472226586,2550,615,241,2023-2-2
ğŸ¥°ğŸ¥°ğŸ¥°,@ocengnelayan,Oceng Nelayan Abd Ra ,0,0,2023-2-2,2023-02-03,https://www.tiktok.com/@sara.bakri2/video/7195055045472226586,2550,615,241,2023-2-2
terbaik yb Nurul,@muslimsp,Muslim Sp ,0,0,2023-2-2,2023-02-03,https://www.tiktok.com/@sara.bakri2/video/7195055045472226586,2550,615,241,2023-2-2
sekarang undertable deal Kira tak boleh la ğŸ˜‚ğŸ˜‚ğŸ˜‚ğŸ˜‚,@user4439719847490,gopinathan ,0,0,2023-2-2,2023-02-03,https://www.tiktok.com/@sara.bakri2/video/7195055045472226586,2550,615,241,2023-2-2
semoga anak dan bapa akan bergabong buat yang terbaik untuk rakyat Malaysia,@_nannn46,nan rempit ğŸš€âš¡ ,0,0,2023-2-2,2023-02-03,https://www.tiktok.com/@sara.bakri2/video/7195055045472226586,2550,615,241,2023-2-2
demi untok negara ok la tu,@jakaposto,Md Nash ,0,0,2023-2-2,2023-02-03,https://www.tiktok.com/@sara.bakri2/video/7195055045472226586,2550,615,241,2023-2-2
saya pun sokong nurul izzah jadi penesihat ayah nya.pm dsai terbaik untuk malaysiağŸ¥°ğŸ¥°,@abngroker,Abank Roker ,0,0,2023-2-2,2023-02-03,https://www.tiktok.com/@sara.bakri2/video/7195055045472226586,2550,615,241,2023-2-2
"sesiapa suka negara dlm pntbirnya slogan KETIRISAN &RASUAH sila boikot NURUL,sesiapa rasa ngara prlu perbuhn tolak KORUPSI sila beri krja sama NURULğŸ‘Œ",@user4071099839302,user4071099839302 ,0,0,2023-2-2,2023-02-03,https://www.tiktok.com/@sara.bakri2/video/7195055045472226586,2550,615,241,2023-2-2
semoga urusan membantu Papa dia di permudahkn Allah...untuk memertabatkn imej MALAYSIA....,@sitiaminahmoham68,sitiaminahmoham68 ,0,0,2023-2-2,2023-02-03,https://www.tiktok.com/@sara.bakri2/video/7195055045472226586,2550,615,241,2023-2-2
sy cadangkn pecat semua menteri yg ada skrg dan lantik keluarga Anwar bg mengisi kekosongan jwtn menteri,@razalibinnorziman,razalibinnorziman ,0,0,2023-2-2,2023-02-03,https://www.tiktok.com/@sara.bakri2/video/7195055045472226586,2550,615,241,2023-2-2
"org yg selalu di zalimi.
Allah SWT angkat darjat nya.
Dsai terbaik ğŸ‘",@darniturusanbaru,Adam Muhammad Adam ,0,0,2023-2-2,2023-02-03,https://www.tiktok.com/@sara.bakri2/video/7195055045472226586,2550,615,241,2023-2-2
janji betul cara nya tiada salah diapun tahu apa yg akn terjadi kalau buat silap.boleh msk penjara x kira siapa pun.,@ibrahimyusof300,ibrahimyusof300 ,0,0,2023-2-2,2023-02-03,https://www.tiktok.com/@sara.bakri2/video/7195055045472226586,2550,615,241,2023-2-2
waalun jgn cemburu dsn iri hati ye..ini utk kebaikan negara.,@wangsani,wangsani ,0,0,2023-2-2,2023-02-03,https://www.tiktok.com/@sara.bakri2/video/7195055045472226586,2550,615,241,2023-2-2
Terbaik nurul izzahğŸ‘ğŸ‘â¤,@wan_azreen7981,Wan Azreen ,0,0,2023-2-2,2023-02-03,https://www.tiktok.com/@sara.bakri2/video/7195055045472226586,2550,615,241,2023-2-2
ğŸ‘,@kerryhee,Kerry Hee ,0,0,2023-2-2,2023-02-03,https://www.tiktok.com/@sara.bakri2/video/7195055045472226586,2550,615,241,2023-2-2
dari puteri reformasi ke puteri tender,@niezammazein2,niezam ,0,0,2023-2-2,2023-02-03,https://www.tiktok.com/@sara.bakri2/video/7195055045472226586,2550,615,241,2023-2-2
ğŸ¥°ğŸ¥°ğŸ¥°ğŸ¥°,@yassinridzuan,Yassin Ridzuan ,0,0,2023-2-2,2023-02-03,https://www.tiktok.com/@sara.bakri2/video/7195055045472226586,2550,615,241,2023-2-2
ğŸ¥°,@idafarida877,user4288332362463 ,0,0,2023-2-2,2023-02-03,https://www.tiktok.com/@sara.bakri2/video/7195055045472226586,2550,615,241,2023-2-2
Dah jadi kuasa Anak Beranak-pinak,@user88155205430,lebai mat ,1,0,2023-2-2,2023-02-03,https://www.tiktok.com/@sara.bakri2/video/7195055045472226586,2550,615,241,2023-2-2
mari kita tengok siapa yg kena akhirnya,@ismetulamraja90,ismet ulam pegaga ,0,0,2023-2-2,2023-02-03,https://www.tiktok.com/@sara.bakri2/video/7195055045472226586,2550,615,241,2023-2-2
"kalau vetul dsai ni baik,terbaik ,terbilang,pmpin no 1,..dengar suara rakyat..luluskan KWSP 2.0 jangan bunuh rakyat",@user1085861135980,user1085861135980 ,0,1,2023-2-2,2023-02-03,https://www.tiktok.com/@sara.bakri2/video/7195055045472226586,2550,615,241,2023-2-2
Alhamdulillah.. Soga takde rasuah dlm segala tender..,@lizazee367,lizazee367 ,1,0,2023-2-2,2023-02-03,https://www.tiktok.com/@sara.bakri2/video/7195055045472226586,2550,615,241,2023-2-2
Trbaik Nurul....bnteras rasuah jngn bgi muka lgi pda perasuah ni ğŸ¥°,@sidahkasim,sidahkasim ,1,0,2023-2-2,2023-02-03,https://www.tiktok.com/@sara.bakri2/video/7195055045472226586,2550,615,241,2023-2-2
terbaik Nurul Izzah...bkeja tanpa gji.,@granitegrey09,GRANITE GREY ,1,0,2023-2-2,2023-02-03,https://www.tiktok.com/@sara.bakri2/video/7195055045472226586,2550,615,241,2023-2-2
terbaik pmx,@tompulangoi,Tompulangoi ,1,0,2023-2-2,2023-02-03,https://www.tiktok.com/@sara.bakri2/video/7195055045472226586,2550,615,241,2023-2-2
tahniah nurul,@omeleyya,omel ,1,0,2023-2-2,2023-02-03,https://www.tiktok.com/@sara.bakri2/video/7195055045472226586,2550,615,241,2023-2-2
terbaikkk...mcm ni yg rakyat nak....mesti ada ketelusan....jgn mcm pm yg lepas2 bagi projek tanpa tender pada ak menantu dan kroni2...teruskan usaha,@sumbuktubok,#sumbuktubok# ,1,0,2023-2-2,2023-02-03,https://www.tiktok.com/@sara.bakri2/video/7195055045472226586,2550,615,241,2023-2-2
kena saman nnt.. up kn tin Milo yaa...ğŸ˜…ğŸ˜…ğŸ˜…ğŸ˜…ğŸ˜…ğŸ˜…ğŸ˜…ğŸ˜…ğŸ˜…,@user3309295600396,user3309295600396 ,0,0,2023-2-2,2023-02-03,https://www.tiktok.com/@sara.bakri2/video/7195055045472226586,2550,615,241,2023-2-2
Yang terbaik.. hebat2 Nurul izah.. ğŸ¥°ğŸ¥°ğŸ¥°ğŸ¥°,@ummuain01,Ummu Ain ,1,0,2023-2-2,2023-02-03,https://www.tiktok.com/@sara.bakri2/video/7195055045472226586,2550,615,241,2023-2-2
trbaikkk dsai ğŸ¥°,@public_escoba,public_escoba ,1,0,2023-2-2,2023-02-03,https://www.tiktok.com/@sara.bakri2/video/7195055045472226586,2550,615,241,2023-2-2
terbaikğŸ¥°,@awieda2323,awieda ,1,0,2023-2-2,2023-02-03,https://www.tiktok.com/@sara.bakri2/video/7195055045472226586,2550,615,241,2023-2-2
Tetap TERBAIK ... SEMOGA ALLAH MERAHMATI ...,@hjwanjd,Hj Wan JD ,1,0,2023-2-2,2023-02-03,https://www.tiktok.com/@sara.bakri2/video/7195055045472226586,2550,615,241,2023-2-2
terbaik mari kite dua agar allah permudahkan amin,@zackblack721,zackblack721 ,1,0,2023-2-2,2023-02-03,https://www.tiktok.com/@sara.bakri2/video/7195055045472226586,2550,615,241,2023-2-2
terbaik jgn sia2kan sebutir permata,@liepanther4,Lie Panther ,2,0,2023-2-2,2023-02-03,https://www.tiktok.com/@sara.bakri2/video/7195055045472226586,2550,615,241,2023-2-2
kita sebagai rakyat hanya memantau...baik kita pertahan buruk kita tendang,@christinechong441,christinechong441 ,1,0,2023-2-2,2023-02-03,https://www.tiktok.com/@sara.bakri2/video/7195055045472226586,2550,615,241,2023-2-2
Terbaik Nurul PN koyak ğŸ¤£ğŸ¤£ğŸ¤£ğŸ¤£ğŸ¤£,@mazlanabdulrahm,Lala Lan ,2,0,2023-2-2,2023-02-03,https://www.tiktok.com/@sara.bakri2/video/7195055045472226586,2550,615,241,2023-2-2
DSAI memang terbaiklah,@ryanmaulana5689,saiful ,2,0,2023-2-2,2023-02-03,https://www.tiktok.com/@sara.bakri2/video/7195055045472226586,2550,615,241,2023-2-2
ğŸ˜‚ğŸ˜‚ğŸ˜‚ğŸ˜‚x abih2 game,@nantidsana,aliff wan ,0,0,2023-2-2,2023-02-03,https://www.tiktok.com/@sara.bakri2/video/7195055045472226586,2550,615,241,2023-2-2
ğŸ˜‚ğŸ˜‚ kalah bertanding xpe papa angkat nama kamu ağŸ˜‚ğŸ˜‚,@ayie1707,ha_yie jer ,0,0,2023-2-2,2023-02-03,https://www.tiktok.com/@sara.bakri2/video/7195055045472226586,2550,615,241,2023-2-2
terbaik nurul izzah......,@lokhaw,Aman7667 ,1,0,2023-2-2,2023-02-03,https://www.tiktok.com/@sara.bakri2/video/7195055045472226586,2550,615,241,2023-2-2
Papa pandai berlakon pun ikut ja,@papares8,Papares ,0,0,2023-2-2,2023-02-03,https://www.tiktok.com/@sara.bakri2/video/7195055045472226586,2550,615,241,2023-2-2
DSAI Terbaik,@fausam007,FauSam ,1,1,2023-2-2,2023-02-03,https://www.tiktok.com/@sara.bakri2/video/7195055045472226586,2550,615,241,2023-2-2
bgi la sokongan pd dsai...kita tngk 5 tahun...klau x stuju blh tukar...,@ffis4l60,MarlongShop ,2,1,2023-2-2,2023-02-03,https://www.tiktok.com/@sara.bakri2/video/7195055045472226586,2550,615,241,2023-2-2
Why not?,@yaluju,yaluju ,1,0,2023-2-2,2023-02-03,https://www.tiktok.com/@sara.bakri2/video/7195055045472226586,2550,615,241,2023-2-2
perwakilan kewangan bahagian wanita gitu..,@beautymummyirna,beautymummy ,0,0,2023-2-2,2023-02-03,https://www.tiktok.com/@sara.bakri2/video/7195055045472226586,2550,615,241,2023-2-2
ini permata yg x boleh disimpan...teruskan bersuara ditempat yg betul...tahniah nurul izzah.,@azrayus,Azra Yus ,3,0,2023-2-2,2023-02-03,https://www.tiktok.com/@sara.bakri2/video/7195055045472226586,2550,615,241,2023-2-2
terbaik Nurul izzah,@mohamadhilmihilmi,Mohamad Hilmi Hilmi ,1,0,2023-2-2,2023-02-03,https://www.tiktok.com/@sara.bakri2/video/7195055045472226586,2550,615,241,2023-2-2
"Jgn hampa kn abh, yg penting ikhlas, ha,ha, ğŸ˜‚ğŸ˜‚",@irahioiqx01,zerro0 ,0,0,2023-2-2,2023-02-03,https://www.tiktok.com/@sara.bakri2/video/7195055045472226586,2550,615,241,2023-2-2
MY ANAK DAN BINI,@denycivic,denyci ,0,0,2023-2-2,2023-02-03,https://www.tiktok.com/@sara.bakri2/video/7195055045472226586,2550,615,241,2023-2-2
DSAI Terbaik,@user4595804917053,The Flying Dragon ,1,0,1d ago ,2023-02-03,https://www.tiktok.com/@sara.bakri2/video/7195055045472226586,2550,615,241,2023-2-2
habis keluarga dia ada jawatan,@nordinidrus97,NordinIdrus97 ,1,0,1d ago ,2023-02-03,https://www.tiktok.com/@sara.bakri2/video/7195055045472226586,2550,615,241,2023-2-2
pas mak dia pulak PM lantik jadi menteri kewangan 3,@nordinidrus97,NordinIdrus97 ,0,0,1d ago ,2023-02-03,https://www.tiktok.com/@sara.bakri2/video/7195055045472226586,2550,615,241,2023-2-2
nie baru betul...amanat tu penting terbaik,@sabasawaris7,Saba Sawaris662 ,0,0,1d ago ,2023-02-03,https://www.tiktok.com/@sara.bakri2/video/7195055045472226586,2550,615,241,2023-2-2
"Alhamdulillah, Allah kurniakan pemimpin spt DSAI dan anak yg bijak, ikhlas utk merawat negara kita yg tenat, dihancurkan oleh pemimpin2 lemah Sblm ni",@lovesuwai,Padada ,1,0,1d ago ,2023-02-03,https://www.tiktok.com/@sara.bakri2/video/7195055045472226586,2550,615,241,2023-2-2
lzzah pernah berjanji dgn kami Penang sg batu akan pertahankan tambak laut kawasan PPS,@azliarin7,AZLI KAY ,0,0,1d ago ,2023-02-03,https://www.tiktok.com/@sara.bakri2/video/7195055045472226586,2550,615,241,2023-2-2
uish.klo nak penjimatan.baik pecat menteri yg ada.ltk anak beranak nuar tanpa gaji.,@jimanciktom,Azim85 ,0,0,1d ago ,2023-02-03,https://www.tiktok.com/@sara.bakri2/video/7195055045472226586,2550,615,241,2023-2-2
TERBAIKK....,@loud7200,loud ,1,0,1d ago ,2023-02-03,https://www.tiktok.com/@sara.bakri2/video/7195055045472226586,2550,615,241,2023-2-2
baguslah....kecuali orang yg ada niat nak menipu shj tak setuju....,@hilmibiohealth,MOHINO ,1,0,1d ago ,2023-02-03,https://www.tiktok.com/@sara.bakri2/video/7195055045472226586,2550,615,241,2023-2-2
tebaik dh beribu2 thn ada korni2 ajer yg dpt bejuta2 smpi bwk nak bini bjln2 kuar negara.tanah beratus2 ekar umah dpt byk lot2.bini 2.tebaik nurul ğŸ˜,@jolynlime,jolyn lime ,1,0,1d ago ,2023-02-03,https://www.tiktok.com/@sara.bakri2/video/7195055045472226586,2550,615,241,2023-2-2
maka akan bertelagah la sesama menteri,@rollout0,TROTELLO ,1,0,1d ago ,2023-02-03,https://www.tiktok.com/@sara.bakri2/video/7195055045472226586,2550,615,241,2023-2-2
moga telus segalanya,@nur_d_rembau,NUR_D_REMBAU ,0,0,1d ago ,2023-02-03,https://www.tiktok.com/@sara.bakri2/video/7195055045472226586,2550,615,241,2023-2-2
gd job,@505ajaxx,my destiny ,0,0,1d ago ,2023-02-03,https://www.tiktok.com/@sara.bakri2/video/7195055045472226586,2550,615,241,2023-2-2
"kite sokong keputusan kerajaan yg ingin Malaysia lebih baik lg ekonomi,ğŸ’ªğŸ’ªnurul iza ğŸ¥°ğŸ¥°ğŸ¥°ğŸ™ğŸ™ğŸ™",@yunayuna719,yuna yuna 719 â¤ï¸â¤ï¸ğŸŒ¹ğŸŒ¹ğŸ’ğŸ’ğŸ¥°ğŸ¥° ,2,0,1d ago ,2023-02-03,https://www.tiktok.com/@sara.bakri2/video/7195055045472226586,2550,615,241,2023-2-2
Nurul Izzah TERBAIK...ğŸ’ªğŸ’ªğŸ’ª,@myhaizan,Haizan Hassan265 ,1,0,1d ago ,2023-02-03,https://www.tiktok.com/@sara.bakri2/video/7195055045472226586,2550,615,241,2023-2-2
sebab menteri lain payah dipercayai kan,@mizahnkids,mizahH ,1,0,1d ago ,2023-02-03,https://www.tiktok.com/@sara.bakri2/video/7195055045472226586,2550,615,241,2023-2-2
kami sokong 100%,@qamarulimaniah,Qamarul Imaniah ,2,0,1d ago ,2023-02-03,https://www.tiktok.com/@sara.bakri2/video/7195055045472226586,2550,615,241,2023-2-2
ğŸ˜‚ğŸ˜‚ğŸ˜‚ meroyan,@ondukodou,North Borneo Voice ,2,1,1d ago ,2023-02-03,https://www.tiktok.com/@sara.bakri2/video/7195055045472226586,2550,615,241,2023-2-2
terbaik utk Malaysia...hamlau kancing gg jelahhğŸ˜‚ğŸ˜‚ğŸ˜‚,@azwaariffin87,azwaariffin87 ,0,0,1d ago ,2023-02-03,https://www.tiktok.com/@sara.bakri2/video/7195055045472226586,2550,615,241,2023-2-2
Tuan penasihat 25%...dlm 3 abdul,@abejebat7,abejebat7 ,0,0,1d ago ,2023-02-03,https://www.tiktok.com/@sara.bakri2/video/7195055045472226586,2550,615,241,2023-2-2
Family planinggg,@abejebat7,abejebat7 ,0,0,1d ago ,2023-02-03,https://www.tiktok.com/@sara.bakri2/video/7195055045472226586,2550,615,241,2023-2-2
ğŸ‘ğŸ‘ğŸ‘,@massirocc,massirocc ,0,0,1d ago ,2023-02-03,https://www.tiktok.com/@sara.bakri2/video/7195055045472226586,2550,615,241,2023-2-2
"tggu lh lagi bape bln atau tahun akn klua tagline hutang ngare skrg 2,3 trilion plak plik aq mne gji yg menteri x ambk tu eakğŸ˜‚",@eiza1102,EIZA ,0,0,1d ago ,2023-02-03,https://www.tiktok.com/@sara.bakri2/video/7195055045472226586,2550,615,241,2023-2-2
sakit ati nape,@martekanakareka,martekana martekana ,1,0,1d ago ,2023-02-03,https://www.tiktok.com/@sara.bakri2/video/7195055045472226586,2550,615,241,2023-2-2
I likeeee..,@yushafika86,Shafiqahtul Ain Shop ,1,0,1d ago ,2023-02-03,https://www.tiktok.com/@sara.bakri2/video/7195055045472226586,2550,615,241,2023-2-2
"keputusan yang tepat Dari PMX ,semoga Malaysia Semakin maju gacor Terus..teruskan semangat perpaduan",@petteruzpetteruz,Â¤Â°ğ’ğ€ğğ“ğÂ°Â¤ ,2,0,1d ago ,2023-02-03,https://www.tiktok.com/@sara.bakri2/video/7195055045472226586,2550,615,241,2023-2-2
ğŸ™ğŸ™ğŸ‘ŒğŸ‘Œâ¤ï¸â¤ï¸,@norzilanabubakaro,Norzilan Abu Bakar ,0,0,1d ago ,2023-02-03,https://www.tiktok.com/@sara.bakri2/video/7195055045472226586,2550,615,241,2023-2-2
Dalam hal ne seorg anak tak akan jatuhkan ayah so pilihan yg tepat,@kathir3654,kathir ,1,0,1d ago ,2023-02-03,https://www.tiktok.com/@sara.bakri2/video/7195055045472226586,2550,615,241,2023-2-2
"smg Nurul Izzah jgla n siang pndg2 MLM dgor dgn hal dunia skrg ,,jgn abh trsyg traniaya LG,,,Allah uji tu ingt Allah byk2 n smg dipelihara allah",@huda20195,huda20195 ,1,0,1d ago ,2023-02-03,https://www.tiktok.com/@sara.bakri2/video/7195055045472226586,2550,615,241,2023-2-2
ğŸ¥°ğŸ¥°ğŸ¥°,@__nurfauziah,__nurfauziah ,0,0,1d ago ,2023-02-03,https://www.tiktok.com/@sara.bakri2/video/7195055045472226586,2550,615,241,2023-2-2
ğŸ¥°ğŸ¥°ğŸ¥°ğŸ¥°ğŸ¥°ğŸ¥°,@faizuddinfaiz62,Drs Detox Faiz faizuddin cutie ,0,0,1d ago ,2023-02-03,https://www.tiktok.com/@sara.bakri2/video/7195055045472226586,2550,615,241,2023-2-2
"Saya setuju nurul izzah Di atas perlantikannya,, supaya membantu ketulusan dalam kerajaan,, ğŸ¥° terbaik,,, majulah malaysia",@agkhairulsham,AG  ğŸ‡¸ğŸ‡¬ğŸ‡²ğŸ‡¾ sabah ,4,0,1d ago ,2023-02-03,https://www.tiktok.com/@sara.bakri2/video/7195055045472226586,2550,615,241,2023-2-2
tapi xleh lawan bersatu akaun ada 300 juta wow tu,@amir_aystudio,AY Studio ,2,1,1d ago ,2023-02-03,https://www.tiktok.com/@sara.bakri2/video/7195055045472226586,2550,615,241,2023-2-2
teruskan perjuangan nurul.demi generasi mendatang.,@ann_cempaka,Diana ,3,0,1d ago ,2023-02-03,https://www.tiktok.com/@sara.bakri2/video/7195055045472226586,2550,615,241,2023-2-2
kita Jagan jadi bodoh kita nak Malaysia yang terbaik bukan macam dulu semua ikut pintu belakang nak kaya sendiri.,@_nannn46,nan rempit ğŸš€âš¡ ,1,1,1d ago ,2023-02-03,https://www.tiktok.com/@sara.bakri2/video/7195055045472226586,2550,615,241,2023-2-2
orang lain Baleh dulu tapi masa Anwar sekarang tak boleh salah ka bapa dan anak bergabung buat Malaysia yang terbaik dia bantu pun ikelas buat rakyat.,@_nannn46,nan rempit ğŸš€âš¡ ,1,0,1d ago ,2023-02-03,https://www.tiktok.com/@sara.bakri2/video/7195055045472226586,2550,615,241,2023-2-2
ğŸ‘,@chaimuisiam,Chai Mui Siam ,0,0,1d ago ,2023-02-03,https://www.tiktok.com/@sara.bakri2/video/7195055045472226586,2550,615,241,2023-2-2
terbaik bapa dan anak semai Malaysia maju buat rakyat semau,@_nannn46,nan rempit ğŸš€âš¡ ,1,0,1d ago ,2023-02-03,https://www.tiktok.com/@sara.bakri2/video/7195055045472226586,2550,615,241,2023-2-2
terbaikkkkk....nurul teruskan perjuangan,@sherros7,roseli ,3,0,1d ago ,2023-02-03,https://www.tiktok.com/@sara.bakri2/video/7195055045472226586,2550,615,241,2023-2-2
nk minta tlg mesin rumput kat kg sy,@tujuhpuluhlapan,stranger ,0,0,1d ago ,2023-02-03,https://www.tiktok.com/@sara.bakri2/video/7195055045472226586,2550,615,241,2023-2-2
semuga Allah rahmati org2 yg benar. semga org jahat dibanteras tak kira dari mana2 pehak pun. walau bn msupon umno maupun sekutunya,@jetyie66,jetyie66 ,1,0,1d ago ,2023-02-03,https://www.tiktok.com/@sara.bakri2/video/7195055045472226586,2550,615,241,2023-2-2
btl sy setuju Sgt sy sokong,@allmybisnes,allmybisnes ,1,0,1d ago ,2023-02-03,https://www.tiktok.com/@sara.bakri2/video/7195055045472226586,2550,615,241,2023-2-2
Terbaiklah utk Nurul Ä°zzah amat disokong utk jawatan tersebut,@alang2channel,alang ,4,0,1d ago ,2023-02-03,https://www.tiktok.com/@sara.bakri2/video/7195055045472226586,2550,615,241,2023-2-2
ini mcm baru betul... negara baru x blh rugi,@user3476103535551,kit ,1,0,1d ago ,2023-02-03,https://www.tiktok.com/@sara.bakri2/video/7195055045472226586,2550,615,241,2023-2-2
skrg rakyat blh nmpk kerajaan mne yg telus ..hrp diorg memimpin dgn telus,@sunflwer96,sunflower96 ,2,0,1d ago ,2023-02-03,https://www.tiktok.com/@sara.bakri2/video/7195055045472226586,2550,615,241,2023-2-2
"terbaik,bgus.cara cmni lg baik.klu x dlu sapa jdi menteri mesti projek bsr semua bg kt anak menantu.ni bgus,telus.meke xnk perkara cm org dlu buat.",@solomonpower,Solomon Power ,4,0,1d ago ,2023-02-03,https://www.tiktok.com/@sara.bakri2/video/7195055045472226586,2550,615,241,2023-2-2
ğŸ˜‚,@celikpolitik,MaryMall ,0,0,1d ago ,2023-02-03,https://www.tiktok.com/@sara.bakri2/video/7195055045472226586,2550,615,241,2023-2-2
respect her... PH the best,@63theva,Theva ,3,0,1d ago ,2023-02-03,https://www.tiktok.com/@sara.bakri2/video/7195055045472226586,2550,615,241,2023-2-2
adakah rakyat yg pangkah terima ada nya,@zckuteh,zckuteh ,0,0,1d ago ,2023-02-03,https://www.tiktok.com/@sara.bakri2/video/7195055045472226586,2550,615,241,2023-2-2
terbaik dsai,@juraidahidah449,juraidahidah449 ,3,0,1d ago ,2023-02-03,https://www.tiktok.com/@sara.bakri2/video/7195055045472226586,2550,615,241,2023-2-2
Kami semua sayang NURUL IZAH.ğŸ¤²ğŸ¤²ğŸ¤²ğŸ¤²ğŸ‘ğŸ‘ğŸ‘ğŸ‘ğŸ’ªğŸ’ª,@roslan10,LAN CHAI ,4,0,1d ago ,2023-02-03,https://www.tiktok.com/@sara.bakri2/video/7195055045472226586,2550,615,241,2023-2-2
malas nak cakap..cakap org pung pang sendiri pun sama..ğŸ˜ğŸ˜ğŸ˜..,@yussssss07,user3316377658221 ,0,0,1d ago ,2023-02-03,https://www.tiktok.com/@sara.bakri2/video/7195055045472226586,2550,615,241,2023-2-2
batu api mai dah....,@beruslee7,beruslee7 ,3,0,1d ago ,2023-02-03,https://www.tiktok.com/@sara.bakri2/video/7195055045472226586,2550,615,241,2023-2-2
Dia kalah ada hikmah d sebaliknya hanya Tuhan yg mengetahui..,@zaharahismail838,Zaharah Ismail838 ,2,0,1d ago ,2023-02-03,https://www.tiktok.com/@sara.bakri2/video/7195055045472226586,2550,615,241,2023-2-2
terbaik dsai...tahniah Nurul izzah,@zahidah_15,mamaatannoob ,4,0,1d ago ,2023-02-03,https://www.tiktok.com/@sara.bakri2/video/7195055045472226586,2550,615,241,2023-2-2
sokong YB izzah ğŸ˜,@cikyue1,Dapur Cik Yue ,4,0,1d ago ,2023-02-03,https://www.tiktok.com/@sara.bakri2/video/7195055045472226586,2550,615,241,2023-2-2
teruskan melalui jalan Allah...,@saplangut,saplangut ,3,0,1d ago ,2023-02-03,https://www.tiktok.com/@sara.bakri2/video/7195055045472226586,2550,615,241,2023-2-2
bagus Anwar buat tu,@hsenang12,senang ,3,0,1d ago ,2023-02-03,https://www.tiktok.com/@sara.bakri2/video/7195055045472226586,2550,615,241,2023-2-2
semoga amanahaih saya sebag saya sebagai warga Indonesia selalu mendoakan semoga dengan jawatan yg ada tetap istiqomah di jalan Allah,@usmanabdijaya69,AFIAH FARHANA PUTRI ,0,0,1d ago ,2023-02-03,https://www.tiktok.com/@sara.bakri2/video/7195055045472226586,2550,615,241,2023-2-2
cantikpon si Nurul ni,@christachola,Christa Chola ,1,0,1d ago ,2023-02-03,https://www.tiktok.com/@sara.bakri2/video/7195055045472226586,2550,615,241,2023-2-2
yg ini kita mahuğŸ˜³,@halim8019,user6316382569075 ,0,0,1d ago ,2023-02-03,https://www.tiktok.com/@sara.bakri2/video/7195055045472226586,2550,615,241,2023-2-2
hancingggggggg,@donkakatan,donkakatan ,0,0,1d ago ,2023-02-03,https://www.tiktok.com/@sara.bakri2/video/7195055045472226586,2550,615,241,2023-2-2
ğŸ¥°ğŸ¥°,@fizalizalizal,Fizal Izal Izal ,0,0,1d ago ,2023-02-03,https://www.tiktok.com/@sara.bakri2/video/7195055045472226586,2550,615,241,2023-2-2
anwar xlarat nk cek semua lntik ank untuk uruskan,@indie9162,indie diecast ,1,0,1d ago ,2023-02-03,https://www.tiktok.com/@sara.bakri2/video/7195055045472226586,2550,615,241,2023-2-2
yang penting keluarga urus kewanganğŸ˜‚ğŸ˜‚ğŸ˜‚,@zamzam87415,Zam Zam87415 ,1,1,1d ago ,2023-02-03,https://www.tiktok.com/@sara.bakri2/video/7195055045472226586,2550,615,241,2023-2-2
semoga jawatannya..bisa bikin Malaysia maju,@user9443884095482,user9443884095482 ,3,0,1d ago ,2023-02-03,https://www.tiktok.com/@sara.bakri2/video/7195055045472226586,2550,615,241,2023-2-2
terus jln maju kedpn usah kn ckp org yg tk berpuas hati ğŸ‘ğŸ‘ğŸ‘ğŸ‘ğŸ’ªğŸ»ğŸ’ªğŸ»ğŸ’ªğŸ»ğŸ’ªğŸ»,@user7893978832160,Amoy BKL ğŸŒ¹ğŸŒ¹ ,3,0,1d ago ,2023-02-03,https://www.tiktok.com/@sara.bakri2/video/7195055045472226586,2550,615,241,2023-2-2
"kenapa tak lantik rafizi je,pakar fomula",@superman.com.my,SUPERMAN ,0,0,1d ago ,2023-02-03,https://www.tiktok.com/@sara.bakri2/video/7195055045472226586,2550,615,241,2023-2-2
"aku pcaya kluarga DSAI ni lebih telus.klu kluarga mnteri lain xtawla..masa xde jwtn pun ankbranak menantu dh sapu projek2,blum lgi ankbranak mrintah.",@calonmenantuomakkau,Akmal Izzani ,3,0,1d ago ,2023-02-03,https://www.tiktok.com/@sara.bakri2/video/7195055045472226586,2550,615,241,2023-2-2
terbaik Nurul izzahğŸ¥°,@rohanahalim_,RohanaHalim_ ,2,0,1d ago ,2023-02-03,https://www.tiktok.com/@sara.bakri2/video/7195055045472226586,2550,615,241,2023-2-2
terbaik ph.,@tokji30,atok ji ,2,0,1d ago ,2023-02-03,https://www.tiktok.com/@sara.bakri2/video/7195055045472226586,2550,615,241,2023-2-2
"cantik awak..suke senyum,,x sombong,mcm ayah awak..bersikap sederhana..",@1999cjm9991,ğ‘ğ‘ğ‘Ÿğ‘–ğ‘—ğ‘œğ‘‘ğ‘œâ„ğ‘šğ‘¢ğ‘ ğ‘™ğ‘–ğ‘š ,2,0,1d ago ,2023-02-03,https://www.tiktok.com/@sara.bakri2/video/7195055045472226586,2550,615,241,2023-2-2
terbaik nurul jdi pensht PMX dr pda slh pilih orng sperti yg sdh2 bsa jdi fitnah lgi..bnyk lawan2nta yg mau menjtuh PMX..,@rofikohfikoh3411,rofikohfikoh3411 ,3,0,1d ago ,2023-02-03,https://www.tiktok.com/@sara.bakri2/video/7195055045472226586,2550,615,241,2023-2-2
@shahrilizuan82,@dinceo33,dinceo ,0,0,1d ago ,2023-02-03,https://www.tiktok.com/@sara.bakri2/video/7195055045472226586,2550,615,241,2023-2-2
"rilex la walaun..
Nurul masuk tu nk siasat byak sgt tender rasuah... kementerian mesti ada kuncu2 walaun dlm tu haha ingat dsai bodoh...",@iz20225,iz.....2023 ,2,0,1d ago ,2023-02-03,https://www.tiktok.com/@sara.bakri2/video/7195055045472226586,2550,615,241,2023-2-2
itu cara anuar nak pantau ekonomi...biarlah..,@naktahu2,nak tahu ,2,0,1d ago ,2023-02-03,https://www.tiktok.com/@sara.bakri2/video/7195055045472226586,2550,615,241,2023-2-2
good job nurul,@kshreen,Kshreen 2617 ,2,0,1d ago ,2023-02-03,https://www.tiktok.com/@sara.bakri2/video/7195055045472226586,2550,615,241,2023-2-2
buat jer keja ko Izzah,@ali_zul75,ali_zul75 ,3,0,1d ago ,2023-02-03,https://www.tiktok.com/@sara.bakri2/video/7195055045472226586,2550,615,241,2023-2-2
terbaik nurul izahğŸ¥°ğŸ¥°ğŸ¥°,@mieminyakherba,mieminyakherba ,2,0,1d ago ,2023-02-03,https://www.tiktok.com/@sara.bakri2/video/7195055045472226586,2550,615,241,2023-2-2
menteri dlm kerjaan okÂ² je tp walaun yg meroyan hahaha ğŸ˜‚ğŸ˜‚,@miss_aasshh,Miss Ash ,2,0,1d ago ,2023-02-03,https://www.tiktok.com/@sara.bakri2/video/7195055045472226586,2550,615,241,2023-2-2
ada baiknya supaya penyamun tak boleh sakau dah,@shamsulmohdyusof,Shamsul Mohd Yusof ,1,0,1d ago ,2023-02-03,https://www.tiktok.com/@sara.bakri2/video/7195055045472226586,2550,615,241,2023-2-2
5 tahun kedepan Malaysia bakal tidak punya utang luar negara. habis dibayar..,@hardicodde,Hardicodde ,2,0,1d ago ,2023-02-03,https://www.tiktok.com/@sara.bakri2/video/7195055045472226586,2550,615,241,2023-2-2
"kepercayaan rakyat..terasa..
berjuang..demi negara tercintağŸ¥°ğŸ¥°ğŸ¥°",@user7518404656182,Rojak buah rozie2222 ,2,0,1d ago ,2023-02-03,https://www.tiktok.com/@sara.bakri2/video/7195055045472226586,2550,615,241,2023-2-2
ğŸ¥°ğŸ¥°ğŸ¥°ğŸ¥°,@aremeddmedd,aremeddmedd ,0,0,1d ago ,2023-02-03,https://www.tiktok.com/@sara.bakri2/video/7195055045472226586,2550,615,241,2023-2-2
ğŸ˜‚ğŸ˜‚ğŸ˜‚,@samzymenual,Sam  ,0,0,1d ago ,2023-02-03,https://www.tiktok.com/@sara.bakri2/video/7195055045472226586,2550,615,241,2023-2-2
baik.percaya anak beranak percayakan bilik besi lg lar citernya..sokong,@tinieharun0,TheLuqman's ,0,0,1d ago ,2023-02-03,https://www.tiktok.com/@sara.bakri2/video/7195055045472226586,2550,615,241,2023-2-2
Betul dia tak percayakan sesiapa,@sub_helmiibrahim,sub_helmiibrahim ,0,0,1d ago ,2023-02-03,https://www.tiktok.com/@sara.bakri2/video/7195055045472226586,2550,615,241,2023-2-2
"kekalahan Nurul Izzah ada hikmahnya,teruslah berjuang demi rakyat",@taufikmptry,taufikmptryâœ“~217 ,1,0,1d ago ,2023-02-03,https://www.tiktok.com/@sara.bakri2/video/7195055045472226586,2550,615,241,2023-2-2
"bagi sya, bersyukur masi Ada org tulus jadi pemimpin negara. x gaji x apa, tapi kaya pahala.",@cb680501,cb680501 ,2,1,1d ago ,2023-02-03,https://www.tiktok.com/@sara.bakri2/video/7195055045472226586,2550,615,241,2023-2-2
kautimmm la pulakkkğŸ˜‚ğŸ˜‚,@yusr1._4hmad,yusr1_4hmad ,1,0,1d ago ,2023-02-03,https://www.tiktok.com/@sara.bakri2/video/7195055045472226586,2550,615,241,2023-2-2
25 peratus,@anugerahinspirasi,Anugerah Inspirasi ,0,0,1d ago ,2023-02-03,https://www.tiktok.com/@sara.bakri2/video/7195055045472226586,2550,615,241,2023-2-2
walaun tk bole buat kerja lh ğŸ˜‚ğŸ˜‚,@the_clasik1354,MOHAMMAD AKA ğŸ­ğŸ‡²ğŸ‡¾ ,2,0,1d ago ,2023-02-03,https://www.tiktok.com/@sara.bakri2/video/7195055045472226586,2550,615,241,2023-2-2
haha meroyan kuat,@wan.adree,Deri | Geng_Tebu ,2,0,1d ago ,2023-02-03,https://www.tiktok.com/@sara.bakri2/video/7195055045472226586,2550,615,241,2023-2-2
"tgk sorng artis farah fauzana kawan rapat masa belajr,dia ad ckp psl izah ni..",@7744han,Han í•œ ,0,0,1d ago ,2023-02-03,https://www.tiktok.com/@sara.bakri2/video/7195055045472226586,2550,615,241,2023-2-2
Cik izzah kaliber leader . Maju msia aman Dan sejathera,@murugansuparamani,murugansuparamani ,3,0,1d ago ,2023-02-03,https://www.tiktok.com/@sara.bakri2/video/7195055045472226586,2550,615,241,2023-2-2
pasti KJ tergilaÂ²kembali...ğŸ˜‚ğŸ˜‚ğŸ˜‚,@firdausiskandar96,firdausiskandar96 ,0,0,1d ago ,2023-02-03,https://www.tiktok.com/@sara.bakri2/video/7195055045472226586,2550,615,241,2023-2-2
ğŸ¥°,@victorpeterus0,Victor ,0,0,1d ago ,2023-02-03,https://www.tiktok.com/@sara.bakri2/video/7195055045472226586,2550,615,241,2023-2-2
moga Allah merahmati usaha,@riena_aleely,Riena Aleely ,4,0,1d ago ,2023-02-03,https://www.tiktok.com/@sara.bakri2/video/7195055045472226586,2550,615,241,2023-2-2
terbaik pmx..,@user6236686078975,doloh ,1,0,1d ago ,2023-02-03,https://www.tiktok.com/@sara.bakri2/video/7195055045472226586,2550,615,241,2023-2-2
as long no curuption,@jassg123,jagu ,3,0,1d ago ,2023-02-03,https://www.tiktok.com/@sara.bakri2/video/7195055045472226586,2550,615,241,2023-2-2
ğŸ¥°ğŸ¥°ğŸ¥°ğŸ¥°ğŸ¥°ğŸ¥°ğŸ¥°ğŸ¥°ğŸ¥°ğŸ¥°ğŸ¥°ğŸ¥°ğŸ¥°ğŸ¥°ğŸ¥°ğŸ¥°ğŸ¥°ğŸ¥°ğŸ¥°ğŸ¥°ğŸ¥°ğŸ¥°ğŸ¥°ğŸ¥°ğŸ¥°ğŸ¥°ğŸ¥°ğŸ¥°ğŸ¥°ğŸ¥°ğŸ¥°ğŸ¥°ğŸ¥°ğŸ¥° Congratulations,@stanleyanthony_61,Stanley Anthony541 ,0,0,1d ago ,2023-02-03,https://www.tiktok.com/@sara.bakri2/video/7195055045472226586,2550,615,241,2023-2-2
"Walaun n macai PN harap bertenang duduk dan jangan lari,",@hallaryllansam,hallaryllansam ,4,0,1d ago ,2023-02-03,https://www.tiktok.com/@sara.bakri2/video/7195055045472226586,2550,615,241,2023-2-2
ğŸ˜‚ğŸ˜‚ğŸ˜‚,@yatieariffin,Exteacher ,0,0,1d ago ,2023-02-03,https://www.tiktok.com/@sara.bakri2/video/7195055045472226586,2550,615,241,2023-2-2
ğŸ˜,@mysimbaluna,MySimbaLuna ,0,0,1d ago ,2023-02-03,https://www.tiktok.com/@sara.bakri2/video/7195055045472226586,2550,615,241,2023-2-2
takpe dia takde gaji sbb dia buat praktikal je tu ğŸ˜‚ğŸ˜‚,@tiktok_is_scam,Captain TikTok ,0,0,1d ago ,2023-02-03,https://www.tiktok.com/@sara.bakri2/video/7195055045472226586,2550,615,241,2023-2-2
ğŸ¥°ğŸ¥°ğŸ¥°ğŸ¥°ğŸ¥°ğŸ¥°ğŸ˜‚ğŸ˜‚ğŸ˜‚ğŸ˜‚ğŸ˜‚ğŸ˜‚ğŸ˜‚ğŸ˜‚ğŸ˜‚,@kakmar66,KakMar ,0,0,1d ago ,2023-02-03,https://www.tiktok.com/@sara.bakri2/video/7195055045472226586,2550,615,241,2023-2-2
Setuju Terbaikkk,@yusriwagino,Yusri Wagino ,1,0,1d ago ,2023-02-03,https://www.tiktok.com/@sara.bakri2/video/7195055045472226586,2550,615,241,2023-2-2
mengapa ni cemburu ke,@user699857686052,user699857686052 ,1,0,1d ago ,2023-02-03,https://www.tiktok.com/@sara.bakri2/video/7195055045472226586,2550,615,241,2023-2-2
semua ada komisen stiap projek..krajaan xbgi gaji pun xpe,@tenangfes3i,Â¥uÂ£â‚¬â‚¬ ,0,0,1d ago ,2023-02-03,https://www.tiktok.com/@sara.bakri2/video/7195055045472226586,2550,615,241,2023-2-2
Hidop reforbasiğŸ˜…ğŸ˜…,@emahmahadi,Apple_MeğŸ ,0,0,1d ago ,2023-02-03,https://www.tiktok.com/@sara.bakri2/video/7195055045472226586,2550,615,241,2023-2-2
ğŸ‘ğŸ‘,@leehachiew,Leeha Chiew ,0,0,1d ago ,2023-02-03,https://www.tiktok.com/@sara.bakri2/video/7195055045472226586,2550,615,241,2023-2-2
tengok kat gelok jampi ek?? ğŸ¤£ğŸ¤£ğŸ¤£ğŸ¤£ğŸ¤£,@brokentanglubukkota,BroKentang ,0,0,1d ago ,2023-02-03,https://www.tiktok.com/@sara.bakri2/video/7195055045472226586,2550,615,241,2023-2-2
family planning....cai ph ok je...25%,@paradise_5884,Paradise_5884 ,0,0,1d ago ,2023-02-03,https://www.tiktok.com/@sara.bakri2/video/7195055045472226586,2550,615,241,2023-2-2
hahaha kesian payment sangkut pas niğŸ˜,@jannaj98,Janna J ,2,0,1d ago ,2023-02-03,https://www.tiktok.com/@sara.bakri2/video/7195055045472226586,2550,615,241,2023-2-2
"hebat,x can lah,demi negara,",@user22540732123827,gelam ,1,0,1d ago ,2023-02-03,https://www.tiktok.com/@sara.bakri2/video/7195055045472226586,2550,615,241,2023-2-2
woloun....,@yanosonono,Yanazirah ,0,0,1d ago ,2023-02-03,https://www.tiktok.com/@sara.bakri2/video/7195055045472226586,2550,615,241,2023-2-2
undang2 kita yg tulisğŸ˜esok lusa ubah2,@yutorie,ğŸ¥€Nurul_hudağŸŒº ,1,0,1d ago ,2023-02-03,https://www.tiktok.com/@sara.bakri2/video/7195055045472226586,2550,615,241,2023-2-2
Dia ada kelayakan...soo...pn meroyan...,@kedaikekllolasan,Cake House Kg Tengah ,1,0,1d ago ,2023-02-03,https://www.tiktok.com/@sara.bakri2/video/7195055045472226586,2550,615,241,2023-2-2
terbaik lh...,@adiedwkz,terjah saja.. ,0,0,1d ago ,2023-02-03,https://www.tiktok.com/@sara.bakri2/video/7195055045472226586,2550,615,241,2023-2-2
lantak leeee....dulik apa aku...janji dividen KWSP kasi tinggi aaaaaa....jangan sembang kari...aku nk beli SBK cash!!!!yg lain pegi mamposğŸ˜‚ğŸ˜‚ğŸ˜ğŸ˜ğŸ˜‚ğŸ˜‚,@zamrigrisek,zamrigrisek ,0,0,1d ago ,2023-02-03,https://www.tiktok.com/@sara.bakri2/video/7195055045472226586,2550,615,241,2023-2-2
siasat ketirisan jgk dlm mof,@mohdrosli75,mohdrosli75 ,2,0,1d ago ,2023-02-03,https://www.tiktok.com/@sara.bakri2/video/7195055045472226586,2550,615,241,2023-2-2
TERBAIK YB Nurul izah,@ahmadfuadfaud,ahmadfuadfaud ,4,0,1d ago ,2023-02-03,https://www.tiktok.com/@sara.bakri2/video/7195055045472226586,2550,615,241,2023-2-2
sedap lagu nii ğŸ˜‚,@muhammadlukmanh7,Muhammad Lukman Haki ,1,0,1d ago ,2023-02-03,https://www.tiktok.com/@sara.bakri2/video/7195055045472226586,2550,615,241,2023-2-2
Cepatnya dah buat kesimpulan,@radzirafa2010,radzirafa2010 ,0,0,1d ago ,2023-02-03,https://www.tiktok.com/@sara.bakri2/video/7195055045472226586,2550,615,241,2023-2-2
dipermudahkn urusan yb nurul izzah,@hulk5049,mentadak ,4,0,1d ago ,2023-02-03,https://www.tiktok.com/@sara.bakri2/video/7195055045472226586,2550,615,241,2023-2-2
terbaikkkkğŸ¥°ğŸ¥°ğŸ¥°,@n.h_ejam,e-jump ,1,0,1d ago ,2023-02-03,https://www.tiktok.com/@sara.bakri2/video/7195055045472226586,2550,615,241,2023-2-2
"bagus Nurul, mana ahli perniagaan pro PN pastikan mereka tidak diberikan projek",@tenkois,Tenkoi ,2,0,1d ago ,2023-02-03,https://www.tiktok.com/@sara.bakri2/video/7195055045472226586,2550,615,241,2023-2-2
ğŸ˜‚kami plak tk halal2kn mner2 mentri bkenaan begaji..kira mkn gaji butağŸ˜‚ğŸ˜‚yg tkder gaji kne buat kejeğŸ˜‚,@azmibuck,Azmi Buck ,0,0,1d ago ,2023-02-03,https://www.tiktok.com/@sara.bakri2/video/7195055045472226586,2550,615,241,2023-2-2
depa bedak kt puak laghak depa ja,@kaknor961,kaknor961 ,0,0,1d ago ,2023-02-03,https://www.tiktok.com/@sara.bakri2/video/7195055045472226586,2550,615,241,2023-2-2
Nurul memang layakğŸ¥°,@mrj6656,Army ,3,0,1d ago ,2023-02-03,https://www.tiktok.com/@sara.bakri2/video/7195055045472226586,2550,615,241,2023-2-2
terbaik...setuju sangat..,@user5242262276443,shaz@imran ,2,0,1d ago ,2023-02-03,https://www.tiktok.com/@sara.bakri2/video/7195055045472226586,2550,615,241,2023-2-2
Mereka dh resah gelisah menjelang bajet/sesi parlimen.Adakah mereka akn dbogelkan? Rakyat menantikan siaran lansung acara gemilangğŸ˜‚,@counterstrike752,UASK4IT ,1,0,1d ago ,2023-02-03,https://www.tiktok.com/@sara.bakri2/video/7195055045472226586,2550,615,241,2023-2-2
ğŸ˜‚ğŸ˜‚ğŸ˜‚ğŸ˜‚ğŸ˜‚ğŸ˜‚ğŸ˜‚ğŸ˜‚ğŸ˜‚,@messengger786,messengger 786  raz ,0,0,1d ago ,2023-02-03,https://www.tiktok.com/@sara.bakri2/video/7195055045472226586,2550,615,241,2023-2-2
adoi...rosmah bleh lak...kemon la....,@noorkhairomiza,noorkhairomiza ,0,0,1d ago ,2023-02-03,https://www.tiktok.com/@sara.bakri2/video/7195055045472226586,2550,615,241,2023-2-2
pm tahu ape buat utk rakyat sbb itu jwatan bgi anak projek semua tender rasuah â¤ğŸ’¯ğŸ‘ğŸ‘ğŸ‘,@user4649349639394,user4649349639394 ,0,0,1d ago ,2023-02-03,https://www.tiktok.com/@sara.bakri2/video/7195055045472226586,2550,615,241,2023-2-2
fakta mna..aku nk rujuk,@zulkifliismail976,zulkifliismail976 ,0,0,1d ago ,2023-02-03,https://www.tiktok.com/@sara.bakri2/video/7195055045472226586,2550,615,241,2023-2-2
It is all a matter of trust! Ensuring the best for Malaysia,@faridahmohdnor295,faridahmohdnor295 ,1,0,1d ago ,2023-02-03,https://www.tiktok.com/@sara.bakri2/video/7195055045472226586,2550,615,241,2023-2-2
terbaik Pak Nuar ..benteras semua rasuah Di Malaysia....,@dbp3676jj,DBP@JJğŸ¥°ğŸ¥° ,1,0,1d ago ,2023-02-03,https://www.tiktok.com/@sara.bakri2/video/7195055045472226586,2550,615,241,2023-2-2
ok la free..ni 3 ekoq dekat rm1.5 juta setahun..ğŸ˜‚ğŸ˜‚,@matdetmr,å¿ƒã®å‹ ,1,0,1d ago ,2023-02-03,https://www.tiktok.com/@sara.bakri2/video/7195055045472226586,2550,615,241,2023-2-2
terbaik,@hassanz346,amikdesire ,2,0,1d ago ,2023-02-03,https://www.tiktok.com/@sara.bakri2/video/7195055045472226586,2550,615,241,2023-2-2
ğŸ‘ğŸ‘...,@apitjb01,apitjb01 ,0,0,1d ago ,2023-02-03,https://www.tiktok.com/@sara.bakri2/video/7195055045472226586,2550,615,241,2023-2-2
bagusla kalo mcm tu..,@reznor2210,reznor2210 ,0,0,1d ago ,2023-02-03,https://www.tiktok.com/@sara.bakri2/video/7195055045472226586,2550,615,241,2023-2-2
"nk sgr permtg pauh tu, ha ambik lh .. ğŸ¤£ğŸ¤£ğŸ¤£",@wardahsakinah2,Hayati Haron ,1,0,1d ago ,2023-02-03,https://www.tiktok.com/@sara.bakri2/video/7195055045472226586,2550,615,241,2023-2-2
ğŸ˜‚ğŸ˜‚ğŸ˜‚,@simonalvarrajoo,simonalvarrajoo ,0,0,1d ago ,2023-02-03,https://www.tiktok.com/@sara.bakri2/video/7195055045472226586,2550,615,241,2023-2-2
terbaik nurul izzah biar puak walaun meroyan,@romanpillar,romanpillar ,1,1,1d ago ,2023-02-03,https://www.tiktok.com/@sara.bakri2/video/7195055045472226586,2550,615,241,2023-2-2
"DSAI knows who is the right person for the right position. Doesn't matter who Nurul Izzah is, just let her do her best for the the Malaysian.",@irfanlabeuk,irfanlabeuk ,1,0,1d ago ,2023-02-03,https://www.tiktok.com/@sara.bakri2/video/7195055045472226586,2550,615,241,2023-2-2
Semoga berkhidmat dengan daddykasi ğŸ˜ğŸ˜,@ybmarang,NaniBamğŸ‡²ğŸ‡¾ Y.B Marang ,0,0,1d ago ,2023-02-03,https://www.tiktok.com/@sara.bakri2/video/7195055045472226586,2550,615,241,2023-2-2
The best PM ever,@fadzilahmrashidi,fadzilahmohdrashidi ,4,0,1d ago ,2023-02-03,https://www.tiktok.com/@sara.bakri2/video/7195055045472226586,2550,615,241,2023-2-2
"kikiki
bagus begitu
projek jangan bagi lalu ke org umno",@tarbuss,Tarbuss ,1,0,1d ago ,2023-02-03,https://www.tiktok.com/@sara.bakri2/video/7195055045472226586,2550,615,241,2023-2-2
siapa yg mengundi dulu terima lah akibatnya...,@user8781799977384,6854WIM ,0,0,1d ago ,2023-02-03,https://www.tiktok.com/@sara.bakri2/video/7195055045472226586,2550,615,241,2023-2-2
Terbaik nurul izzah,@nurulmaeey,ğ’©ğ“Šğ“‡ğ“Šğ“ â¤ï¸ ğ’«ğ’¶ğ’¹ğ‘’ğ“ƒ ,2,0,1d ago ,2023-02-03,https://www.tiktok.com/@sara.bakri2/video/7195055045472226586,2550,615,241,2023-2-2
tak ikut peraturan mesti kena batal,@sivarajtharumalingham,Sivaraj Tharumalingh ,3,0,1d ago ,2023-02-03,https://www.tiktok.com/@sara.bakri2/video/7195055045472226586,2550,615,241,2023-2-2
elok la bg yang muda2 pula naik....,@semutarhitam94,leerlucky ,1,0,1d ago ,2023-02-03,https://www.tiktok.com/@sara.bakri2/video/7195055045472226586,2550,615,241,2023-2-2
wlpn kalah tetap boleh pegang jawatan ..hebat anak papa ğŸ˜ğŸ˜,@wr_atiqueen,WR@WATIE RAMLI ,0,0,1d ago ,2023-02-03,https://www.tiktok.com/@sara.bakri2/video/7195055045472226586,2550,615,241,2023-2-2
terbaik sy percaya Nurul Izzah orang nye baik jujur ikhlas dan amanah berpegang pada Agama MCM ibu dia ğŸ¥°ğŸ’•,@shazumar3,Pemburu Hidayah ,2,0,1d ago ,2023-02-03,https://www.tiktok.com/@sara.bakri2/video/7195055045472226586,2550,615,241,2023-2-2
super women dah mula nak bongkar rahsia yg tersembunyi tunggu! terbaik!,@koaygs,koaygs ,3,1,1d ago ,2023-02-03,https://www.tiktok.com/@sara.bakri2/video/7195055045472226586,2550,615,241,2023-2-2
moga dsai buat yg terbaik..,@rizaniyaa,rizania ,3,0,1d ago ,2023-02-03,https://www.tiktok.com/@sara.bakri2/video/7195055045472226586,2550,615,241,2023-2-2
ğŸ¥°hidup Mlysia,@zebbaismail,Zebba99 ,2,0,1d ago ,2023-02-03,https://www.tiktok.com/@sara.bakri2/video/7195055045472226586,2550,615,241,2023-2-2
menteri xramai lantik.. tp ramai pnasihat dilantik.,@alifdaud88,ood ,0,2,1d ago ,2023-02-03,https://www.tiktok.com/@sara.bakri2/video/7195055045472226586,2550,615,241,2023-2-2
skrng gaji x yah ..ada kuasa baru best ğŸ˜†ğŸ˜†ğŸ˜†,@siskamarisha7,Siska Marisha ,0,0,1d ago ,2023-02-03,https://www.tiktok.com/@sara.bakri2/video/7195055045472226586,2550,615,241,2023-2-2
ğŸ¥°ğŸ¥°,@cherashidah1,cherashidah1 ,0,0,1d ago ,2023-02-03,https://www.tiktok.com/@sara.bakri2/video/7195055045472226586,2550,615,241,2023-2-2
ğŸ‘ğŸ‘ğŸ‘,@orgbiasa_83,DRG83 ,0,0,1d ago ,2023-02-03,https://www.tiktok.com/@sara.bakri2/video/7195055045472226586,2550,615,241,2023-2-2
"TERBAIK DSAI sebagai pm10 yg memang bijak membuat keputusan,kuat agama ,berani & berjiwa rakyat.",@yusnuar_yusof,yusnuar ,3,0,1d ago ,2023-02-03,https://www.tiktok.com/@sara.bakri2/video/7195055045472226586,2550,615,241,2023-2-2
Kontraktor aim...msti rmi kontraktor nk dekat...,@rainshell0819377,Rainshell ,0,0,1d ago ,2023-02-03,https://www.tiktok.com/@sara.bakri2/video/7195055045472226586,2550,615,241,2023-2-2
"Anwar ypda, mkna sultan n raja dh blh rehat la..",@fuadhashim24,abg fuad jmti ,0,0,1d ago ,2023-02-03,https://www.tiktok.com/@sara.bakri2/video/7195055045472226586,2550,615,241,2023-2-2
terbaik nurulğŸ¥°ğŸ¥°,@maleksharrif,maleksharrif ,2,0,1d ago ,2023-02-03,https://www.tiktok.com/@sara.bakri2/video/7195055045472226586,2550,615,241,2023-2-2
apa fungsi menteri ekonomi yg merupakan pakar ekonomi? ğŸ˜‚ğŸ˜…,@syamimiaaizag,Syamimi Aaizag ,1,2,1d ago ,2023-02-03,https://www.tiktok.com/@sara.bakri2/video/7195055045472226586,2550,615,241,2023-2-2
gaji bawa meja,@mohdkoysh,Mohd Koysh ,0,0,1d ago ,2023-02-03,https://www.tiktok.com/@sara.bakri2/video/7195055045472226586,2550,615,241,2023-2-2
nurul ğŸ¥°ğŸ¥°,@apoifomen28,apoifomen28 ,1,0,1d ago ,2023-02-03,https://www.tiktok.com/@sara.bakri2/video/7195055045472226586,2550,615,241,2023-2-2
Terbaik,@user231614054317,user231614054317 ,1,0,1d ago ,2023-02-03,https://www.tiktok.com/@sara.bakri2/video/7195055045472226586,2550,615,241,2023-2-2
"biar Kuasa besar, jgn perut besar.. nanti masuk angin.. .ğŸ˜ğŸ˜ camne walaun.. ok takğŸ˜ğŸ˜ğŸ˜",@hasbanmohdtahir,hasban mohd tahir ,0,0,1d ago ,2023-02-03,https://www.tiktok.com/@sara.bakri2/video/7195055045472226586,2550,615,241,2023-2-2
ni yg d kata kn kabel ank beradik....ğŸ˜‚ğŸ˜‚,@mirulnisa,Mirul Nisa ,0,0,1d ago ,2023-02-03,https://www.tiktok.com/@sara.bakri2/video/7195055045472226586,2550,615,241,2023-2-2
untung lah dapig,@mohdalif278,Muhammad Alif ,0,0,1d ago ,2023-02-03,https://www.tiktok.com/@sara.bakri2/video/7195055045472226586,2550,615,241,2023-2-2
main dgn pompuan..pegang duit kemas...melopong sapa yg suka sakau...,@sahfieewahab,Ahmad Sahfiee Abdul ,0,0,1d ago ,2023-02-03,https://www.tiktok.com/@sara.bakri2/video/7195055045472226586,2550,615,241,2023-2-2
"yg nama musuh masuk bakul sampah,hanya kroni lulus",@user8649041039509,@abg beca3 ,2,0,1d ago ,2023-02-03,https://www.tiktok.com/@sara.bakri2/video/7195055045472226586,2550,615,241,2023-2-2
kalau nurul izzah rasa secure sikit sbb dis mmg jns buat kj btl2,@rashidah.lepakhartanah,Rashidah I Lepak Hartanah ,3,1,1d ago ,2023-02-03,https://www.tiktok.com/@sara.bakri2/video/7195055045472226586,2550,615,241,2023-2-2
ni kali la,@yunleechin,yunleechin ,1,0,1d ago ,2023-02-03,https://www.tiktok.com/@sara.bakri2/video/7195055045472226586,2550,615,241,2023-2-2
kerja walaun begitu selagi nyawa Di kndung badanğŸ¤£ğŸ¤£ğŸ¤£,@niktie_kekbuah,kek buah niktie ,1,0,1d ago ,2023-02-03,https://www.tiktok.com/@sara.bakri2/video/7195055045472226586,2550,615,241,2023-2-2
Terbaiklah Nurul Izzah!,@zettyhardy,ZettyHardy ,2,0,1d ago ,2023-02-03,https://www.tiktok.com/@sara.bakri2/video/7195055045472226586,2550,615,241,2023-2-2
penat anak PAPA.. lepas satu2 isu kena bekap.. ahhh.. tak dpt menahan diri dari taksub.. ğŸ˜,@penyubekeng568,penyubekeng568 ,1,0,1d ago ,2023-02-03,https://www.tiktok.com/@sara.bakri2/video/7195055045472226586,2550,615,241,2023-2-2
terbaik mcm tu..sbb musang berbullu ayam bnyk skrg ni..ni kat blkg dapo sy ada seekor musang tua,@MS4wLjABAAAAygmI07XmjPcVZISzQzlfVy3CLvlbnt3ybc1ebT43Be9FbzHhT2blBtkuBhKf5EcH,user310110 ,2,1,1d ago ,2023-02-03,https://www.tiktok.com/@sara.bakri2/video/7195055045472226586,2550,615,241,2023-2-2
ank mb klntan relak jeerrr.. bgaji besar lg tu... ğŸ¤­ğŸ˜Š,@bulldozerdeightft,Bulldozer Deightft ,0,0,1d ago ,2023-02-03,https://www.tiktok.com/@sara.bakri2/video/7195055045472226586,2550,615,241,2023-2-2
Bijak anwar,@emi22118888988888,nikaiman339 ,3,0,1d ago ,2023-02-03,https://www.tiktok.com/@sara.bakri2/video/7195055045472226586,2550,615,241,2023-2-2
uji kemampuan anak...pelajaran tinggi..bila lg nk buktikan,@hazzucuk,Hazz Ucuk ,0,1,1d ago ,2023-02-03,https://www.tiktok.com/@sara.bakri2/video/7195055045472226586,2550,615,241,2023-2-2
Ha ha...mana plk dpt info kerja2 YB niğŸ˜‚ğŸ˜‚,@sixcom123465,Sixcom3654 ,0,0,1d ago ,2023-02-03,https://www.tiktok.com/@sara.bakri2/video/7195055045472226586,2550,615,241,2023-2-2
hahahaaa terciduk keğŸ˜‚ğŸ˜‚ğŸ˜‚try lagi 5 thn,@amiezawatyahmad,Amiezawaty Ahmad ,1,0,1d ago ,2023-02-03,https://www.tiktok.com/@sara.bakri2/video/7195055045472226586,2550,615,241,2023-2-2
"dia percayakan nurul izah sebab dia tahu anak dia macam mana daripada dia bagi orang lain....yang belum tentu boleh percaya..,terbaik dsaiğŸ¥°",@taufiqdin102,taukey ,2,0,1d ago ,2023-02-03,https://www.tiktok.com/@sara.bakri2/video/7195055045472226586,2550,615,241,2023-2-2
"wowww
pn kempunan lagi ker",@amri.az2022,aaz ,1,0,1d ago ,2023-02-03,https://www.tiktok.com/@sara.bakri2/video/7195055045472226586,2550,615,241,2023-2-2
ğŸ‘ğŸ‘ğŸ‘,@mariatikarmila,Maria ,0,0,1d ago ,2023-02-03,https://www.tiktok.com/@sara.bakri2/video/7195055045472226586,2550,615,241,2023-2-2
Tumbangkan jerk kerajaan ginihğŸ˜‚,@chiah_cholo,Chiah_Cholo ,0,0,1d ago ,2023-02-03,https://www.tiktok.com/@sara.bakri2/video/7195055045472226586,2550,615,241,2023-2-2
ajk semua ank mnntu dia je yg kawal semua,@ruzitadaud140,ruzitadaud140 ,1,0,1d ago ,2023-02-03,https://www.tiktok.com/@sara.bakri2/video/7195055045472226586,2550,615,241,2023-2-2
Ni lah antara tupai dan kera yg Haji Hadi cakap dulu,@mejdrazbk,user137402085574 ,0,0,1d ago ,2023-02-03,https://www.tiktok.com/@sara.bakri2/video/7195055045472226586,2550,615,241,2023-2-2
ayh dia kn pernah crita pasal potongan kek dulu.. so kek tu mmg utk family dia jer la. esk2 tiga2 ikut jejak pak najib & rosmah duduk 'dlm tu'..,@itsmidia,itsme ,0,1,1d ago ,2023-02-03,https://www.tiktok.com/@sara.bakri2/video/7195055045472226586,2550,615,241,2023-2-2
Kerajaan sekarang apa pun x boleh buat..PMX gila kuasa. ingat kan hebat sgt. Aprak. Hati busuk sungguh. Bukan nk selesaikan mslh rakyat..,@norma_0376,noorraihan719 ,0,2,1d ago ,2023-02-03,https://www.tiktok.com/@sara.bakri2/video/7195055045472226586,2550,615,241,2023-2-2
"klu dia menang agakÂ² jadi menteri apa?
ğŸ˜ğŸ˜ğŸ˜",@bangkitpertahan,RedChili ,0,0,1d ago ,2023-02-03,https://www.tiktok.com/@sara.bakri2/video/7195055045472226586,2550,615,241,2023-2-2
bgi depa 3 brnk je urus negara,@rosleenordin,LEE BURGER ,2,0,1d ago ,2023-02-03,https://www.tiktok.com/@sara.bakri2/video/7195055045472226586,2550,615,241,2023-2-2
syabas izzah,@kujalil62,user1402161075697 ,2,0,1d ago ,2023-02-03,https://www.tiktok.com/@sara.bakri2/video/7195055045472226586,2550,615,241,2023-2-2
walaun support,@akupejuangbukanpetualang,DDin BP ,0,0,1d ago ,2023-02-03,https://www.tiktok.com/@sara.bakri2/video/7195055045472226586,2550,615,241,2023-2-2
aun dengan izzah pun takut..alahai ğŸ˜ğŸ˜ğŸ˜,@smart13lastname,En Alter ,3,6,1d ago ,2023-02-03,https://www.tiktok.com/@sara.bakri2/video/7195055045472226586,2550,615,241,2023-2-2
ğŸ˜ğŸ˜ğŸ˜,@haerhairi,khaer hairi ,1,0,1d ago ,2023-02-03,https://www.tiktok.com/@sara.bakri2/video/7195055045472226586,2550,615,241,2023-2-2
takyah ada putrajaya....meeting kat rumah je sekarangğŸ˜‚ğŸ˜‚,@abgputofficial,:-D:3:3ğŸš· ,0,0,1d ago ,2023-02-03,https://www.tiktok.com/@sara.bakri2/video/7195055045472226586,2550,615,241,2023-2-2
5%,@alangj200,alangj200 ,0,0,1d ago ,2023-02-03,https://www.tiktok.com/@sara.bakri2/video/7195055045472226586,2550,615,241,2023-2-2
ini kerajaan anak beranak.,@dayangwakaka,tora tora ,3,0,1d ago ,2023-02-03,https://www.tiktok.com/@sara.bakri2/video/7195055045472226586,2550,615,241,2023-2-2
Walanon kata xpa ydpa yg pilih kata walanon ğŸ˜‚ğŸ˜‚ğŸ˜‚,@azlinazlin539,Azlin Azlin539 ,4,1,1d ago ,2023-02-03,https://www.tiktok.com/@sara.bakri2/video/7195055045472226586,2550,615,241,2023-2-2
2x5,@zamniell,zamniell ,0,0,1d ago ,2023-02-03,https://www.tiktok.com/@sara.bakri2/video/7195055045472226586,2550,615,241,2023-2-2
Jimat kos yg lain pecatğŸ˜ŒğŸ˜Œ,@yus19853,user4422196367125 ,1,0,1d ago ,2023-02-03,https://www.tiktok.com/@sara.bakri2/video/7195055045472226586,2550,615,241,2023-2-2
family planning,@mood_630,mod_69 ,2,0,1d ago ,2023-02-03,https://www.tiktok.com/@sara.bakri2/video/7195055045472226586,2550,615,241,2023-2-2
"terbaik PMX. Teruskan kerja yang baik. SuaraÂ².menyalak ditepi jalan tu, kita sepak jer biar lari...",@mantibaigrondrong,MantibaiGondrong ,1,0,1d ago ,2023-02-03,https://www.tiktok.com/@sara.bakri2/video/7195055045472226586,2550,615,241,2023-2-2
Enjoy namp cai.. tender bru dah msk ke blm? ğŸ˜‚,@kelawarmlm86,ShopofHaura ,1,0,1d ago ,2023-02-03,https://www.tiktok.com/@sara.bakri2/video/7195055045472226586,2550,615,241,2023-2-2
Maka ..meroyan la anak2 abahğŸ˜‚ğŸ˜‚,@apple_ache,apple_ache ,4,1,1d ago ,2023-02-03,https://www.tiktok.com/@sara.bakri2/video/7195055045472226586,2550,615,241,2023-2-2
harap gaji yg patut on penasihat DPT dgn elaun tu ..bulih la kerajaan bina rumah asnaf 10 biji setahun ..sebab dh jimat ..x ambik gaji...,@penasenja330,penasenja ,3,0,1d ago ,2023-02-03,https://www.tiktok.com/@sara.bakri2/video/7195055045472226586,2550,615,241,2023-2-2
ğŸ˜‚ğŸ˜‚ğŸ˜‚ğŸ˜‚ğŸ˜‚,@zulkifliahmad73,Zulkifli Ahmad ,0,0,1d ago ,2023-02-03,https://www.tiktok.com/@sara.bakri2/video/7195055045472226586,2550,615,241,2023-2-2
tau xpe..yg mna toxic ppl tu duk fikir merapu je,@moodyrosess,MoodyğŸŒ¹ ,2,0,1d ago ,2023-02-03,https://www.tiktok.com/@sara.bakri2/video/7195055045472226586,2550,615,241,2023-2-2
"kalu xdengar cakap dia,ada yg kena pecatğŸ˜ğŸ˜ğŸ˜ğŸ˜ğŸ˜ğŸ˜ğŸ˜ğŸ˜˜",@muhammadabdullah6471,Muhammad Abdullah ,3,0,1d ago ,2023-02-03,https://www.tiktok.com/@sara.bakri2/video/7195055045472226586,2550,615,241,2023-2-2
geng din pagoh meroyan terus,@razifkarmain,RazifKarmain ,4,0,1d ago ,2023-02-03,https://www.tiktok.com/@sara.bakri2/video/7195055045472226586,2550,615,241,2023-2-2
hancing,@farisanbinalwi,farisanbinalwi ,4,0,1d ago ,2023-02-03,https://www.tiktok.com/@sara.bakri2/video/7195055045472226586,2550,615,241,2023-2-2
sedap lagu..ğŸ˜‚ğŸ˜‚ğŸ˜‚,@senyumsokmo33,upinipin ,1,0,1d ago ,2023-02-03,https://www.tiktok.com/@sara.bakri2/video/7195055045472226586,2550,615,241,2023-2-2
masyuuuuuk,@rrmojo,Ugly Kid Joe ,0,0,2023-2-2,2023-02-03,https://www.tiktok.com/@sara.bakri2/video/7195055045472226586,2550,615,241,2023-2-2
semangat demi negara dan rakyat yg susah ğŸ’ªğŸ’ªğŸ’ªğŸ’ªğŸ™,@sunros3s,sun ,1,0,2023-2-2,2023-02-03,https://www.tiktok.com/@sara.bakri2/video/7195055045472226586,2550,615,241,2023-2-2
terbaik,@user4379757214509,user4379757214509 ,1,0,2023-2-2,2023-02-03,https://www.tiktok.com/@sara.bakri2/video/7195055045472226586,2550,615,241,2023-2-2
Anak bapak....,@abejebat7,abejebat7 ,0,0,1d ago ,2023-02-03,https://www.tiktok.com/@sara.bakri2/video/7195055045472226586,2550,615,241,2023-2-2
layak n bijak akhlak bagus ğŸ¥°,@sabariahishak0,Sabariah Ishak ,1,0,1d ago ,2023-02-03,https://www.tiktok.com/@sara.bakri2/video/7195055045472226586,2550,615,241,2023-2-2
Ok le tu,@hongkitongman,Roslee Muhamad23 ,0,0,1d ago ,2023-02-03,https://www.tiktok.com/@sara.bakri2/video/7195055045472226586,2550,615,241,2023-2-2
anak bapakğŸ˜‚,@murahrezekifirdaos,MurahRezekiFirdaos ,0,0,1d ago ,2023-02-03,https://www.tiktok.com/@sara.bakri2/video/7195055045472226586,2550,615,241,2023-2-2
terbaik,@crischristina650,crischristina650 ,1,0,1d ago ,2023-02-03,https://www.tiktok.com/@sara.bakri2/video/7195055045472226586,2550,615,241,2023-2-2
terbaik.tuhan memberkati tugas kamu semua,@mikalod_64,Mik Alod ,1,0,1d ago ,2023-02-03,https://www.tiktok.com/@sara.bakri2/video/7195055045472226586,2550,615,241,2023-2-2
25 persenğŸ˜‚ğŸ˜‚,@blackadam_89,âŸÎ›ğƒÎ›ğŒ ğƒÎ›ĞŸğˆâŸ ,0,0,1d ago ,2023-02-03,https://www.tiktok.com/@sara.bakri2/video/7195055045472226586,2550,615,241,2023-2-2
NuyullllğŸ¥°ğŸ¥°ğŸ¥°,@rasukh2023,yani ,0,0,1d ago ,2023-02-03,https://www.tiktok.com/@sara.bakri2/video/7195055045472226586,2550,615,241,2023-2-2
bagus...baru ada akai...,@norashahriza,norashahriza ,0,0,1d ago ,2023-02-03,https://www.tiktok.com/@sara.bakri2/video/7195055045472226586,2550,615,241,2023-2-2
Terbaik,@christopherrai2,ğŸ˜˜Rai JğŸ˜˜ ,0,0,1d ago ,2023-02-03,https://www.tiktok.com/@sara.bakri2/video/7195055045472226586,2550,615,241,2023-2-2
Terbaik,@user94752580800828,user94752580800828 ,1,0,1d ago ,2023-02-03,https://www.tiktok.com/@sara.bakri2/video/7195055045472226586,2550,615,241,2023-2-2
lanjut,@filzatunnabila0,edi ,0,0,1d ago ,2023-02-03,https://www.tiktok.com/@sara.bakri2/video/7195055045472226586,2550,615,241,2023-2-2
BATU API SUDAH MARI,@abdhamidharun,abdhamidharun ,0,0,1d ago ,2023-02-03,https://www.tiktok.com/@sara.bakri2/video/7195055045472226586,2550,615,241,2023-2-2
bagus...,@ummarfamily,mommyummar2 ,0,0,1d ago ,2023-02-03,https://www.tiktok.com/@sara.bakri2/video/7195055045472226586,2550,615,241,2023-2-2
mengingatkan ku kpd seseorang pada pemerintahan DSN,@papaputera,Papa Putera ,0,0,1d ago ,2023-02-03,https://www.tiktok.com/@sara.bakri2/video/7195055045472226586,2550,615,241,2023-2-2
lubuk,@izadbale,izad bale ,0,0,1d ago ,2023-02-03,https://www.tiktok.com/@sara.bakri2/video/7195055045472226586,2550,615,241,2023-2-2
papa papa,@dagangfc,jimmy ,0,0,1d ago ,2023-02-03,https://www.tiktok.com/@sara.bakri2/video/7195055045472226586,2550,615,241,2023-2-2
hidup papa reforbasi,@huhuhaha532,booo ,0,0,1d ago ,2023-02-03,https://www.tiktok.com/@sara.bakri2/video/7195055045472226586,2550,615,241,2023-2-2
ğŸ˜‚ğŸ˜‚ğŸ˜‚ğŸ˜‚ sijil apa lentik panjang ni...ğŸ˜…ğŸ˜…ğŸ˜…ğŸ˜…,@mohdfuhadkhalidkh,Al walid ,0,0,2023-2-2,2023-02-03,https://www.tiktok.com/@sara.bakri2/video/7195055045472226586,2550,615,241,2023-2-2
udang sebalik mee,@user5352543134009,ahmadwahid ,0,0,2023-2-2,2023-02-03,https://www.tiktok.com/@sara.bakri2/video/7195055045472226586,2550,615,241,2023-2-2
DSAI pemimpin islam sejati terhebat di malaysia dan dunia. Semoga Allah memberi kejayaan pada kerajaan madani ini. Amin ya Allah. Allahuakbar,@armanmdyasin,armanmdyasin ,1,0,2023-2-2,2023-02-03,https://www.tiktok.com/@sara.bakri2/video/7195055045472226586,2550,615,241,2023-2-2
"elok la tu sebelum ada walaun yg suka aniaya org adalah lebih baik.PMX berjaga2, spe lg dy nk percaya lebih selain ank bini nya yg mmg ahli politik",@sir_rahimj,rahimjğŸ˜ ,1,0,1d ago ,2023-02-03,https://www.tiktok.com/@sara.bakri2/video/7195055045472226586,2550,615,241,2023-2-2
la pecat la menteri lain. suruh family depa ja pegang negara,@dwarungkakatie,Warung Kak Atie Official ğŸŒˆğŸŒ´ ,0,0,1d ago ,2023-02-03,https://www.tiktok.com/@sara.bakri2/video/7195055045472226586,2550,615,241,2023-2-2
Kerajaan anak beranak,@lulurhman,LluRhMn ,0,0,1d ago ,2023-02-03,https://www.tiktok.com/@sara.bakri2/video/7195055045472226586,2550,615,241,2023-2-2
macai ph ni..masih tak nampak..kesian..ğŸ˜‚,@abang.pergi.berjuang,tiger ,0,0,1d ago ,2023-02-03,https://www.tiktok.com/@sara.bakri2/video/7195055045472226586,2550,615,241,2023-2-2
let her show her talent demi kepentingan rakyat...,@user6587712401376,user6587712401376 ,1,0,1d ago ,2023-02-03,https://www.tiktok.com/@sara.bakri2/video/7195055045472226586,2550,615,241,2023-2-2
sepatutnya kena lantik tuan Ibrahim jd penasihat baru betoi...,@abgjohn78,Abang John Abdu hami ,0,0,1d ago ,2023-02-03,https://www.tiktok.com/@sara.bakri2/video/7195055045472226586,2550,615,241,2023-2-2
maca tngok drama tv je .,@nazrijowail3,nazrijowail3 ,0,0,1d ago ,2023-02-03,https://www.tiktok.com/@sara.bakri2/video/7195055045472226586,2550,615,241,2023-2-2
"bagus .pantau projek ...aebelum ni ramai kaki sakau , tender bagi anak menantu...jngn takut, kalau izzah tk betul nnti PM lain pun boleh siasat juga..",@adijagat505,adijagat505 ,1,0,1d ago ,2023-02-03,https://www.tiktok.com/@sara.bakri2/video/7195055045472226586,2550,615,241,2023-2-2
semua yg dlm MOF letak jawatan..makan gaji buta je..dah ada ijah ni...watpe nk dibayar gaji kat pegawai mof...hahah,@sir_qemal,Sir_Qemal ,0,0,1d ago ,2023-02-03,https://www.tiktok.com/@sara.bakri2/video/7195055045472226586,2550,615,241,2023-2-2
mantap Nurul....cari sampai dpt,@mlaaaaa22,mlaaaaa22 ,1,0,1d ago ,2023-02-03,https://www.tiktok.com/@sara.bakri2/video/7195055045472226586,2550,615,241,2023-2-2
welcome to sri langka,@mrmister456,Mr Mister ,0,0,1d ago ,2023-02-03,https://www.tiktok.com/@sara.bakri2/video/7195055045472226586,2550,615,241,2023-2-2
meroyan walauuun..ğŸ˜…,@shahrir6,ayob ,1,0,1d ago ,2023-02-03,https://www.tiktok.com/@sara.bakri2/video/7195055045472226586,2550,615,241,2023-2-2
"Dia ni klau jaga duit mmng ssah la, pkr kwsn dia pon ssah dia nk bg, tapi utk bantu rakyat dia tak ada masalah kluar duit",@samtwosam,samtwosam ,0,0,1d ago ,2023-02-03,https://www.tiktok.com/@sara.bakri2/video/7195055045472226586,2550,615,241,2023-2-2
pakat meroyan la ankÂ² abahğŸ˜‚,@fhurzaid,Fhurzaid ,4,0,1d ago ,2023-02-03,https://www.tiktok.com/@sara.bakri2/video/7195055045472226586,2550,615,241,2023-2-2
manta DSAI EMANG CERDAS. DAH D PERHITUNGKAN SEMUA EPEK NYA,@pirdaushusen387,pirdaushusen387 ,0,0,1d ago ,2023-02-03,https://www.tiktok.com/@sara.bakri2/video/7195055045472226586,2550,615,241,2023-2-2
"Bapanya tidak bergaji dan dia pun kononnya tidak bergaji. Tapi punya kuasa mengatur tender2 projek, tentu komisyen pun bertaliarus masyukkkk. NepoğŸ˜",@apaisator,Apai Sator ,0,0,2023-2-2,2023-02-03,https://www.tiktok.com/@sara.bakri2/video/7195055045472226586,2550,615,241,2023-2-2
ya la anak bapa..mana ada orang lain yg mahu kerja tampa gaji. dia saja..,@nazwantam,NAZWAN.TAM ,0,0,2023-2-2,2023-02-03,https://www.tiktok.com/@sara.bakri2/video/7195055045472226586,2550,615,241,2023-2-2
batu api,@hilux992,Zainuddin Tahir ,0,0,2023-2-2,2023-02-03,https://www.tiktok.com/@sara.bakri2/video/7195055045472226586,2550,615,241,2023-2-2
Allah sebaik2 aturan,@idakamal71,bulanbintang ,1,0,2023-2-2,2023-02-03,https://www.tiktok.com/@sara.bakri2/video/7195055045472226586,2550,615,241,2023-2-2
bagi la ruang kpd Nurul utk berkerja dulu...,@matcincin47,MatCincin47 ,1,0,2023-2-2,2023-02-03,https://www.tiktok.com/@sara.bakri2/video/7195055045472226586,2550,615,241,2023-2-2
aku gelak je,@encikaar,aar ,0,0,2023-2-2,2023-02-03,https://www.tiktok.com/@sara.bakri2/video/7195055045472226586,2550,615,241,2023-2-2
PN jngn koyak ya...tuan penasihat PN semua dpt elaun besar .tahniah kerajaan perpaduan...,@echa_mike73,echa_mike73 ,1,0,2023-2-2,2023-02-03,https://www.tiktok.com/@sara.bakri2/video/7195055045472226586,2550,615,241,2023-2-2
"dia xblh batalkn projek,klu ada xbetul dia boleh nasihatkn pm je ada yg xbetul dlm tender tu,pm yg buat keputusan batal atau x bukan nurul izzah",@MS4wLjABAAAA1Rr7cLHHDc9o0pwOREw-NVFkAy8Y5_T_g-9vA7ZKXxe_BBy4Irwh9vgqjcpZyRMe,fahmi Iyad ,0,0,2023-2-2,2023-02-03,https://www.tiktok.com/@sara.bakri2/video/7195055045472226586,2550,615,241,2023-2-2
: dia tau anak dia xkan jatuhkan dia sebab Tu dia lantik anak dia...,@saydmat,saydmat ,0,0,1d ago ,2023-02-03,https://www.tiktok.com/@sara.bakri2/video/7195055045472226586,2550,615,241,2023-2-2
abislah walaun...koyak rabak.,@asmadiasmadi605,asmadi asmadi605 ,1,0,1d ago ,2023-02-03,https://www.tiktok.com/@sara.bakri2/video/7195055045472226586,2550,615,241,2023-2-2
itu yg terbaik,@dvdowie,DaBBM ,0,0,1d ago ,2023-02-03,https://www.tiktok.com/@sara.bakri2/video/7195055045472226586,2550,615,241,2023-2-2
tiberrrr ğŸ˜¢,@ainihubby,AiniHubby ,0,0,1d ago ,2023-02-03,https://www.tiktok.com/@sara.bakri2/video/7195055045472226586,2550,615,241,2023-2-2
DAP angguk jerr... zahid pun angguk jerr.. takkan nak bantah kan.? kang kena pecat nanti.. 5 tahun beb.. byk lg yg tunggang langang.. 5 thn beb. ğŸ˜ğŸ¤®,@nellzrs,NellzRs ,0,0,1d ago ,2023-02-03,https://www.tiktok.com/@sara.bakri2/video/7195055045472226586,2550,615,241,2023-2-2
Tak mau komen apaÂ² la. Nak tambah popcorn lagi...,@didanman69,Bang Jijan ,0,0,1d ago ,2023-02-03,https://www.tiktok.com/@sara.bakri2/video/7195055045472226586,2550,615,241,2023-2-2
Apa maksud Yg last tuğŸ˜ğŸ˜ğŸ˜ğŸ˜…ğŸ˜…,@nurlaili_85,nurlaili_85 ,0,0,1d ago ,2023-02-03,https://www.tiktok.com/@sara.bakri2/video/7195055045472226586,2550,615,241,2023-2-2
memang pilihan baik..kebanyakan sblom ni kaki sakau...paling last punya wow billion ohhh,@iantheseira,iantheseira ,0,0,1d ago ,2023-02-03,https://www.tiktok.com/@sara.bakri2/video/7195055045472226586,2550,615,241,2023-2-2
Cuba lagi..X der sape percaya pon..semua rakyat Malaysia sedar dan tahu... kerajaan perpaduan terbaik....,@aztraban,aztraban ,2,0,1d ago ,2023-02-03,https://www.tiktok.com/@sara.bakri2/video/7195055045472226586,2550,615,241,2023-2-2
5^,@alangj200,alangj200 ,0,0,1d ago ,2023-02-03,https://www.tiktok.com/@sara.bakri2/video/7195055045472226586,2550,615,241,2023-2-2
baguslh setiap tender d pantau bkn d kantau,@jeffpolygon,jeffpolygon ,1,0,1d ago ,2023-02-03,https://www.tiktok.com/@sara.bakri2/video/7195055045472226586,2550,615,241,2023-2-2
"3rd party inspection/audit, selalu lantik independant committee buat nih, mungkin ini experimental stage kot. Tgk lah nnt brp savings dia dpt achieve",@sokwemzuri,sokwemzuri ,0,3,1d ago ,2023-02-03,https://www.tiktok.com/@sara.bakri2/video/7195055045472226586,2550,615,241,2023-2-2
bagus,@acikhilux,acikhilux ,0,0,1d ago ,2023-02-03,https://www.tiktok.com/@sara.bakri2/video/7195055045472226586,2550,615,241,2023-2-2
jimat duit malaysiağŸ˜‚ğŸ˜‚ğŸ˜‚,@brianoniel332,ezan pokoyo 818 ,0,0,2023-2-3,2023-02-03,https://www.tiktok.com/@sara.bakri2/video/7195055045472226586,2550,615,241,2023-2-2
dah lama rancang rakyat je lalai,@zulhairyujang,Zulhairy Ujang ,0,0,2023-2-3,2023-02-03,https://www.tiktok.com/@sara.bakri2/video/7195055045472226586,2550,615,241,2023-2-2
Terbaik DSAI penyagak bolih tengok j la macam tikus tengok besi wak jabik,@salemfomen,Salem Fomen ,0,0,2023-2-2,2023-02-03,https://www.tiktok.com/@sara.bakri2/video/7195055045472226586,2550,615,241,2023-2-2
Ini mcm Ivanka trump' hehe make sure Kasi keluar semua sampai mahathir .. semua nak Tau apa dia buat,@ld1594,ld 1594 ,0,0,2023-2-2,2023-02-03,https://www.tiktok.com/@sara.bakri2/video/7195055045472226586,2550,615,241,2023-2-2
tak pyh laa nk spin...dia bntu untk PAPA dia..tak bergaji..apa masalah nya..,@radzuanzuan840,radzuanzuan840 ,0,0,2023-2-2,2023-02-03,https://www.tiktok.com/@sara.bakri2/video/7195055045472226586,2550,615,241,2023-2-2
"benteras rasuah habis2san.. doakan Malaysia maju,aman makmur.",@abgamir81,Mohd Amirudy Khalid ,0,0,2023-2-2,2023-02-03,https://www.tiktok.com/@sara.bakri2/video/7195055045472226586,2550,615,241,2023-2-2
Lepas ni ramai la yg try nk rasuah nurul izzah utk dpt kelulusan projekğŸ˜‚Moga nurul tolak projek yg xbaik utk agama dan negara.,@deliciousdessert_mamanur,MamaNur ,0,0,2023-2-2,2023-02-03,https://www.tiktok.com/@sara.bakri2/video/7195055045472226586,2550,615,241,2023-2-2
puak2 lebai kawarij PN kroanasanğŸ˜‚,@azeezabdul_478rs,@AzeezAbdul ,0,0,2023-2-2,2023-02-03,https://www.tiktok.com/@sara.bakri2/video/7195055045472226586,2550,615,241,2023-2-2
Mmng bagus tp masalahnya skrg dia anak PMX sbb tu ramai tk setuju,@kuikui50,Lokii ,0,0,2023-2-2,2023-02-03,https://www.tiktok.com/@sara.bakri2/video/7195055045472226586,2550,615,241,2023-2-2
PN mengelabah takut nurul selongkar taikÂ² masa jd kerajaan dlu ğŸ˜‚ğŸ˜‚ğŸ˜‚ğŸ˜‚,@alexaidir41,Andrew ,0,0,2023-2-2,2023-02-03,https://www.tiktok.com/@sara.bakri2/video/7195055045472226586,2550,615,241,2023-2-2
bagus..asalkan bkn org umno..,@user22998610455213,Nazhemohemo ,0,0,2023-2-2,2023-02-03,https://www.tiktok.com/@sara.bakri2/video/7195055045472226586,2550,615,241,2023-2-2
izzah xde kuasa pun bt pmbtalan dia hnya siapkn lporan utk mof teliti,@sulaimanothman6,Leman ,0,0,2023-2-2,2023-02-03,https://www.tiktok.com/@sara.bakri2/video/7195055045472226586,2550,615,241,2023-2-2
kekal ke kuasa kau,@rohaidiedy,rohaidiedy ,0,0,2023-2-2,2023-02-03,https://www.tiktok.com/@sara.bakri2/video/7195055045472226586,2550,615,241,2023-2-2
ini je satuÂ² cara nak hapuskan rasuah,@ibrahimibm73,ibrahimibm73 ,0,0,2023-2-2,2023-02-03,https://www.tiktok.com/@sara.bakri2/video/7195055045472226586,2550,615,241,2023-2-2
senang nk bgi kat sedara mara.... kerajaan munafik,@leeipoh,leeipoh ,0,0,2023-2-2,2023-02-03,https://www.tiktok.com/@sara.bakri2/video/7195055045472226586,2550,615,241,2023-2-2
"kalah pun takpe asal jujur, tak spt yg menang tapi kaki songlap",@wahid9752,wahid9752 ,0,0,2023-2-2,2023-02-03,https://www.tiktok.com/@sara.bakri2/video/7195055045472226586,2550,615,241,2023-2-2
baik2 biar dicantas yg nk suka2 dapat duit eah..saya sokong Nurul,@hambahali,Hambahali ,0,0,2023-2-2,2023-02-03,https://www.tiktok.com/@sara.bakri2/video/7195055045472226586,2550,615,241,2023-2-2
ingat Allah .ingt hari akhirat..ingt syurga neraka ...kt x kan tuduh org bukan2 kalau Tau camana sakitnya hukuman akhirat..kita pun x nmpk x der bukti,@lola_berries,Lola ,0,0,2023-2-2,2023-02-03,https://www.tiktok.com/@sara.bakri2/video/7195055045472226586,2550,615,241,2023-2-2
Jgn pandai cakap je semua. Percayalah PMX tahu apa yg dia buat. Pasti ada kebaikan. Kebaikan utk family dia ğŸ˜‚,@coachsyahril,Coach Syahril | Marketer ,0,0,2023-2-2,2023-02-03,https://www.tiktok.com/@sara.bakri2/video/7195055045472226586,2550,615,241,2023-2-2
"Baguih la dia ada kuasa tu. Kalau bagi kuasa tu kat org lain, jahanam Malaysia... ğŸ˜‚ğŸ˜‚ğŸ˜‚ğŸ˜‚",@darminsh,Darmin_SH ,0,0,2023-2-2,2023-02-03,https://www.tiktok.com/@sara.bakri2/video/7195055045472226586,2550,615,241,2023-2-2
bukan berjuang utk rakyat tapi berjuang utk bapanya.... bukti permatang pauh kalah,@katutusulleh,Bond ,0,0,2023-2-2,2023-02-03,https://www.tiktok.com/@sara.bakri2/video/7195055045472226586,2550,615,241,2023-2-2
dh jd krajaan ank bini dh..hncur malysia main dgn banduan Dan penyamun ni,@shafeemustapha,shafeemustapha ,0,0,2023-2-2,2023-02-03,https://www.tiktok.com/@sara.bakri2/video/7195055045472226586,2550,615,241,2023-2-2
video ni lebih banyak yg sokong perlantikan izzah....hee....,@mohamadhilmihilmi,Mohamad Hilmi Hilmi ,0,0,2023-2-2,2023-02-03,https://www.tiktok.com/@sara.bakri2/video/7195055045472226586,2550,615,241,2023-2-2
Tak perlu elaun taraf Menteri macam Peja dan Hadi tapi tak ada hasil.,@shamsulkahar_abdulshukor,Shamsulkahar Abd Shu ,1,0,2023-2-2,2023-02-03,https://www.tiktok.com/@sara.bakri2/video/7195055045472226586,2550,615,241,2023-2-2
ğŸ˜‚ğŸ˜‚ğŸ˜‚ duit payment jimat2 sikit..akaun sakau dah kena beku tu,@sabyaakob,Udifaliya ,0,0,2023-2-2,2023-02-03,https://www.tiktok.com/@sara.bakri2/video/7195055045472226586,2550,615,241,2023-2-2
wow...really ..I got to go NOW......jahanam negara......,@wanaisa1981,wan ,0,0,2023-2-2,2023-02-03,https://www.tiktok.com/@sara.bakri2/video/7195055045472226586,2550,615,241,2023-2-2
kerajaan hancing ni xkn kekal lame.. tungguuuuu...,@brois15,akuizzat0 ,0,0,1d ago ,2023-02-03,https://www.tiktok.com/@sara.bakri2/video/7195055045472226586,2550,615,241,2023-2-2
Ini sebab kita sokong DSAI.. Trusted manğŸ”¥ğŸ‘,@uthaya2404,uthaya ,0,0,1d ago ,2023-02-03,https://www.tiktok.com/@sara.bakri2/video/7195055045472226586,2550,615,241,2023-2-2
"Nurul Izzah pun xleh nak percaya
Sudah dilabel Pelakon Handalan di Permatang Pauh,dan terduduk sebab kalah PRU 15",@anakrantau...08,Abdul Halim ,0,0,1d ago ,2023-02-03,https://www.tiktok.com/@sara.bakri2/video/7195055045472226586,2550,615,241,2023-2-2
kalau baik.lantiklah semua anakÂ² menantu isteri.pasti walanon akan cakap terbaik,@user9557240513130,akuzalee ,0,0,1d ago ,2023-02-03,https://www.tiktok.com/@sara.bakri2/video/7195055045472226586,2550,615,241,2023-2-2
tak tau ape nak kata harap minda lebih terbuka ğŸ˜…ğŸ˜…ğŸ˜…ğŸ˜…,@mahadimohamad2,mahadi mohamad ,0,0,1d ago ,2023-02-03,https://www.tiktok.com/@sara.bakri2/video/7195055045472226586,2550,615,241,2023-2-2
Nyanyian nepotismeğŸ˜‚ğŸ˜‚,@zamshah2223,#Siakapsenohong# ,0,0,1d ago ,2023-02-03,https://www.tiktok.com/@sara.bakri2/video/7195055045472226586,2550,615,241,2023-2-2
Pn hilang modal account kena beku duit judi byk,@silvernetx70,silvernetx70 ,0,0,1d ago ,2023-02-03,https://www.tiktok.com/@sara.bakri2/video/7195055045472226586,2550,615,241,2023-2-2
Terbaik nurul izzah hahahahah puas hati kami,@saydmat,saydmat ,0,0,1d ago ,2023-02-03,https://www.tiktok.com/@sara.bakri2/video/7195055045472226586,2550,615,241,2023-2-2
takpa bnyak koroni takut anak dia tumpang belajar..,@hobbiesworldyt,Sakinah ,0,0,1d ago ,2023-02-03,https://www.tiktok.com/@sara.bakri2/video/7195055045472226586,2550,615,241,2023-2-2
Pedulikan walaun PN...teruskan usaha ke arah Malaysia yg lebih baik....Tahniah YB Izzah,@joelabu75,NJ ,0,0,1d ago ,2023-02-03,https://www.tiktok.com/@sara.bakri2/video/7195055045472226586,2550,615,241,2023-2-2
Pilihan tepat sekali YB Rafizi sangat gagal,@yusofmatnasir,yusofmatnasir ,0,0,1d ago ,2023-02-03,https://www.tiktok.com/@sara.bakri2/video/7195055045472226586,2550,615,241,2023-2-2
ado den kesah nk lotak sapo.,@zahariari356,zahariari356 ,0,0,1d ago ,2023-02-03,https://www.tiktok.com/@sara.bakri2/video/7195055045472226586,2550,615,241,2023-2-2
"btol la tu..so, apa masalahnya?? kami sbg rakyat sgt setuju kaedah begini..xde la kaki sakau..kaki duit kopi..kaki under table lepas ni..ğŸ˜",@aduka001,Aduka 001 ,0,0,1d ago ,2023-02-03,https://www.tiktok.com/@sara.bakri2/video/7195055045472226586,2550,615,241,2023-2-2
yg hampa meroyan sngt pasai apa....hahaha,@farizruben,Fariz Ruben ,0,0,1d ago ,2023-02-03,https://www.tiktok.com/@sara.bakri2/video/7195055045472226586,2550,615,241,2023-2-2
buat pe ramai pekerja kalau tak buat keje .. baik amik yg berkualiti drpda kuantiti,@nurulazuwanah,nurulazuwanah ,0,0,1d ago ,2023-02-03,https://www.tiktok.com/@sara.bakri2/video/7195055045472226586,2550,615,241,2023-2-2
Perancangan DSAI mmg terbaik..... Nurul Izzah dalam menteri kewangan langau tak berani terbang,@rgfwaghih,RGF WAGHIH ,0,0,1d ago ,2023-02-03,https://www.tiktok.com/@sara.bakri2/video/7195055045472226586,2550,615,241,2023-2-2
Tahniah Nurrul Izzah!!! kami sokong kerajaan Perpaduan ! PMX!,@user878740817948,user878740817948 ,0,0,1d ago ,2023-02-03,https://www.tiktok.com/@sara.bakri2/video/7195055045472226586,2550,615,241,2023-2-2
hatiÂ² jaga tender ya.risiko rasuah amat tinggi disitu,@hashimhashv,Has Him Hash V ,0,0,1d ago ,2023-02-03,https://www.tiktok.com/@sara.bakri2/video/7195055045472226586,2550,615,241,2023-2-2
yg telus semua tender utk kroni dlm PH.. semua lulus..tu yang dpt percent..tk apa lah walaupun tak ada gaji ğŸ˜ğŸ˜ğŸ˜,@cancoloi,cancoloi ,0,0,1d ago ,2023-02-03,https://www.tiktok.com/@sara.bakri2/video/7195055045472226586,2550,615,241,2023-2-2
terbaik... Dsai punyai tngjwb besar utk pulihkn negara dari rasuah dn geng2 sakau..,@doncare8,doncare8 ,0,0,1d ago ,2023-02-03,https://www.tiktok.com/@sara.bakri2/video/7195055045472226586,2550,615,241,2023-2-2
reformasi Anwar itu untuk rakyat dan Malaysia .mari kita bangkit semula sokong pada Anwar yang lain kita tolak tepi .,@_nannn46,nan rempit ğŸš€âš¡ ,0,0,1d ago ,2023-02-03,https://www.tiktok.com/@sara.bakri2/video/7195055045472226586,2550,615,241,2023-2-2
Terbaik Nurul Izzah. Terus Maju Ke Hadapan. Abaikan Mulut2 Jahat ğŸ’ªğŸ’ªğŸ’ªğŸ’ªğŸ˜,@anwaruntukrakyatmalaysia,Anak Malaysia ğŸ‡²ğŸ‡¾ ,0,0,1d ago ,2023-02-03,https://www.tiktok.com/@sara.bakri2/video/7195055045472226586,2550,615,241,2023-2-2
Masih koyakkah,@nadaisapasapa,NADAISAPASAPA ,0,0,1d ago ,2023-02-03,https://www.tiktok.com/@sara.bakri2/video/7195055045472226586,2550,615,241,2023-2-2
takut nnt ktoni2 nangis jer projek reject hahah terbaik #REFOMASI,@mat_mat191,muhammad rizal ,0,0,1d ago ,2023-02-03,https://www.tiktok.com/@sara.bakri2/video/7195055045472226586,2550,615,241,2023-2-2
Terbaik PM biar mereka meroyan tak dapat makan rasuah biar apa orang kata.,@nyelangkebil,nyelangkebil ,0,0,1d ago ,2023-02-03,https://www.tiktok.com/@sara.bakri2/video/7195055045472226586,2550,615,241,2023-2-2
Najib ada Rosmah....ğŸ˜ğŸ˜ğŸ˜Anwar Ibrahim ada Nurul Izzah...Wang komisen....,@dinjohnkd7,ZMNTheGreat. ,0,0,1d ago ,2023-02-03,https://www.tiktok.com/@sara.bakri2/video/7195055045472226586,2550,615,241,2023-2-2
ape guna si lapizi,@user4719470697612,user4719470697612 ,0,0,1d ago ,2023-02-03,https://www.tiktok.com/@sara.bakri2/video/7195055045472226586,2550,615,241,2023-2-2
"ckp pom Pam..pom Pam ..terder terbuka la ...ape la,...oiiiii rakyat bagun dri tidur ....",@jepp111111111111,jep ,0,0,1d ago ,2023-02-03,https://www.tiktok.com/@sara.bakri2/video/7195055045472226586,2550,615,241,2023-2-2
X teringin ke nk anak dan suami ğŸ˜‚ğŸ˜‚ğŸ˜‚,@shammie055,Shammie ,0,0,1d ago ,2023-02-03,https://www.tiktok.com/@sara.bakri2/video/7195055045472226586,2550,615,241,2023-2-2
ko Komen plak pasal MB Dan timblan lantik anak sendiri dlm PKNK?,@user69165432376,Jamal Jamaluddin Jam ,0,0,1d ago ,2023-02-03,https://www.tiktok.com/@sara.bakri2/video/7195055045472226586,2550,615,241,2023-2-2
ambik anak branak xyah bayaq gaji... ğŸ˜ boleh buat family day...senang sikit,@jefri_din,Jefri_din ,0,0,1d ago ,2023-02-03,https://www.tiktok.com/@sara.bakri2/video/7195055045472226586,2550,615,241,2023-2-2
"Kerajaan 1Keluarga,50Dalil Sejarah tk menipu,lakon layar terbukti,yg pasti dan nyata.",@ckdon_don,ckdon_don ,0,0,1d ago ,2023-02-03,https://www.tiktok.com/@sara.bakri2/video/7195055045472226586,2550,615,241,2023-2-2
Xcukup ke menteri2 yg duk ade skrg..alahaiiii,@maksunana326,maksunana326 ,0,0,1d ago ,2023-02-03,https://www.tiktok.com/@sara.bakri2/video/7195055045472226586,2550,615,241,2023-2-2
Since Anuar Ibrahim telah dipilih menjadi PM Malaysia. Jadi benarkanlah dia menjalankan tugas.,@halimatunm_ayob,halimatunmuhamada ,0,0,1d ago ,2023-02-03,https://www.tiktok.com/@sara.bakri2/video/7195055045472226586,2550,615,241,2023-2-2
kalau nurul Izzah seorang yang telus dan jujur apa salahnya dia diberi kepercayaan,@mawar..putih86,lhaielahai ,0,0,1d ago ,2023-02-03,https://www.tiktok.com/@sara.bakri2/video/7195055045472226586,2550,615,241,2023-2-2
"klau utk kebaikan,apa salahnya.sekian lma duit rakyat dibuat mcm duit Makbapak menteri2 yg diberi pd kroni.",@helangmanja,HelangManja ,0,0,1d ago ,2023-02-03,https://www.tiktok.com/@sara.bakri2/video/7195055045472226586,2550,615,241,2023-2-2
ada #kerajaanluartabie?ğŸ˜³admin tak dgr titah agong ke? mmg walaun susah nk taat dgn rajaÂ² ye,@mihads0,mi hadS ,0,0,1d ago ,2023-02-03,https://www.tiktok.com/@sara.bakri2/video/7195055045472226586,2550,615,241,2023-2-2
tpm x ada kuasa sekadar balaci,@darabe64,Darabe ,0,0,1d ago ,2023-02-03,https://www.tiktok.com/@sara.bakri2/video/7195055045472226586,2550,615,241,2023-2-2
ok la tu...spaya tak jadi mcm kerajaan PN..rasuah,@mr.kiko96,MR.KIKO ,0,0,1d ago ,2023-02-03,https://www.tiktok.com/@sara.bakri2/video/7195055045472226586,2550,615,241,2023-2-2
timbalan menteri kewangan dan menteri ekonomi tak reti buat kerja ğŸ˜‚,@spider6011,spider6011 ,0,0,1d ago ,2023-02-03,https://www.tiktok.com/@sara.bakri2/video/7195055045472226586,2550,615,241,2023-2-2
"alah tak lama lah tu, sapa yg nk kerja tak ada gaji ğŸ¥ºğŸ¥ºğŸ¥ºğŸ¥ºğŸ¥º",@sitirosmahayu,SitiRosmahAyu ,0,0,1d ago ,2023-02-03,https://www.tiktok.com/@sara.bakri2/video/7195055045472226586,2550,615,241,2023-2-2
sekurang2 nya bukan mcm menteri2 sblm ni kroni dia jer yg dpt tender jadi kaya raya. yg tu tak nak kecoh pulakğŸ˜ğŸ˜ğŸ˜ğŸ˜,@makcikpencadang,Makcik Pencadang ,0,0,1d ago ,2023-02-03,https://www.tiktok.com/@sara.bakri2/video/7195055045472226586,2550,615,241,2023-2-2
terbaek Nurul izzah. kpd yg Xbuat Salah xperlu risau. klu ad yg koyak biasa ad buat salah laa tu,@mickeytakata,Mickeytakata ,0,0,1d ago ,2023-02-03,https://www.tiktok.com/@sara.bakri2/video/7195055045472226586,2550,615,241,2023-2-2
Nurul Izzah ada lesen besar tgk semua fail . kita tgk siapa yg kena,@matwahid0,matwahid0 ,0,0,1d ago ,2023-02-03,https://www.tiktok.com/@sara.bakri2/video/7195055045472226586,2550,615,241,2023-2-2
umno je yg x paham2,@atimati8,aty mati ,0,0,1d ago ,2023-02-03,https://www.tiktok.com/@sara.bakri2/video/7195055045472226586,2550,615,241,2023-2-2
bagus nurul izah..dh sekian lma dh kenyang mereka..klu dru dulu mcm ni rkt x ssh,@shamiraellyanis,ellyanis ,0,0,1d ago ,2023-02-03,https://www.tiktok.com/@sara.bakri2/video/7195055045472226586,2550,615,241,2023-2-2
bukan jawatan latikan..bukan tetap...bukan di bayar gaji . abis tu kau msuk dlm tmpt kawalan dgn kuasa nato ke...ğŸ˜‚ğŸ˜‚ğŸ˜‚. ibarat org awam masuk dlm kem,@dady_wan_2711,DADY_WAN_2711 ,0,0,1d ago ,2023-02-03,https://www.tiktok.com/@sara.bakri2/video/7195055045472226586,2550,615,241,2023-2-2
penasihat x ada kuasa nk buat keputusan..boleh tgok.JOD utk penasihat lantikan kerajaanğŸ¤¦â€â™€ï¸,@iffaothman0,Iffaâ¤ ,0,0,1d ago ,2023-02-03,https://www.tiktok.com/@sara.bakri2/video/7195055045472226586,2550,615,241,2023-2-2
"sbg macai PN, sy tak suka ni sbb kesian utk kroni2 dibawah, x dpt songlap",@miguel_father,miguel_father ,0,0,1d ago ,2023-02-03,https://www.tiktok.com/@sara.bakri2/video/7195055045472226586,2550,615,241,2023-2-2
wow jaga tender xde gaji pun ok ma....elaun banyak... huahuahua,@mato_mato007,mato-mato jalanan ,0,0,1d ago ,2023-02-03,https://www.tiktok.com/@sara.bakri2/video/7195055045472226586,2550,615,241,2023-2-2
ITU kerja org kerajaan..pmX X percaya kpd kerajaan sendiri ka..kak janda suruh tanyağŸ˜ğŸ˜,@69chuck313,ZURIE@SP ,0,0,1d ago ,2023-02-03,https://www.tiktok.com/@sara.bakri2/video/7195055045472226586,2550,615,241,2023-2-2
baik lantik anak branak je jdi mentri..sian org yg g undi..last2 ank sndri di pilih ..jnj xbrgajiğŸ˜…ğŸ˜…,@kyrullnaim,khairulnaim ,0,0,1d ago ,2023-02-03,https://www.tiktok.com/@sara.bakri2/video/7195055045472226586,2550,615,241,2023-2-2
happy new year....adab tahun baruğŸ¤«,@mamahasuena,MAMA HASUENA ,0,0,1d ago ,2023-02-03,https://www.tiktok.com/@sara.bakri2/video/7195055045472226586,2550,615,241,2023-2-2
panas ka? ğŸ¤£ğŸ¤£ğŸ¤£,@sazali636,sazali ,0,0,1d ago ,2023-02-03,https://www.tiktok.com/@sara.bakri2/video/7195055045472226586,2550,615,241,2023-2-2
biar la cara die...asalkan tak korup dan rasuah..terang2 penasihat lebih baik drpd senyap2 bagi tender pd ank bini bilion2..akhirnya ke dlm..,@bubuq87,bubuQ87 ,0,0,1d ago ,2023-02-03,https://www.tiktok.com/@sara.bakri2/video/7195055045472226586,2550,615,241,2023-2-2
Koyak koyak geng pertikaian nasional,@rinakarina767,rinakarina767 ,0,0,1d ago ,2023-02-03,https://www.tiktok.com/@sara.bakri2/video/7195055045472226586,2550,615,241,2023-2-2
Besar lagi kuasa Allah SWT,@norbitidris,norbitidris ,0,0,1d ago ,2023-02-03,https://www.tiktok.com/@sara.bakri2/video/7195055045472226586,2550,615,241,2023-2-2
PN meroyan pasal tak dapat komisyen anda sedekah,@roven97,ROVEN ,0,0,1d ago ,2023-02-03,https://www.tiktok.com/@sara.bakri2/video/7195055045472226586,2550,615,241,2023-2-2
"sb menteri yg ada semua ada yg muka 2, kuncu yiddin.. berhati2 sblm terkena..dah byk kali kena",@farosman1,Faros F&B And Trading ,0,0,1d ago ,2023-02-03,https://www.tiktok.com/@sara.bakri2/video/7195055045472226586,2550,615,241,2023-2-2
"Terbaik DSAI, yg nak ambil kesempatan nak projek sori lah... Ini yg kita nak",@abgajak76,Abdul Razak Azmi ,1,0,1d ago ,2023-02-03,https://www.tiktok.com/@sara.bakri2/video/7195055045472226586,2550,615,241,2023-2-2
MALAYSIA MAJU,@2828r10,2828 ,0,0,1d ago ,2023-02-03,https://www.tiktok.com/@sara.bakri2/video/7195055045472226586,2550,615,241,2023-2-2
ğŸ˜ğŸ˜ğŸ˜Gi Order tempat Paraguay Trinidad China makanan Lembu Booking.....Cepat sikit..ğŸ¥°,@mohamed439fadzli,user784547395894 Mohamed Fadzl ,0,0,1d ago ,2023-02-03,https://www.tiktok.com/@sara.bakri2/video/7195055045472226586,2550,615,241,2023-2-2
beri peluang kepada yg ingun berkhidmat jgn cemburu,@user699857686052,user699857686052 ,0,0,1d ago ,2023-02-03,https://www.tiktok.com/@sara.bakri2/video/7195055045472226586,2550,615,241,2023-2-2
tu lah lain x ikut perkembangan. masa Najib pun ada mgkn tak tahu kak MAH lah,@azmanmann8,azmanmann8 ,0,0,1d ago ,2023-02-03,https://www.tiktok.com/@sara.bakri2/video/7195055045472226586,2550,615,241,2023-2-2
"Actually bila fikir balik bagus jugak Anwar buat macam tu. Menteri BN, lagi2 si wak jahid tu mana boleh pakai.",@heromustdie,Diluar Nalar ,0,0,1d ago ,2023-02-03,https://www.tiktok.com/@sara.bakri2/video/7195055045472226586,2550,615,241,2023-2-2
sesuai sangat..saya sokong memandangkan rasuah sangat parah dikalangan ahli politik.,@masjunih,Masjunih ,0,0,1d ago ,2023-02-03,https://www.tiktok.com/@sara.bakri2/video/7195055045472226586,2550,615,241,2023-2-2
Biarlah dia buktikan bahawa inilah langkah dan Kaedah paling wajar Kalau terbukti dapat HAPUS RASUAH ..,@mohdradziibrahim,mohd radzi ibrahim ,0,0,1d ago ,2023-02-03,https://www.tiktok.com/@sara.bakri2/video/7195055045472226586,2550,615,241,2023-2-2
kalau dia lantik semua dalam family dia saya tetap sokong Anwar juga. walaun jangan panas,@arillreview,Arill Review ,0,0,1d ago ,2023-02-03,https://www.tiktok.com/@sara.bakri2/video/7195055045472226586,2550,615,241,2023-2-2
BAGUSLAH MCM TU.KITA XNAK ADA KETIRISAN DANA KERAJAAN.XNAK ADA RASUAH DLM PROJEK2 KERAJAAN.BARULAH BERSIH.LAUNG BERSIH2 TAU AKAUN KENA BEKU.KAHKAHğŸ˜ğŸ˜,@pakengku2791,Hamba Faqir ,0,0,1d ago ,2023-02-03,https://www.tiktok.com/@sara.bakri2/video/7195055045472226586,2550,615,241,2023-2-2
kerajaan PESOLA nii,@aleeyamaisarah2408,Aleeya & Alif ,0,0,1d ago ,2023-02-03,https://www.tiktok.com/@sara.bakri2/video/7195055045472226586,2550,615,241,2023-2-2
"ğŸ˜‚ğŸ˜‚ğŸ˜‚ cmna bleh tau semua, awak ni masuk meeting sekali dgn kementerian Kewangan ke",@hartinipisol,Har Tini ,0,0,1d ago ,2023-02-03,https://www.tiktok.com/@sara.bakri2/video/7195055045472226586,2550,615,241,2023-2-2
boleh bincang kat dapur rumah,@najmimohdjaeh79gmail.com,najmimohdjaeh79gmail.com ,0,0,1d ago ,2023-02-03,https://www.tiktok.com/@sara.bakri2/video/7195055045472226586,2550,615,241,2023-2-2
tak dapat cuma wayang lah ingat apa buat pakai air liur ke,@shamsudinselamat,Shamsudin Selamat ,0,0,1d ago ,2023-02-03,https://www.tiktok.com/@sara.bakri2/video/7195055045472226586,2550,615,241,2023-2-2
Kadangkala perlu bagi peluang utk fmly ini mbentuk sml ekonomi negara.Wait & see ğŸ˜‚,@christineshamsina,christineshamsina ,0,0,1d ago ,2023-02-03,https://www.tiktok.com/@sara.bakri2/video/7195055045472226586,2550,615,241,2023-2-2
DSAI pun sama aje kok...kroni,@user8781799977384,6854WIM ,0,0,1d ago ,2023-02-03,https://www.tiktok.com/@sara.bakri2/video/7195055045472226586,2550,615,241,2023-2-2
"ni malaysia papa dia punya ke, tanya je ğŸ˜‚ğŸ˜‚",@gulikaca,Anna Ferd198 ,0,0,1d ago ,2023-02-03,https://www.tiktok.com/@sara.bakri2/video/7195055045472226586,2550,615,241,2023-2-2
Why not.???? Try tgok dulu....,@zorkarnain,Wak JUL ,0,0,1d ago ,2023-02-03,https://www.tiktok.com/@sara.bakri2/video/7195055045472226586,2550,615,241,2023-2-2
kalah pun bole dpt jawatan dlm kabinet lg ke?,@rizanana2,rizanana ,0,0,1d ago ,2023-02-03,https://www.tiktok.com/@sara.bakri2/video/7195055045472226586,2550,615,241,2023-2-2
terbaik anuar berjaga2 dari TERPEDAYA DGN POLITIK BUAYA,@quallserv,quallserv ,0,0,1d ago ,2023-02-03,https://www.tiktok.com/@sara.bakri2/video/7195055045472226586,2550,615,241,2023-2-2
meroyan kh genk pembangkangğŸ˜‚ğŸ˜‚ğŸ˜‚ kesian,@yu_jien20,@princess sywany ,0,0,1d ago ,2023-02-03,https://www.tiktok.com/@sara.bakri2/video/7195055045472226586,2550,615,241,2023-2-2
mcm negara ni dia punya,@nuriqlas,Nur Iqlas ,0,0,1d ago ,2023-02-03,https://www.tiktok.com/@sara.bakri2/video/7195055045472226586,2550,615,241,2023-2-2
kita semua tahu nurul org macam mana atleast rakyat dapat tahu duit tidak di curi lagi drpd puak puak otai,@user7393662524554,Roshan ,0,0,1d ago ,2023-02-03,https://www.tiktok.com/@sara.bakri2/video/7195055045472226586,2550,615,241,2023-2-2
bagus peyamun semua mesti rasa marah sebab tak dpt curi duit rakyat good stop for rasuah,@user7393662524554,Roshan ,0,0,1d ago ,2023-02-03,https://www.tiktok.com/@sara.bakri2/video/7195055045472226586,2550,615,241,2023-2-2
Rugi btui yg menang dlm plihan raya. Las yg kalah ada jawatan. Malaysia ku,@habibahhusain462,habibah ,0,0,1d ago ,2023-02-03,https://www.tiktok.com/@sara.bakri2/video/7195055045472226586,2550,615,241,2023-2-2
"makna siapa nak boleh ke tender, kena lepasi nurul izzah. nak kena lobi dia lepas ni ye?... pegawai kerajaan yg ada tu keje tukang cop jelaaa.... huhu",@noranizab,Nor Aniza Baharudin ,0,0,1d ago ,2023-02-03,https://www.tiktok.com/@sara.bakri2/video/7195055045472226586,2550,615,241,2023-2-2
mant4p ..ad t4pisan.sup4ya takde sal4h guna ku4sa..,@kerolmohd,user6881698192391 ,0,0,1d ago ,2023-02-03,https://www.tiktok.com/@sara.bakri2/video/7195055045472226586,2550,615,241,2023-2-2
dahsyat lagi kuasa allah...,@artlegacyxxath,atheeraChang ,0,0,1d ago ,2023-02-03,https://www.tiktok.com/@sara.bakri2/video/7195055045472226586,2550,615,241,2023-2-2
periksa bank balance sebelum dan selepas menjadi penolong DSAI ğŸ˜‚,@harjindarsingh360gmail.c,Harjindar Singh30 ,0,0,1d ago ,2023-02-03,https://www.tiktok.com/@sara.bakri2/video/7195055045472226586,2550,615,241,2023-2-2
Jangan kata mcm 2 sian menteri2 yg cai cai undi,@joekaduk81,joekaduk81 ,0,0,1d ago ,2023-02-03,https://www.tiktok.com/@sara.bakri2/video/7195055045472226586,2550,615,241,2023-2-2
"x percaya kat darah daging, nak percaya kat siapa lg....terbaik DSAi",@namzahfital,onlyou ,0,0,1d ago ,2023-02-03,https://www.tiktok.com/@sara.bakri2/video/7195055045472226586,2550,615,241,2023-2-2
"sekarang kalah pru,ade kes mahkamah,bekas banduan semua bole jd menteri..xde hal..semua jd suciğŸ˜‚ğŸ˜‚",@irisrose_bwgranger,IrisRose ,0,0,1d ago ,2023-02-03,https://www.tiktok.com/@sara.bakri2/video/7195055045472226586,2550,615,241,2023-2-2
sjk kes sorang wak tu..sapa je nk caya dgn umno@beeend,@mentarijingga70,mentari jingga ,0,0,1d ago ,2023-02-03,https://www.tiktok.com/@sara.bakri2/video/7195055045472226586,2550,615,241,2023-2-2
Tahniah izzah..terus kan abaikan kata2 negetif,@sweetlavender198,Strawberriesghj ,2,0,1d ago ,2023-02-03,https://www.tiktok.com/@sara.bakri2/video/7195055045472226586,2550,615,241,2023-2-2
terbaik yb teruskan tugas basmi rasuah,@ahmadgb235,ahmadgb235 ,0,0,1d ago ,2023-02-03,https://www.tiktok.com/@sara.bakri2/video/7195055045472226586,2550,615,241,2023-2-2
parahhh sgt dah malaysia ni...,@unknownuserrrrrr75,unknownuserrrrrr75 ,0,0,1d ago ,2023-02-03,https://www.tiktok.com/@sara.bakri2/video/7195055045472226586,2550,615,241,2023-2-2
depan suci...hmm....manusia...bukan malaikat.....,@zaber187,user4988219334784 ,1,1,1d ago ,2023-02-03,https://www.tiktok.com/@sara.bakri2/video/7195055045472226586,2550,615,241,2023-2-2
Lepas ni xda la kja pjwap awam... Izzah dh sailang hahhahaha,@ahmadsabri31,Ahmad Sabri ,0,0,1d ago ,2023-02-03,https://www.tiktok.com/@sara.bakri2/video/7195055045472226586,2550,615,241,2023-2-2
Sepatutnya Ex YB ni patut meneliti Janji PRU 15 telus ataupun tak janji dah dilaksanakan ataupun dikencing lagi.,@moganrajsuppiah,Moganraj Suppiah ,0,0,1d ago ,2023-02-03,https://www.tiktok.com/@sara.bakri2/video/7195055045472226586,2550,615,241,2023-2-2
dahsyatnya perkataan awak guna. sebernarya tak da apa apa pun.,@laiweng,wai ,0,0,1d ago ,2023-02-03,https://www.tiktok.com/@sara.bakri2/video/7195055045472226586,2550,615,241,2023-2-2
"aku rasa okeh je takde masalah pun, netizen saja kecoh",@fizan_zul,Fix_Zang ,0,0,1d ago ,2023-02-03,https://www.tiktok.com/@sara.bakri2/video/7195055045472226586,2550,615,241,2023-2-2
ni la kerajaan dinasti anwar lim guan eng..ğŸ˜‚ğŸ˜‚ğŸ˜‚,@mohd79612,Mohd 79612 man ,0,0,1d ago ,2023-02-03,https://www.tiktok.com/@sara.bakri2/video/7195055045472226586,2550,615,241,2023-2-2
"Besar tak kuasa anak aku tu,aku kan bapak dia,aku pm,ikut aky la nak lantik sapa pun!
Dulu tu sandiwara!!!ğŸ˜‚ğŸ˜‚ğŸ˜‚ğŸ˜‚",@mspalasmspalas,Mspalas Mspalas ,0,0,1d ago ,2023-02-03,https://www.tiktok.com/@sara.bakri2/video/7195055045472226586,2550,615,241,2023-2-2
"meroyan meroyan
meroyan meroyan
meroyan meroyan
sampai bila ???",@benihkelapa,Benih Kelapa ,0,0,1d ago ,2023-02-03,https://www.tiktok.com/@sara.bakri2/video/7195055045472226586,2550,615,241,2023-2-2
kihkihkih... Zahid n Rafizi jd LEMBU JADIANğŸ˜‚ğŸ˜‚ ade pangkat tp xde kuasağŸ˜‚ğŸ˜‚,@mohdshafizeezamri,MCMLXXXV ,0,0,1d ago ,2023-02-03,https://www.tiktok.com/@sara.bakri2/video/7195055045472226586,2550,615,241,2023-2-2
kalah pilihan raya pun boleh ada kedudukan dalam kerajaan,@hans_gaijin1994,biar nakal tapi berakalğŸ‘ ,0,0,1d ago ,2023-02-03,https://www.tiktok.com/@sara.bakri2/video/7195055045472226586,2550,615,241,2023-2-2
ramai la cari nurul lepas ni .. nak tender ..nak tender..,@fz8446,f z ,0,0,1d ago ,2023-02-03,https://www.tiktok.com/@sara.bakri2/video/7195055045472226586,2550,615,241,2023-2-2
ğŸ˜‚ğŸ˜‚ğŸ˜‚ lagu terbaru boleh kalahkn lagu hoi hoi hoi ya hoi,@anisahabduljalil75,anisah75 ,0,0,1d ago ,2023-02-03,https://www.tiktok.com/@sara.bakri2/video/7195055045472226586,2550,615,241,2023-2-2
