comment,username,nickname,likes,noOfRepliedComments,posted_date,extracted_date,video_link,video_likes,video_comments,video_shared,video_posted_date,video_views,video_image_link
Jnji x sakau duit rakyat jln trus yb nurul izzah..bt y terbaik untk rakyatüòä,@nadia.uddin,Cik Nad Channel ,59,25,2023-1-30,2023-02-07,https://www.tiktok.com/@pejabatrakyat/video/7194085372186397979,674,351,94,2023-1-29,61.6K,https://p16-sign-va.tiktokcdn.com/obj/tos-useast2a-p-0037-aiso/owfHfHsUNAl7BrUtgI4orDePU2H9fRQHGEEGtQ?x-expires=1675767600&x-signature=Pz0t51VJ6gywdgh7f6YVwrQKrNo%3D
menteri ank brank hebat aura phacing kan..üòÖüòÖüòÖ,@wan_hilmin,parok nisey ,25,2,2023-1-30,2023-02-07,https://www.tiktok.com/@pejabatrakyat/video/7194085372186397979,674,351,94,2023-1-29,61.6K,https://p16-sign-va.tiktokcdn.com/obj/tos-useast2a-p-0037-aiso/owfHfHsUNAl7BrUtgI4orDePU2H9fRQHGEEGtQ?x-expires=1675767600&x-signature=Pz0t51VJ6gywdgh7f6YVwrQKrNo%3D
PH terbaik untuk rakyat malaysia üëçü§†üá≤üáæ,@adananbbsb,adananbbsb ,29,1,2023-1-30,2023-02-07,https://www.tiktok.com/@pejabatrakyat/video/7194085372186397979,674,351,94,2023-1-29,61.6K,https://p16-sign-va.tiktokcdn.com/obj/tos-useast2a-p-0037-aiso/owfHfHsUNAl7BrUtgI4orDePU2H9fRQHGEEGtQ?x-expires=1675767600&x-signature=Pz0t51VJ6gywdgh7f6YVwrQKrNo%3D
Tiada pernah seorang pemimpin pun sebelum ini yg berkhidmat tanpa ambil gaji . Terima kasih DSAI & Nurul Izzah .,@soleil_5778,Soleil ,9,0,2023-2-1,2023-02-07,https://www.tiktok.com/@pejabatrakyat/video/7194085372186397979,674,351,94,2023-1-29,61.6K,https://p16-sign-va.tiktokcdn.com/obj/tos-useast2a-p-0037-aiso/owfHfHsUNAl7BrUtgI4orDePU2H9fRQHGEEGtQ?x-expires=1675767600&x-signature=Pz0t51VJ6gywdgh7f6YVwrQKrNo%3D
üòÇüòÇ,@mohdadzraf,Mohd Adzraf ,1,0,2023-2-5,2023-02-07,https://www.tiktok.com/@pejabatrakyat/video/7194085372186397979,674,351,94,2023-1-29,61.6K,https://p16-sign-va.tiktokcdn.com/obj/tos-useast2a-p-0037-aiso/owfHfHsUNAl7BrUtgI4orDePU2H9fRQHGEEGtQ?x-expires=1675767600&x-signature=Pz0t51VJ6gywdgh7f6YVwrQKrNo%3D
Selamat maju jaya Ezzah tubjukkan kemampuan diri mu,@user699857686052,user699857686052 ,2,0,2023-2-4,2023-02-07,https://www.tiktok.com/@pejabatrakyat/video/7194085372186397979,674,351,94,2023-1-29,61.6K,https://p16-sign-va.tiktokcdn.com/obj/tos-useast2a-p-0037-aiso/owfHfHsUNAl7BrUtgI4orDePU2H9fRQHGEEGtQ?x-expires=1675767600&x-signature=Pz0t51VJ6gywdgh7f6YVwrQKrNo%3D
üòÇüòÇüòÇüòÇ,@amyawiemus,AmyAwieMus ,1,0,2023-2-4,2023-02-07,https://www.tiktok.com/@pejabatrakyat/video/7194085372186397979,674,351,94,2023-1-29,61.6K,https://p16-sign-va.tiktokcdn.com/obj/tos-useast2a-p-0037-aiso/owfHfHsUNAl7BrUtgI4orDePU2H9fRQHGEEGtQ?x-expires=1675767600&x-signature=Pz0t51VJ6gywdgh7f6YVwrQKrNo%3D
dh xdak ada org lain lg dahh...ü§£ü§£ü§£ü§£,@redhawk714,REDHAWK ,1,0,2023-2-3,2023-02-07,https://www.tiktok.com/@pejabatrakyat/video/7194085372186397979,674,351,94,2023-1-29,61.6K,https://p16-sign-va.tiktokcdn.com/obj/tos-useast2a-p-0037-aiso/owfHfHsUNAl7BrUtgI4orDePU2H9fRQHGEEGtQ?x-expires=1675767600&x-signature=Pz0t51VJ6gywdgh7f6YVwrQKrNo%3D
üòÇüòÇüòÇ,@mohdasmawingah0,Mohd Asmawingah ,0,0,2023-2-3,2023-02-07,https://www.tiktok.com/@pejabatrakyat/video/7194085372186397979,674,351,94,2023-1-29,61.6K,https://p16-sign-va.tiktokcdn.com/obj/tos-useast2a-p-0037-aiso/owfHfHsUNAl7BrUtgI4orDePU2H9fRQHGEEGtQ?x-expires=1675767600&x-signature=Pz0t51VJ6gywdgh7f6YVwrQKrNo%3D
üòÇüòÇüòÇüòÇüòÇ,@sarifahmaimunah57,Sarifah Maimunah392 ,0,0,2023-2-2,2023-02-07,https://www.tiktok.com/@pejabatrakyat/video/7194085372186397979,674,351,94,2023-1-29,61.6K,https://p16-sign-va.tiktokcdn.com/obj/tos-useast2a-p-0037-aiso/owfHfHsUNAl7BrUtgI4orDePU2H9fRQHGEEGtQ?x-expires=1675767600&x-signature=Pz0t51VJ6gywdgh7f6YVwrQKrNo%3D
"cari lah dulu siapa PM tak nak terima gaji dan elaun, penasihat yang tak de gaji dan elaun, kerja free 100%, than kami fikir balik nak undi siapa",@mikrotikrouter7679,mikrotikrouter7679 ,1,2,2023-2-1,2023-02-07,https://www.tiktok.com/@pejabatrakyat/video/7194085372186397979,674,351,94,2023-1-29,61.6K,https://p16-sign-va.tiktokcdn.com/obj/tos-useast2a-p-0037-aiso/owfHfHsUNAl7BrUtgI4orDePU2H9fRQHGEEGtQ?x-expires=1675767600&x-signature=Pz0t51VJ6gywdgh7f6YVwrQKrNo%3D
kerajaan untuk keluarga malaysia,@ummiehanifah,ummiehanifah ,0,0,2023-1-31,2023-02-07,https://www.tiktok.com/@pejabatrakyat/video/7194085372186397979,674,351,94,2023-1-29,61.6K,https://p16-sign-va.tiktokcdn.com/obj/tos-useast2a-p-0037-aiso/owfHfHsUNAl7BrUtgI4orDePU2H9fRQHGEEGtQ?x-expires=1675767600&x-signature=Pz0t51VJ6gywdgh7f6YVwrQKrNo%3D
üòÇüòÇüòÇ,@ceobasikal,CEO Basikal ,1,0,2023-1-31,2023-02-07,https://www.tiktok.com/@pejabatrakyat/video/7194085372186397979,674,351,94,2023-1-29,61.6K,https://p16-sign-va.tiktokcdn.com/obj/tos-useast2a-p-0037-aiso/owfHfHsUNAl7BrUtgI4orDePU2H9fRQHGEEGtQ?x-expires=1675767600&x-signature=Pz0t51VJ6gywdgh7f6YVwrQKrNo%3D
üòÇüòÇüòÇüòÇüòÇ,@joetanjung78,JoeTanjung ,0,0,2023-1-31,2023-02-07,https://www.tiktok.com/@pejabatrakyat/video/7194085372186397979,674,351,94,2023-1-29,61.6K,https://p16-sign-va.tiktokcdn.com/obj/tos-useast2a-p-0037-aiso/owfHfHsUNAl7BrUtgI4orDePU2H9fRQHGEEGtQ?x-expires=1675767600&x-signature=Pz0t51VJ6gywdgh7f6YVwrQKrNo%3D
Jangan tuduh dlu kita tgk mcm mana dlm 5 tahun ni,@renaalove89,sweetpie ,2,1,2023-1-31,2023-02-07,https://www.tiktok.com/@pejabatrakyat/video/7194085372186397979,674,351,94,2023-1-29,61.6K,https://p16-sign-va.tiktokcdn.com/obj/tos-useast2a-p-0037-aiso/owfHfHsUNAl7BrUtgI4orDePU2H9fRQHGEEGtQ?x-expires=1675767600&x-signature=Pz0t51VJ6gywdgh7f6YVwrQKrNo%3D
üòÅüòÅüòÅ,@1979papazola,papa zola ,1,0,2023-1-31,2023-02-07,https://www.tiktok.com/@pejabatrakyat/video/7194085372186397979,674,351,94,2023-1-29,61.6K,https://p16-sign-va.tiktokcdn.com/obj/tos-useast2a-p-0037-aiso/owfHfHsUNAl7BrUtgI4orDePU2H9fRQHGEEGtQ?x-expires=1675767600&x-signature=Pz0t51VJ6gywdgh7f6YVwrQKrNo%3D
Anak anak dia org sahaja yg pandai dan belajar Luar Negara.. Banyak lagi anak Muda kita kat Luar Negara yg Hebat,@shahrizal980,user159085604001 ,2,1,2023-1-31,2023-02-07,https://www.tiktok.com/@pejabatrakyat/video/7194085372186397979,674,351,94,2023-1-29,61.6K,https://p16-sign-va.tiktokcdn.com/obj/tos-useast2a-p-0037-aiso/owfHfHsUNAl7BrUtgI4orDePU2H9fRQHGEEGtQ?x-expires=1675767600&x-signature=Pz0t51VJ6gywdgh7f6YVwrQKrNo%3D
tak puashati dari lantikan pmx hingga kini. kena mandi bunga ni nk pulihkan smgtüòéüòéüòéüòé,@user61936863055986,user6193686305598 ,2,0,2023-1-31,2023-02-07,https://www.tiktok.com/@pejabatrakyat/video/7194085372186397979,674,351,94,2023-1-29,61.6K,https://p16-sign-va.tiktokcdn.com/obj/tos-useast2a-p-0037-aiso/owfHfHsUNAl7BrUtgI4orDePU2H9fRQHGEEGtQ?x-expires=1675767600&x-signature=Pz0t51VJ6gywdgh7f6YVwrQKrNo%3D
luluskn kwsp,@syarinasamad,Syarina Samad ,1,2,2023-1-31,2023-02-07,https://www.tiktok.com/@pejabatrakyat/video/7194085372186397979,674,351,94,2023-1-29,61.6K,https://p16-sign-va.tiktokcdn.com/obj/tos-useast2a-p-0037-aiso/owfHfHsUNAl7BrUtgI4orDePU2H9fRQHGEEGtQ?x-expires=1675767600&x-signature=Pz0t51VJ6gywdgh7f6YVwrQKrNo%3D
hanya pemimpin kerajaan madani shja boleh buat apa sja..pemimpin2 parti lain tak boleh ikut buat.,@noromobakti,user6771610964194 ,2,4,2023-1-31,2023-02-07,https://www.tiktok.com/@pejabatrakyat/video/7194085372186397979,674,351,94,2023-1-29,61.6K,https://p16-sign-va.tiktokcdn.com/obj/tos-useast2a-p-0037-aiso/owfHfHsUNAl7BrUtgI4orDePU2H9fRQHGEEGtQ?x-expires=1675767600&x-signature=Pz0t51VJ6gywdgh7f6YVwrQKrNo%3D
hahaha... anak papa...,@napie_hke,napie hke ,0,0,2023-1-31,2023-02-07,https://www.tiktok.com/@pejabatrakyat/video/7194085372186397979,674,351,94,2023-1-29,61.6K,https://p16-sign-va.tiktokcdn.com/obj/tos-useast2a-p-0037-aiso/owfHfHsUNAl7BrUtgI4orDePU2H9fRQHGEEGtQ?x-expires=1675767600&x-signature=Pz0t51VJ6gywdgh7f6YVwrQKrNo%3D
Tahniah nurul izzah... Keputusan terbaik,@ricky89090,Dr Doom ,4,0,2023-1-31,2023-02-07,https://www.tiktok.com/@pejabatrakyat/video/7194085372186397979,674,351,94,2023-1-29,61.6K,https://p16-sign-va.tiktokcdn.com/obj/tos-useast2a-p-0037-aiso/owfHfHsUNAl7BrUtgI4orDePU2H9fRQHGEEGtQ?x-expires=1675767600&x-signature=Pz0t51VJ6gywdgh7f6YVwrQKrNo%3D
He..hee,@suriyamansor,Suriya Mansor ,0,0,2023-1-31,2023-02-07,https://www.tiktok.com/@pejabatrakyat/video/7194085372186397979,674,351,94,2023-1-29,61.6K,https://p16-sign-va.tiktokcdn.com/obj/tos-useast2a-p-0037-aiso/owfHfHsUNAl7BrUtgI4orDePU2H9fRQHGEEGtQ?x-expires=1675767600&x-signature=Pz0t51VJ6gywdgh7f6YVwrQKrNo%3D
Terima kasih DSAI dan Nurul Izzah kerana pengorbanan utk berkhidmat utk rakyat & negara tanpa ambil 1 sen pun duit rakyat .,@soleil_5778,Soleil ,0,0,2023-2-1,2023-02-07,https://www.tiktok.com/@pejabatrakyat/video/7194085372186397979,674,351,94,2023-1-29,61.6K,https://p16-sign-va.tiktokcdn.com/obj/tos-useast2a-p-0037-aiso/owfHfHsUNAl7BrUtgI4orDePU2H9fRQHGEEGtQ?x-expires=1675767600&x-signature=Pz0t51VJ6gywdgh7f6YVwrQKrNo%3D
"Terbawa2 slogan pm lm, keluarga msia....ni lah contohnyaüòÇüòÇüòÇüòÇüòÇ",@luakbuapak,LuakbuapakN9 ,0,0,2023-1-30,2023-02-07,https://www.tiktok.com/@pejabatrakyat/video/7194085372186397979,674,351,94,2023-1-29,61.6K,https://p16-sign-va.tiktokcdn.com/obj/tos-useast2a-p-0037-aiso/owfHfHsUNAl7BrUtgI4orDePU2H9fRQHGEEGtQ?x-expires=1675767600&x-signature=Pz0t51VJ6gywdgh7f6YVwrQKrNo%3D
huhuhu,@wawa1273,wawa ,0,0,2023-1-30,2023-02-07,https://www.tiktok.com/@pejabatrakyat/video/7194085372186397979,674,351,94,2023-1-29,61.6K,https://p16-sign-va.tiktokcdn.com/obj/tos-useast2a-p-0037-aiso/owfHfHsUNAl7BrUtgI4orDePU2H9fRQHGEEGtQ?x-expires=1675767600&x-signature=Pz0t51VJ6gywdgh7f6YVwrQKrNo%3D
ni dinamakan parti anak beranak lebih baik rakyat x g mengundi haritu.,@zanaariffin560,zanaariffin560 ,2,1,2023-1-30,2023-02-07,https://www.tiktok.com/@pejabatrakyat/video/7194085372186397979,674,351,94,2023-1-29,61.6K,https://p16-sign-va.tiktokcdn.com/obj/tos-useast2a-p-0037-aiso/owfHfHsUNAl7BrUtgI4orDePU2H9fRQHGEEGtQ?x-expires=1675767600&x-signature=Pz0t51VJ6gywdgh7f6YVwrQKrNo%3D
tahniah ü•∞ü•∞ü•∞,@hairisabri,Hairi Sabri ,1,0,2023-1-30,2023-02-07,https://www.tiktok.com/@pejabatrakyat/video/7194085372186397979,674,351,94,2023-1-29,61.6K,https://p16-sign-va.tiktokcdn.com/obj/tos-useast2a-p-0037-aiso/owfHfHsUNAl7BrUtgI4orDePU2H9fRQHGEEGtQ?x-expires=1675767600&x-signature=Pz0t51VJ6gywdgh7f6YVwrQKrNo%3D
family business,@ravindranarsenal,Ravindran ,0,0,2023-1-30,2023-02-07,https://www.tiktok.com/@pejabatrakyat/video/7194085372186397979,674,351,94,2023-1-29,61.6K,https://p16-sign-va.tiktokcdn.com/obj/tos-useast2a-p-0037-aiso/owfHfHsUNAl7BrUtgI4orDePU2H9fRQHGEEGtQ?x-expires=1675767600&x-signature=Pz0t51VJ6gywdgh7f6YVwrQKrNo%3D
janji x de 3-5%üòÇüòÇ,@jebat6748,jebat 6748 ,1,0,2023-1-30,2023-02-07,https://www.tiktok.com/@pejabatrakyat/video/7194085372186397979,674,351,94,2023-1-29,61.6K,https://p16-sign-va.tiktokcdn.com/obj/tos-useast2a-p-0037-aiso/owfHfHsUNAl7BrUtgI4orDePU2H9fRQHGEEGtQ?x-expires=1675767600&x-signature=Pz0t51VJ6gywdgh7f6YVwrQKrNo%3D
Koyak keüòÇüòÇ,@maliki8464,mr m ,0,1,2023-1-30,2023-02-07,https://www.tiktok.com/@pejabatrakyat/video/7194085372186397979,674,351,94,2023-1-29,61.6K,https://p16-sign-va.tiktokcdn.com/obj/tos-useast2a-p-0037-aiso/owfHfHsUNAl7BrUtgI4orDePU2H9fRQHGEEGtQ?x-expires=1675767600&x-signature=Pz0t51VJ6gywdgh7f6YVwrQKrNo%3D
kerajaan anak beranak,@0afgccdfba,FGCCDFCA//PENGEJARIMPIAN ,0,0,2023-1-30,2023-02-07,https://www.tiktok.com/@pejabatrakyat/video/7194085372186397979,674,351,94,2023-1-29,61.6K,https://p16-sign-va.tiktokcdn.com/obj/tos-useast2a-p-0037-aiso/owfHfHsUNAl7BrUtgI4orDePU2H9fRQHGEEGtQ?x-expires=1675767600&x-signature=Pz0t51VJ6gywdgh7f6YVwrQKrNo%3D
üòÇüòÇüòÇüòÇüòÇüòÇüòÇüòÇüòÇ,@princessart100,princessart100 ,0,0,2023-1-30,2023-02-07,https://www.tiktok.com/@pejabatrakyat/video/7194085372186397979,674,351,94,2023-1-29,61.6K,https://p16-sign-va.tiktokcdn.com/obj/tos-useast2a-p-0037-aiso/owfHfHsUNAl7BrUtgI4orDePU2H9fRQHGEEGtQ?x-expires=1675767600&x-signature=Pz0t51VJ6gywdgh7f6YVwrQKrNo%3D
kita di gula¬≤ kan,@fkhri_sbri,MF ,2,0,2023-1-30,2023-02-07,https://www.tiktok.com/@pejabatrakyat/video/7194085372186397979,674,351,94,2023-1-29,61.6K,https://p16-sign-va.tiktokcdn.com/obj/tos-useast2a-p-0037-aiso/owfHfHsUNAl7BrUtgI4orDePU2H9fRQHGEEGtQ?x-expires=1675767600&x-signature=Pz0t51VJ6gywdgh7f6YVwrQKrNo%3D
taniah Nur izzah,@kannahsupramaniam,Kannah Supramaniam ,2,0,2023-1-30,2023-02-07,https://www.tiktok.com/@pejabatrakyat/video/7194085372186397979,674,351,94,2023-1-29,61.6K,https://p16-sign-va.tiktokcdn.com/obj/tos-useast2a-p-0037-aiso/owfHfHsUNAl7BrUtgI4orDePU2H9fRQHGEEGtQ?x-expires=1675767600&x-signature=Pz0t51VJ6gywdgh7f6YVwrQKrNo%3D
madani for all üòÇüòÇüòÇ,@tuanpengaroh,Abe Tuan Pengaroh ,0,0,2023-1-30,2023-02-07,https://www.tiktok.com/@pejabatrakyat/video/7194085372186397979,674,351,94,2023-1-29,61.6K,https://p16-sign-va.tiktokcdn.com/obj/tos-useast2a-p-0037-aiso/owfHfHsUNAl7BrUtgI4orDePU2H9fRQHGEEGtQ?x-expires=1675767600&x-signature=Pz0t51VJ6gywdgh7f6YVwrQKrNo%3D
PH terbaiiik ekonomi Malaysia pun dh naik,@nadia.uddin,Cik Nad Channel ,1,0,2023-1-30,2023-02-07,https://www.tiktok.com/@pejabatrakyat/video/7194085372186397979,674,351,94,2023-1-29,61.6K,https://p16-sign-va.tiktokcdn.com/obj/tos-useast2a-p-0037-aiso/owfHfHsUNAl7BrUtgI4orDePU2H9fRQHGEEGtQ?x-expires=1675767600&x-signature=Pz0t51VJ6gywdgh7f6YVwrQKrNo%3D
tahniah nuar pasti umno bangga dgn anuar....ü§£ü§£ü§£üòÇüòÇüòÇüòÇ,@pk.tamzack,Zack77 ,0,0,2023-1-30,2023-02-07,https://www.tiktok.com/@pejabatrakyat/video/7194085372186397979,674,351,94,2023-1-29,61.6K,https://p16-sign-va.tiktokcdn.com/obj/tos-useast2a-p-0037-aiso/owfHfHsUNAl7BrUtgI4orDePU2H9fRQHGEEGtQ?x-expires=1675767600&x-signature=Pz0t51VJ6gywdgh7f6YVwrQKrNo%3D
"Rocky bhai KGF pernah berkata - NEPOTISMMM Aaaaaaaa, hahahahahha",@aryanfaryz,aryanfaryz ,1,0,2023-1-30,2023-02-07,https://www.tiktok.com/@pejabatrakyat/video/7194085372186397979,674,351,94,2023-1-29,61.6K,https://p16-sign-va.tiktokcdn.com/obj/tos-useast2a-p-0037-aiso/owfHfHsUNAl7BrUtgI4orDePU2H9fRQHGEEGtQ?x-expires=1675767600&x-signature=Pz0t51VJ6gywdgh7f6YVwrQKrNo%3D
":ini undang2 terbesar skali didalam banyak undang2 ,
undang2 nie dinamakan family planningüòÇüòÇüòÇ",@suhaimisaidan303677, ,2,0,2023-1-30,2023-02-07,https://www.tiktok.com/@pejabatrakyat/video/7194085372186397979,674,351,94,2023-1-29,61.6K,https://p16-sign-va.tiktokcdn.com/obj/tos-useast2a-p-0037-aiso/owfHfHsUNAl7BrUtgI4orDePU2H9fRQHGEEGtQ?x-expires=1675767600&x-signature=Pz0t51VJ6gywdgh7f6YVwrQKrNo%3D
"semoga di permudahkan segala urusan, Aamiin",@hambanya690,paksu Atip ,1,0,2023-1-30,2023-02-07,https://www.tiktok.com/@pejabatrakyat/video/7194085372186397979,674,351,94,2023-1-29,61.6K,https://p16-sign-va.tiktokcdn.com/obj/tos-useast2a-p-0037-aiso/owfHfHsUNAl7BrUtgI4orDePU2H9fRQHGEEGtQ?x-expires=1675767600&x-signature=Pz0t51VJ6gywdgh7f6YVwrQKrNo%3D
"mcm sama tapi tetap tak sama...
ada bergaji dan X ada...üòÇ",@user584209086329,tokAjak ,0,0,2023-1-30,2023-02-07,https://www.tiktok.com/@pejabatrakyat/video/7194085372186397979,674,351,94,2023-1-29,61.6K,https://p16-sign-va.tiktokcdn.com/obj/tos-useast2a-p-0037-aiso/owfHfHsUNAl7BrUtgI4orDePU2H9fRQHGEEGtQ?x-expires=1675767600&x-signature=Pz0t51VJ6gywdgh7f6YVwrQKrNo%3D
dia punya suka la nk lantik sapa,@mofudeaminu,mofudeaminu ,1,0,2023-1-30,2023-02-07,https://www.tiktok.com/@pejabatrakyat/video/7194085372186397979,674,351,94,2023-1-29,61.6K,https://p16-sign-va.tiktokcdn.com/obj/tos-useast2a-p-0037-aiso/owfHfHsUNAl7BrUtgI4orDePU2H9fRQHGEEGtQ?x-expires=1675767600&x-signature=Pz0t51VJ6gywdgh7f6YVwrQKrNo%3D
tggu dan lihat.. ada lg... next pulak... ü§£,@irdinasofea7791,irdina sofea ,0,0,2023-1-30,2023-02-07,https://www.tiktok.com/@pejabatrakyat/video/7194085372186397979,674,351,94,2023-1-29,61.6K,https://p16-sign-va.tiktokcdn.com/obj/tos-useast2a-p-0037-aiso/owfHfHsUNAl7BrUtgI4orDePU2H9fRQHGEEGtQ?x-expires=1675767600&x-signature=Pz0t51VJ6gywdgh7f6YVwrQKrNo%3D
"isu xnk ambik gaji,xnk bg rakyat prtikaiknüòÇüòÇ,menteri ank bini",@abewea92,ABe Wan ,2,0,2023-1-30,2023-02-07,https://www.tiktok.com/@pejabatrakyat/video/7194085372186397979,674,351,94,2023-1-29,61.6K,https://p16-sign-va.tiktokcdn.com/obj/tos-useast2a-p-0037-aiso/owfHfHsUNAl7BrUtgI4orDePU2H9fRQHGEEGtQ?x-expires=1675767600&x-signature=Pz0t51VJ6gywdgh7f6YVwrQKrNo%3D
PH the best,@63theva,Theva ,0,0,2023-1-30,2023-02-07,https://www.tiktok.com/@pejabatrakyat/video/7194085372186397979,674,351,94,2023-1-29,61.6K,https://p16-sign-va.tiktokcdn.com/obj/tos-useast2a-p-0037-aiso/owfHfHsUNAl7BrUtgI4orDePU2H9fRQHGEEGtQ?x-expires=1675767600&x-signature=Pz0t51VJ6gywdgh7f6YVwrQKrNo%3D
üòÇüòÇüòÇ kesian cai ..,@fmfbetta,FMF Betta ,0,0,2023-1-30,2023-02-07,https://www.tiktok.com/@pejabatrakyat/video/7194085372186397979,674,351,94,2023-1-29,61.6K,https://p16-sign-va.tiktokcdn.com/obj/tos-useast2a-p-0037-aiso/owfHfHsUNAl7BrUtgI4orDePU2H9fRQHGEEGtQ?x-expires=1675767600&x-signature=Pz0t51VJ6gywdgh7f6YVwrQKrNo%3D
hidup ph,@manescapethreeseven,manescape ,0,0,2023-1-30,2023-02-07,https://www.tiktok.com/@pejabatrakyat/video/7194085372186397979,674,351,94,2023-1-29,61.6K,https://p16-sign-va.tiktokcdn.com/obj/tos-useast2a-p-0037-aiso/owfHfHsUNAl7BrUtgI4orDePU2H9fRQHGEEGtQ?x-expires=1675767600&x-signature=Pz0t51VJ6gywdgh7f6YVwrQKrNo%3D
"kerajaan MADANI.
Menantu, Anak DAn biNI
PM sudah,
TPM sudah.
xkan menteri2 lain tengok saja",@hans6663,max ,1,3,2023-1-30,2023-02-07,https://www.tiktok.com/@pejabatrakyat/video/7194085372186397979,674,351,94,2023-1-29,61.6K,https://p16-sign-va.tiktokcdn.com/obj/tos-useast2a-p-0037-aiso/owfHfHsUNAl7BrUtgI4orDePU2H9fRQHGEEGtQ?x-expires=1675767600&x-signature=Pz0t51VJ6gywdgh7f6YVwrQKrNo%3D
senang la ye. üòÇüòÇüòÇ,@izwanidris94,izwanidris ,1,1,2023-1-30,2023-02-07,https://www.tiktok.com/@pejabatrakyat/video/7194085372186397979,674,351,94,2023-1-29,61.6K,https://p16-sign-va.tiktokcdn.com/obj/tos-useast2a-p-0037-aiso/owfHfHsUNAl7BrUtgI4orDePU2H9fRQHGEEGtQ?x-expires=1675767600&x-signature=Pz0t51VJ6gywdgh7f6YVwrQKrNo%3D
lps ni semua menteri¬≤ kabinet PMX bleh dah lantik anak¬≤ masing¬≤ sebagai penasihat.....yg x bergaji..... penjawat¬≤ awam bleh la letak jawatanü§£ü§£ü§£ü§£ü§£,@izzdania21,Dani danish ,1,1,2023-1-30,2023-02-07,https://www.tiktok.com/@pejabatrakyat/video/7194085372186397979,674,351,94,2023-1-29,61.6K,https://p16-sign-va.tiktokcdn.com/obj/tos-useast2a-p-0037-aiso/owfHfHsUNAl7BrUtgI4orDePU2H9fRQHGEEGtQ?x-expires=1675767600&x-signature=Pz0t51VJ6gywdgh7f6YVwrQKrNo%3D
hidup pH,@hobinjang77,hobin jang hobin ,0,1,2023-1-30,2023-02-07,https://www.tiktok.com/@pejabatrakyat/video/7194085372186397979,674,351,94,2023-1-29,61.6K,https://p16-sign-va.tiktokcdn.com/obj/tos-useast2a-p-0037-aiso/owfHfHsUNAl7BrUtgI4orDePU2H9fRQHGEEGtQ?x-expires=1675767600&x-signature=Pz0t51VJ6gywdgh7f6YVwrQKrNo%3D
Ni kan apa rakyat mahu undi lagi.,@playmaker960,Ghost ,0,0,2023-1-30,2023-02-07,https://www.tiktok.com/@pejabatrakyat/video/7194085372186397979,674,351,94,2023-1-29,61.6K,https://p16-sign-va.tiktokcdn.com/obj/tos-useast2a-p-0037-aiso/owfHfHsUNAl7BrUtgI4orDePU2H9fRQHGEEGtQ?x-expires=1675767600&x-signature=Pz0t51VJ6gywdgh7f6YVwrQKrNo%3D
ramai yg meroyanüòÅ,@mohdaffandi5057,mohdaffandi5057 ,2,1,2023-1-30,2023-02-07,https://www.tiktok.com/@pejabatrakyat/video/7194085372186397979,674,351,94,2023-1-29,61.6K,https://p16-sign-va.tiktokcdn.com/obj/tos-useast2a-p-0037-aiso/owfHfHsUNAl7BrUtgI4orDePU2H9fRQHGEEGtQ?x-expires=1675767600&x-signature=Pz0t51VJ6gywdgh7f6YVwrQKrNo%3D
ok la xdak gaji pun...haha,@user510517961874,user510517961874 ,0,0,2023-1-30,2023-02-07,https://www.tiktok.com/@pejabatrakyat/video/7194085372186397979,674,351,94,2023-1-29,61.6K,https://p16-sign-va.tiktokcdn.com/obj/tos-useast2a-p-0037-aiso/owfHfHsUNAl7BrUtgI4orDePU2H9fRQHGEEGtQ?x-expires=1675767600&x-signature=Pz0t51VJ6gywdgh7f6YVwrQKrNo%3D
baguslah tahniah,@eveeasyrecipediary,EVE ,0,0,2023-1-30,2023-02-07,https://www.tiktok.com/@pejabatrakyat/video/7194085372186397979,674,351,94,2023-1-29,61.6K,https://p16-sign-va.tiktokcdn.com/obj/tos-useast2a-p-0037-aiso/owfHfHsUNAl7BrUtgI4orDePU2H9fRQHGEEGtQ?x-expires=1675767600&x-signature=Pz0t51VJ6gywdgh7f6YVwrQKrNo%3D
mantapp.....yb nurul trbaik..,@asi_3651,asi ,2,0,2023-1-30,2023-02-07,https://www.tiktok.com/@pejabatrakyat/video/7194085372186397979,674,351,94,2023-1-29,61.6K,https://p16-sign-va.tiktokcdn.com/obj/tos-useast2a-p-0037-aiso/owfHfHsUNAl7BrUtgI4orDePU2H9fRQHGEEGtQ?x-expires=1675767600&x-signature=Pz0t51VJ6gywdgh7f6YVwrQKrNo%3D
ya Allah apalah nasib rakyat,@ruaizahgaranijah,ruaizahgaranijah ,0,0,2023-1-30,2023-02-07,https://www.tiktok.com/@pejabatrakyat/video/7194085372186397979,674,351,94,2023-1-29,61.6K,https://p16-sign-va.tiktokcdn.com/obj/tos-useast2a-p-0037-aiso/owfHfHsUNAl7BrUtgI4orDePU2H9fRQHGEEGtQ?x-expires=1675767600&x-signature=Pz0t51VJ6gywdgh7f6YVwrQKrNo%3D
"bangun,bangun cuci mukaüòÅ",@zulrahim40,pakcik lori sawit 1/// ,1,0,2023-1-30,2023-02-07,https://www.tiktok.com/@pejabatrakyat/video/7194085372186397979,674,351,94,2023-1-29,61.6K,https://p16-sign-va.tiktokcdn.com/obj/tos-useast2a-p-0037-aiso/owfHfHsUNAl7BrUtgI4orDePU2H9fRQHGEEGtQ?x-expires=1675767600&x-signature=Pz0t51VJ6gywdgh7f6YVwrQKrNo%3D
"ok la tue , drpd zaman 70 menteri aun üòÅüòÅ",@smart13lastname,En Alter ,4,0,2023-1-30,2023-02-07,https://www.tiktok.com/@pejabatrakyat/video/7194085372186397979,674,351,94,2023-1-29,61.6K,https://p16-sign-va.tiktokcdn.com/obj/tos-useast2a-p-0037-aiso/owfHfHsUNAl7BrUtgI4orDePU2H9fRQHGEEGtQ?x-expires=1675767600&x-signature=Pz0t51VJ6gywdgh7f6YVwrQKrNo%3D
kita la dah bangun cai2 je anggap mereka dpt pemimpin dari syurga,@syahje3,syahcik ,3,0,2023-1-30,2023-02-07,https://www.tiktok.com/@pejabatrakyat/video/7194085372186397979,674,351,94,2023-1-29,61.6K,https://p16-sign-va.tiktokcdn.com/obj/tos-useast2a-p-0037-aiso/owfHfHsUNAl7BrUtgI4orDePU2H9fRQHGEEGtQ?x-expires=1675767600&x-signature=Pz0t51VJ6gywdgh7f6YVwrQKrNo%3D
Terbaek DSAI alhamdulilah Nurul izzah bekerja utk rakyat tanpa gaji alhamdulilah,@razaqxaq,Razak Zak595 ,3,1,2023-1-30,2023-02-07,https://www.tiktok.com/@pejabatrakyat/video/7194085372186397979,674,351,94,2023-1-29,61.6K,https://p16-sign-va.tiktokcdn.com/obj/tos-useast2a-p-0037-aiso/owfHfHsUNAl7BrUtgI4orDePU2H9fRQHGEEGtQ?x-expires=1675767600&x-signature=Pz0t51VJ6gywdgh7f6YVwrQKrNo%3D
"sya taknk gaji,sya taknk mercedes,kerana DLM diaM SY dah punYa segalanYa melebihi had",@mamalina_74,Lina01 ,3,0,2023-1-30,2023-02-07,https://www.tiktok.com/@pejabatrakyat/video/7194085372186397979,674,351,94,2023-1-29,61.6K,https://p16-sign-va.tiktokcdn.com/obj/tos-useast2a-p-0037-aiso/owfHfHsUNAl7BrUtgI4orDePU2H9fRQHGEEGtQ?x-expires=1675767600&x-signature=Pz0t51VJ6gywdgh7f6YVwrQKrNo%3D
fikirlah lh ye rakyat n nilai sendiri yg ada depan mata ari nie,@nurkartini3,Nur Kartini ,2,5,2023-1-30,2023-02-07,https://www.tiktok.com/@pejabatrakyat/video/7194085372186397979,674,351,94,2023-1-29,61.6K,https://p16-sign-va.tiktokcdn.com/obj/tos-useast2a-p-0037-aiso/owfHfHsUNAl7BrUtgI4orDePU2H9fRQHGEEGtQ?x-expires=1675767600&x-signature=Pz0t51VJ6gywdgh7f6YVwrQKrNo%3D
üòÇüòÇüòÇ,@ismaildaud191,Ismail Daud ,1,0,2023-1-30,2023-02-07,https://www.tiktok.com/@pejabatrakyat/video/7194085372186397979,674,351,94,2023-1-29,61.6K,https://p16-sign-va.tiktokcdn.com/obj/tos-useast2a-p-0037-aiso/owfHfHsUNAl7BrUtgI4orDePU2H9fRQHGEEGtQ?x-expires=1675767600&x-signature=Pz0t51VJ6gywdgh7f6YVwrQKrNo%3D
Anak anwar yg sorang lagi dah jadi reporter road bully,@usernotfound72882,happy ,3,1,2023-1-30,2023-02-07,https://www.tiktok.com/@pejabatrakyat/video/7194085372186397979,674,351,94,2023-1-29,61.6K,https://p16-sign-va.tiktokcdn.com/obj/tos-useast2a-p-0037-aiso/owfHfHsUNAl7BrUtgI4orDePU2H9fRQHGEEGtQ?x-expires=1675767600&x-signature=Pz0t51VJ6gywdgh7f6YVwrQKrNo%3D
üòÇüòÇüòÇüòÇüòÇüòÇüòÇüòÇüòÇ,@el_m1e,EL-M!E ,1,0,2023-1-30,2023-02-07,https://www.tiktok.com/@pejabatrakyat/video/7194085372186397979,674,351,94,2023-1-29,61.6K,https://p16-sign-va.tiktokcdn.com/obj/tos-useast2a-p-0037-aiso/owfHfHsUNAl7BrUtgI4orDePU2H9fRQHGEEGtQ?x-expires=1675767600&x-signature=Pz0t51VJ6gywdgh7f6YVwrQKrNo%3D
üòÇüòÇ,@iylajamylah,iylajamylah ,1,0,2023-1-30,2023-02-07,https://www.tiktok.com/@pejabatrakyat/video/7194085372186397979,674,351,94,2023-1-29,61.6K,https://p16-sign-va.tiktokcdn.com/obj/tos-useast2a-p-0037-aiso/owfHfHsUNAl7BrUtgI4orDePU2H9fRQHGEEGtQ?x-expires=1675767600&x-signature=Pz0t51VJ6gywdgh7f6YVwrQKrNo%3D
"rindu zaman abah
ayam sekor rm5.00
telor rm2.50 sepapan
m.masak rm10.50/5kg
beli sawi free timun, bendi
rinduuuu abahhh",@hadigani60,HadiGani ,2,2,2023-1-30,2023-02-07,https://www.tiktok.com/@pejabatrakyat/video/7194085372186397979,674,351,94,2023-1-29,61.6K,https://p16-sign-va.tiktokcdn.com/obj/tos-useast2a-p-0037-aiso/owfHfHsUNAl7BrUtgI4orDePU2H9fRQHGEEGtQ?x-expires=1675767600&x-signature=Pz0t51VJ6gywdgh7f6YVwrQKrNo%3D
formula ni...,@jai5307,jai5307 ,0,0,2023-1-30,2023-02-07,https://www.tiktok.com/@pejabatrakyat/video/7194085372186397979,674,351,94,2023-1-29,61.6K,https://p16-sign-va.tiktokcdn.com/obj/tos-useast2a-p-0037-aiso/owfHfHsUNAl7BrUtgI4orDePU2H9fRQHGEEGtQ?x-expires=1675767600&x-signature=Pz0t51VJ6gywdgh7f6YVwrQKrNo%3D
bangun PMX,@user5546683521441,PU3MEGAT ,0,0,2023-1-30,2023-02-07,https://www.tiktok.com/@pejabatrakyat/video/7194085372186397979,674,351,94,2023-1-29,61.6K,https://p16-sign-va.tiktokcdn.com/obj/tos-useast2a-p-0037-aiso/owfHfHsUNAl7BrUtgI4orDePU2H9fRQHGEEGtQ?x-expires=1675767600&x-signature=Pz0t51VJ6gywdgh7f6YVwrQKrNo%3D
üòÇüòÇüòÇüòÇüòÇharei,@user7137381350611,Neil0912 ,1,0,2023-1-30,2023-02-07,https://www.tiktok.com/@pejabatrakyat/video/7194085372186397979,674,351,94,2023-1-29,61.6K,https://p16-sign-va.tiktokcdn.com/obj/tos-useast2a-p-0037-aiso/owfHfHsUNAl7BrUtgI4orDePU2H9fRQHGEEGtQ?x-expires=1675767600&x-signature=Pz0t51VJ6gywdgh7f6YVwrQKrNo%3D
msia Madani,@tokubankokdiang,user9744613710933 ,1,0,2023-1-30,2023-02-07,https://www.tiktok.com/@pejabatrakyat/video/7194085372186397979,674,351,94,2023-1-29,61.6K,https://p16-sign-va.tiktokcdn.com/obj/tos-useast2a-p-0037-aiso/owfHfHsUNAl7BrUtgI4orDePU2H9fRQHGEEGtQ?x-expires=1675767600&x-signature=Pz0t51VJ6gywdgh7f6YVwrQKrNo%3D
Alhamdulillah. PMX terbaikkkü•∞ü•∞ü•∞,@zett_76,Nur Zett ,0,1,2023-2-3,2023-02-07,https://www.tiktok.com/@pejabatrakyat/video/7194085372186397979,674,351,94,2023-1-29,61.6K,https://p16-sign-va.tiktokcdn.com/obj/tos-useast2a-p-0037-aiso/owfHfHsUNAl7BrUtgI4orDePU2H9fRQHGEEGtQ?x-expires=1675767600&x-signature=Pz0t51VJ6gywdgh7f6YVwrQKrNo%3D
Mulia Nurul keje tanpa gaji demi NEGARA. SOALAN buat sume WALAUN tit. Menteri2 PAS sangup tak klau keje TAKDA GAJI? jwp MALAUN tit klau braniüòÇ,@kitamampu1,Thor Malay ,0,0,2023-2-2,2023-02-07,https://www.tiktok.com/@pejabatrakyat/video/7194085372186397979,674,351,94,2023-1-29,61.6K,https://p16-sign-va.tiktokcdn.com/obj/tos-useast2a-p-0037-aiso/owfHfHsUNAl7BrUtgI4orDePU2H9fRQHGEEGtQ?x-expires=1675767600&x-signature=Pz0t51VJ6gywdgh7f6YVwrQKrNo%3D
üòÇüòÇüòÇüòÇ meroyan kempunan nampaak,@amri.az2022,aaz ,0,0,2023-2-2,2023-02-07,https://www.tiktok.com/@pejabatrakyat/video/7194085372186397979,674,351,94,2023-1-29,61.6K,https://p16-sign-va.tiktokcdn.com/obj/tos-useast2a-p-0037-aiso/owfHfHsUNAl7BrUtgI4orDePU2H9fRQHGEEGtQ?x-expires=1675767600&x-signature=Pz0t51VJ6gywdgh7f6YVwrQKrNo%3D
Slm sejahtera KONONNYA TAK ADA ELAUN TAK ADA GAJI TETAPI ADA PENYAMUN PEROMPAK PENCURI RASUAH KLUSTER MAHKAMAHü§£ü§£ü§£ü§£ü§£ü§£ü§£ü§£ü§£ü§£ü§£ü§£ü§£ü§£ü§£ü§£ü§£ü§£ü§£ü§£,@tuankurictuankuri,tuankurictuankuri ,1,0,2023-2-1,2023-02-07,https://www.tiktok.com/@pejabatrakyat/video/7194085372186397979,674,351,94,2023-1-29,61.6K,https://p16-sign-va.tiktokcdn.com/obj/tos-useast2a-p-0037-aiso/owfHfHsUNAl7BrUtgI4orDePU2H9fRQHGEEGtQ?x-expires=1675767600&x-signature=Pz0t51VJ6gywdgh7f6YVwrQKrNo%3D
pmx lantik nurul izzah utk membantu beliau meneliti dan menyelongkar penyelewangan wang yg dibuat menteri2 dulu.. alhamdullillah hidup pmxü•∞,@shamewhatbossku1,shamewhatbossku ,1,0,2023-2-1,2023-02-07,https://www.tiktok.com/@pejabatrakyat/video/7194085372186397979,674,351,94,2023-1-29,61.6K,https://p16-sign-va.tiktokcdn.com/obj/tos-useast2a-p-0037-aiso/owfHfHsUNAl7BrUtgI4orDePU2H9fRQHGEEGtQ?x-expires=1675767600&x-signature=Pz0t51VJ6gywdgh7f6YVwrQKrNo%3D
koyak terus walaun,@matsaad987,matsaad987 ,0,0,2023-1-31,2023-02-07,https://www.tiktok.com/@pejabatrakyat/video/7194085372186397979,674,351,94,2023-1-29,61.6K,https://p16-sign-va.tiktokcdn.com/obj/tos-useast2a-p-0037-aiso/owfHfHsUNAl7BrUtgI4orDePU2H9fRQHGEEGtQ?x-expires=1675767600&x-signature=Pz0t51VJ6gywdgh7f6YVwrQKrNo%3D
ph pakatan hancing,@zulkapan_.09,zulkapan_.09 ,0,0,2023-1-31,2023-02-07,https://www.tiktok.com/@pejabatrakyat/video/7194085372186397979,674,351,94,2023-1-29,61.6K,https://p16-sign-va.tiktokcdn.com/obj/tos-useast2a-p-0037-aiso/owfHfHsUNAl7BrUtgI4orDePU2H9fRQHGEEGtQ?x-expires=1675767600&x-signature=Pz0t51VJ6gywdgh7f6YVwrQKrNo%3D
Walaun liPAS terus meroyan & gelabah tak tentu hala sbb Nurul Izzah akan membantu DSAI selongkar penyelewengan dlm MOF semasa Midin & Mail jadi PM.,@bro_azhar007,Bro Azhar ,0,0,2023-1-31,2023-02-07,https://www.tiktok.com/@pejabatrakyat/video/7194085372186397979,674,351,94,2023-1-29,61.6K,https://p16-sign-va.tiktokcdn.com/obj/tos-useast2a-p-0037-aiso/owfHfHsUNAl7BrUtgI4orDePU2H9fRQHGEEGtQ?x-expires=1675767600&x-signature=Pz0t51VJ6gywdgh7f6YVwrQKrNo%3D
ok la dr mkn gaji buta,@rusmizi.ghani5085,rusmizi.ghaniOfficial ,0,0,2023-1-31,2023-02-07,https://www.tiktok.com/@pejabatrakyat/video/7194085372186397979,674,351,94,2023-1-29,61.6K,https://p16-sign-va.tiktokcdn.com/obj/tos-useast2a-p-0037-aiso/owfHfHsUNAl7BrUtgI4orDePU2H9fRQHGEEGtQ?x-expires=1675767600&x-signature=Pz0t51VJ6gywdgh7f6YVwrQKrNo%3D
walaun koyak üòÇüòÇüòÇ,@roslenbai0,user23659347496 ,0,0,2023-1-31,2023-02-07,https://www.tiktok.com/@pejabatrakyat/video/7194085372186397979,674,351,94,2023-1-29,61.6K,https://p16-sign-va.tiktokcdn.com/obj/tos-useast2a-p-0037-aiso/owfHfHsUNAl7BrUtgI4orDePU2H9fRQHGEEGtQ?x-expires=1675767600&x-signature=Pz0t51VJ6gywdgh7f6YVwrQKrNo%3D
bukan biasa2 die punya cabel...hahahah,@ejugolast91,E7UG0 ,2,0,2023-1-31,2023-02-07,https://www.tiktok.com/@pejabatrakyat/video/7194085372186397979,674,351,94,2023-1-29,61.6K,https://p16-sign-va.tiktokcdn.com/obj/tos-useast2a-p-0037-aiso/owfHfHsUNAl7BrUtgI4orDePU2H9fRQHGEEGtQ?x-expires=1675767600&x-signature=Pz0t51VJ6gywdgh7f6YVwrQKrNo%3D
senang sakau...,@mandayak323,mandayak323 ,1,0,2023-1-31,2023-02-07,https://www.tiktok.com/@pejabatrakyat/video/7194085372186397979,674,351,94,2023-1-29,61.6K,https://p16-sign-va.tiktokcdn.com/obj/tos-useast2a-p-0037-aiso/owfHfHsUNAl7BrUtgI4orDePU2H9fRQHGEEGtQ?x-expires=1675767600&x-signature=Pz0t51VJ6gywdgh7f6YVwrQKrNo%3D
"kerajaan anok beranok dio,",@norazlan098,norazlan098 ,1,0,2023-1-31,2023-02-07,https://www.tiktok.com/@pejabatrakyat/video/7194085372186397979,674,351,94,2023-1-29,61.6K,https://p16-sign-va.tiktokcdn.com/obj/tos-useast2a-p-0037-aiso/owfHfHsUNAl7BrUtgI4orDePU2H9fRQHGEEGtQ?x-expires=1675767600&x-signature=Pz0t51VJ6gywdgh7f6YVwrQKrNo%3D
tiru tun m senarai dlm org terkaya dl malaysia masa akan dtgüò≥,@gopinathgopi295,Gopinath Gopi ,0,0,2023-1-31,2023-02-07,https://www.tiktok.com/@pejabatrakyat/video/7194085372186397979,674,351,94,2023-1-29,61.6K,https://p16-sign-va.tiktokcdn.com/obj/tos-useast2a-p-0037-aiso/owfHfHsUNAl7BrUtgI4orDePU2H9fRQHGEEGtQ?x-expires=1675767600&x-signature=Pz0t51VJ6gywdgh7f6YVwrQKrNo%3D
masih awal lagi.relex..belang akan muncul slow slow,@raezal20,Raezal ,1,0,2023-1-31,2023-02-07,https://www.tiktok.com/@pejabatrakyat/video/7194085372186397979,674,351,94,2023-1-29,61.6K,https://p16-sign-va.tiktokcdn.com/obj/tos-useast2a-p-0037-aiso/owfHfHsUNAl7BrUtgI4orDePU2H9fRQHGEEGtQ?x-expires=1675767600&x-signature=Pz0t51VJ6gywdgh7f6YVwrQKrNo%3D
kamu nak rasa sangat dia jdi pm kn ambik korang.anak dia ada anak ko ada üòÇüòÇüòÇ,@malai2246,meggikari ,0,0,2023-1-30,2023-02-07,https://www.tiktok.com/@pejabatrakyat/video/7194085372186397979,674,351,94,2023-1-29,61.6K,https://p16-sign-va.tiktokcdn.com/obj/tos-useast2a-p-0037-aiso/owfHfHsUNAl7BrUtgI4orDePU2H9fRQHGEEGtQ?x-expires=1675767600&x-signature=Pz0t51VJ6gywdgh7f6YVwrQKrNo%3D
geng din pagoh meroyan terus,@razifkarmain,RazifKarmain ,0,0,2023-1-30,2023-02-07,https://www.tiktok.com/@pejabatrakyat/video/7194085372186397979,674,351,94,2023-1-29,61.6K,https://p16-sign-va.tiktokcdn.com/obj/tos-useast2a-p-0037-aiso/owfHfHsUNAl7BrUtgI4orDePU2H9fRQHGEEGtQ?x-expires=1675767600&x-signature=Pz0t51VJ6gywdgh7f6YVwrQKrNo%3D
family business dia lah..anak beranak semua leh join,@robertchewapp,Robert ,0,0,2023-1-30,2023-02-07,https://www.tiktok.com/@pejabatrakyat/video/7194085372186397979,674,351,94,2023-1-29,61.6K,https://p16-sign-va.tiktokcdn.com/obj/tos-useast2a-p-0037-aiso/owfHfHsUNAl7BrUtgI4orDePU2H9fRQHGEEGtQ?x-expires=1675767600&x-signature=Pz0t51VJ6gywdgh7f6YVwrQKrNo%3D
Tahniah Nurul...tlg papa dpt pahala...pmbangkang x perlu pahala..dorg dh ahli syurga..rasuah tu sedekah..,@user1600140055757,Jue 65 ,0,0,2023-1-30,2023-02-07,https://www.tiktok.com/@pejabatrakyat/video/7194085372186397979,674,351,94,2023-1-29,61.6K,https://p16-sign-va.tiktokcdn.com/obj/tos-useast2a-p-0037-aiso/owfHfHsUNAl7BrUtgI4orDePU2H9fRQHGEEGtQ?x-expires=1675767600&x-signature=Pz0t51VJ6gywdgh7f6YVwrQKrNo%3D
Terbaik YB Nurul Izzah..,@kamalkay8699,Kamal ,0,0,2023-1-30,2023-02-07,https://www.tiktok.com/@pejabatrakyat/video/7194085372186397979,674,351,94,2023-1-29,61.6K,https://p16-sign-va.tiktokcdn.com/obj/tos-useast2a-p-0037-aiso/owfHfHsUNAl7BrUtgI4orDePU2H9fRQHGEEGtQ?x-expires=1675767600&x-signature=Pz0t51VJ6gywdgh7f6YVwrQKrNo%3D
üòÖüòÖ,@siakapgelamahassa,laila ,0,0,2023-1-30,2023-02-07,https://www.tiktok.com/@pejabatrakyat/video/7194085372186397979,674,351,94,2023-1-29,61.6K,https://p16-sign-va.tiktokcdn.com/obj/tos-useast2a-p-0037-aiso/owfHfHsUNAl7BrUtgI4orDePU2H9fRQHGEEGtQ?x-expires=1675767600&x-signature=Pz0t51VJ6gywdgh7f6YVwrQKrNo%3D
Walaun pnüòÇüòÇ,@_hambaallah485,Nafi ,0,0,2023-1-30,2023-02-07,https://www.tiktok.com/@pejabatrakyat/video/7194085372186397979,674,351,94,2023-1-29,61.6K,https://p16-sign-va.tiktokcdn.com/obj/tos-useast2a-p-0037-aiso/owfHfHsUNAl7BrUtgI4orDePU2H9fRQHGEEGtQ?x-expires=1675767600&x-signature=Pz0t51VJ6gywdgh7f6YVwrQKrNo%3D
üòÇüòÇ kesian walaun weiii..,@royriza,royriza ,0,0,2023-1-30,2023-02-07,https://www.tiktok.com/@pejabatrakyat/video/7194085372186397979,674,351,94,2023-1-29,61.6K,https://p16-sign-va.tiktokcdn.com/obj/tos-useast2a-p-0037-aiso/owfHfHsUNAl7BrUtgI4orDePU2H9fRQHGEEGtQ?x-expires=1675767600&x-signature=Pz0t51VJ6gywdgh7f6YVwrQKrNo%3D
pN pun menipu..,@zaydenchrist,CHRIST ,0,0,2023-1-30,2023-02-07,https://www.tiktok.com/@pejabatrakyat/video/7194085372186397979,674,351,94,2023-1-29,61.6K,https://p16-sign-va.tiktokcdn.com/obj/tos-useast2a-p-0037-aiso/owfHfHsUNAl7BrUtgI4orDePU2H9fRQHGEEGtQ?x-expires=1675767600&x-signature=Pz0t51VJ6gywdgh7f6YVwrQKrNo%3D
Situasi yg sma dgn sri Lanka yg muflis...anak branak je smua ni,@john_2labu5,ACA¬£_1312‚ò£Ô∏è ,0,1,2023-1-30,2023-02-07,https://www.tiktok.com/@pejabatrakyat/video/7194085372186397979,674,351,94,2023-1-29,61.6K,https://p16-sign-va.tiktokcdn.com/obj/tos-useast2a-p-0037-aiso/owfHfHsUNAl7BrUtgI4orDePU2H9fRQHGEEGtQ?x-expires=1675767600&x-signature=Pz0t51VJ6gywdgh7f6YVwrQKrNo%3D
"janji bukan ank mnntu atau hantu mcm abah korg,bgi lulus projik time rakyat ilang pncarian,ank pm layak dpt jwtan juga.. sorg ahli politik..",@bullah_lalong,Bullah Lalong ,0,0,2023-1-30,2023-02-07,https://www.tiktok.com/@pejabatrakyat/video/7194085372186397979,674,351,94,2023-1-29,61.6K,https://p16-sign-va.tiktokcdn.com/obj/tos-useast2a-p-0037-aiso/owfHfHsUNAl7BrUtgI4orDePU2H9fRQHGEEGtQ?x-expires=1675767600&x-signature=Pz0t51VJ6gywdgh7f6YVwrQKrNo%3D
cemburu k tuüòÇüòÇüòÇ,@ann6703,say no ,0,0,2023-1-30,2023-02-07,https://www.tiktok.com/@pejabatrakyat/video/7194085372186397979,674,351,94,2023-1-29,61.6K,https://p16-sign-va.tiktokcdn.com/obj/tos-useast2a-p-0037-aiso/owfHfHsUNAl7BrUtgI4orDePU2H9fRQHGEEGtQ?x-expires=1675767600&x-signature=Pz0t51VJ6gywdgh7f6YVwrQKrNo%3D
siapa suruh pilih dia kan dah kena,@trunkscrow2406,üá¨¬†üá¶¬†üá¨¬†üá¶¬†üá∞¬†2 üÖëüÖõüÖêüÖíüÖö ,0,0,2023-1-30,2023-02-07,https://www.tiktok.com/@pejabatrakyat/video/7194085372186397979,674,351,94,2023-1-29,61.6K,https://p16-sign-va.tiktokcdn.com/obj/tos-useast2a-p-0037-aiso/owfHfHsUNAl7BrUtgI4orDePU2H9fRQHGEEGtQ?x-expires=1675767600&x-signature=Pz0t51VJ6gywdgh7f6YVwrQKrNo%3D
macai anak papa... habis anak2 cucu,@mohamadisaidris72,mohamadisaidris72 ,1,0,2023-1-30,2023-02-07,https://www.tiktok.com/@pejabatrakyat/video/7194085372186397979,674,351,94,2023-1-29,61.6K,https://p16-sign-va.tiktokcdn.com/obj/tos-useast2a-p-0037-aiso/owfHfHsUNAl7BrUtgI4orDePU2H9fRQHGEEGtQ?x-expires=1675767600&x-signature=Pz0t51VJ6gywdgh7f6YVwrQKrNo%3D
yg lain crony anak masuk syarikat mkn duit tak ckp. ini untuk rakyat,@onlyynwa3837,OnlyYNWA3837 ,0,0,2023-1-30,2023-02-07,https://www.tiktok.com/@pejabatrakyat/video/7194085372186397979,674,351,94,2023-1-29,61.6K,https://p16-sign-va.tiktokcdn.com/obj/tos-useast2a-p-0037-aiso/owfHfHsUNAl7BrUtgI4orDePU2H9fRQHGEEGtQ?x-expires=1675767600&x-signature=Pz0t51VJ6gywdgh7f6YVwrQKrNo%3D
Otak walaun üòÇ,@yhs_w_k63,YHS_W_K63. com~‚Ñ¢ ,0,0,2023-1-30,2023-02-07,https://www.tiktok.com/@pejabatrakyat/video/7194085372186397979,674,351,94,2023-1-29,61.6K,https://p16-sign-va.tiktokcdn.com/obj/tos-useast2a-p-0037-aiso/owfHfHsUNAl7BrUtgI4orDePU2H9fRQHGEEGtQ?x-expires=1675767600&x-signature=Pz0t51VJ6gywdgh7f6YVwrQKrNo%3D
walaun bukan tahu fikir..org nk berhidmat percuma pun berdarah hatiüòÇ,@joloko6,@joloko ,0,0,2023-1-30,2023-02-07,https://www.tiktok.com/@pejabatrakyat/video/7194085372186397979,674,351,94,2023-1-29,61.6K,https://p16-sign-va.tiktokcdn.com/obj/tos-useast2a-p-0037-aiso/owfHfHsUNAl7BrUtgI4orDePU2H9fRQHGEEGtQ?x-expires=1675767600&x-signature=Pz0t51VJ6gywdgh7f6YVwrQKrNo%3D
ramai anak¬≤ abah meroyan..kesian,@riemokhtar,Rie Mokhtar ,0,1,2023-1-30,2023-02-07,https://www.tiktok.com/@pejabatrakyat/video/7194085372186397979,674,351,94,2023-1-29,61.6K,https://p16-sign-va.tiktokcdn.com/obj/tos-useast2a-p-0037-aiso/owfHfHsUNAl7BrUtgI4orDePU2H9fRQHGEEGtQ?x-expires=1675767600&x-signature=Pz0t51VJ6gywdgh7f6YVwrQKrNo%3D
cybertroupper tahu memang tak suka ph,@asampedas946,Asam Pedas946 ,0,0,2023-1-30,2023-02-07,https://www.tiktok.com/@pejabatrakyat/video/7194085372186397979,674,351,94,2023-1-29,61.6K,https://p16-sign-va.tiktokcdn.com/obj/tos-useast2a-p-0037-aiso/owfHfHsUNAl7BrUtgI4orDePU2H9fRQHGEEGtQ?x-expires=1675767600&x-signature=Pz0t51VJ6gywdgh7f6YVwrQKrNo%3D
pm tak boleh pakai..üòÇ,@anas1876,anas1876 ,2,16,2023-1-30,2023-02-07,https://www.tiktok.com/@pejabatrakyat/video/7194085372186397979,674,351,94,2023-1-29,61.6K,https://p16-sign-va.tiktokcdn.com/obj/tos-useast2a-p-0037-aiso/owfHfHsUNAl7BrUtgI4orDePU2H9fRQHGEEGtQ?x-expires=1675767600&x-signature=Pz0t51VJ6gywdgh7f6YVwrQKrNo%3D
peja 11 hari 27k,@dawodfirdaus,Dawod L ,0,0,2023-1-30,2023-02-07,https://www.tiktok.com/@pejabatrakyat/video/7194085372186397979,674,351,94,2023-1-29,61.6K,https://p16-sign-va.tiktokcdn.com/obj/tos-useast2a-p-0037-aiso/owfHfHsUNAl7BrUtgI4orDePU2H9fRQHGEEGtQ?x-expires=1675767600&x-signature=Pz0t51VJ6gywdgh7f6YVwrQKrNo%3D
"apa punya kilajaan,anak belanak punya kroni maaa",@12puaachin,puashop ,3,0,2023-1-30,2023-02-07,https://www.tiktok.com/@pejabatrakyat/video/7194085372186397979,674,351,94,2023-1-29,61.6K,https://p16-sign-va.tiktokcdn.com/obj/tos-useast2a-p-0037-aiso/owfHfHsUNAl7BrUtgI4orDePU2H9fRQHGEEGtQ?x-expires=1675767600&x-signature=Pz0t51VJ6gywdgh7f6YVwrQKrNo%3D
ini sume salah Bernas,@pakrosdi,pakrosdi ,0,0,2023-1-30,2023-02-07,https://www.tiktok.com/@pejabatrakyat/video/7194085372186397979,674,351,94,2023-1-29,61.6K,https://p16-sign-va.tiktokcdn.com/obj/tos-useast2a-p-0037-aiso/owfHfHsUNAl7BrUtgI4orDePU2H9fRQHGEEGtQ?x-expires=1675767600&x-signature=Pz0t51VJ6gywdgh7f6YVwrQKrNo%3D
lantik hadi jadi duta bayar gaji mahal2 tak bising ke...üòÅüòÅüòÅ,@d06dd,DDIE ,0,1,2023-1-30,2023-02-07,https://www.tiktok.com/@pejabatrakyat/video/7194085372186397979,674,351,94,2023-1-29,61.6K,https://p16-sign-va.tiktokcdn.com/obj/tos-useast2a-p-0037-aiso/owfHfHsUNAl7BrUtgI4orDePU2H9fRQHGEEGtQ?x-expires=1675767600&x-signature=Pz0t51VJ6gywdgh7f6YVwrQKrNo%3D
11%,@ezuankhai86,Khai@86 ,0,0,2023-1-30,2023-02-07,https://www.tiktok.com/@pejabatrakyat/video/7194085372186397979,674,351,94,2023-1-29,61.6K,https://p16-sign-va.tiktokcdn.com/obj/tos-useast2a-p-0037-aiso/owfHfHsUNAl7BrUtgI4orDePU2H9fRQHGEEGtQ?x-expires=1675767600&x-signature=Pz0t51VJ6gywdgh7f6YVwrQKrNo%3D
abah lantik penasihat ekonomi 3 org gaji 150k sbulan tp ekonomi jatuh.. üòÇüòÇüòÇ,@abankhamqlate,Abankham_R ,0,0,2023-1-30,2023-02-07,https://www.tiktok.com/@pejabatrakyat/video/7194085372186397979,674,351,94,2023-1-29,61.6K,https://p16-sign-va.tiktokcdn.com/obj/tos-useast2a-p-0037-aiso/owfHfHsUNAl7BrUtgI4orDePU2H9fRQHGEEGtQ?x-expires=1675767600&x-signature=Pz0t51VJ6gywdgh7f6YVwrQKrNo%3D
üòÇ,@bakhtiarnoor4,Bengal Cat Bat ,1,0,2023-1-30,2023-02-07,https://www.tiktok.com/@pejabatrakyat/video/7194085372186397979,674,351,94,2023-1-29,61.6K,https://p16-sign-va.tiktokcdn.com/obj/tos-useast2a-p-0037-aiso/owfHfHsUNAl7BrUtgI4orDePU2H9fRQHGEEGtQ?x-expires=1675767600&x-signature=Pz0t51VJ6gywdgh7f6YVwrQKrNo%3D
dulu sebelum dapat kuasa bukan main lagi cakap nak bela rakyat,@faizul289836,Mohd faizul ,1,0,2023-1-30,2023-02-07,https://www.tiktok.com/@pejabatrakyat/video/7194085372186397979,674,351,94,2023-1-29,61.6K,https://p16-sign-va.tiktokcdn.com/obj/tos-useast2a-p-0037-aiso/owfHfHsUNAl7BrUtgI4orDePU2H9fRQHGEEGtQ?x-expires=1675767600&x-signature=Pz0t51VJ6gywdgh7f6YVwrQKrNo%3D
walaun oh walaun bangunüòÇüòÇ,@albertqs,albert.. ,0,0,2023-1-30,2023-02-07,https://www.tiktok.com/@pejabatrakyat/video/7194085372186397979,674,351,94,2023-1-29,61.6K,https://p16-sign-va.tiktokcdn.com/obj/tos-useast2a-p-0037-aiso/owfHfHsUNAl7BrUtgI4orDePU2H9fRQHGEEGtQ?x-expires=1675767600&x-signature=Pz0t51VJ6gywdgh7f6YVwrQKrNo%3D
"d buat menteri ckt ,ade sbb2nye.
sng ke dia nk buat ape2.
dap jd bos beso dia kuli dap zahid pencacai tua .....",@userqijsj9izfk,user1156114782968 ,1,0,2023-1-30,2023-02-07,https://www.tiktok.com/@pejabatrakyat/video/7194085372186397979,674,351,94,2023-1-29,61.6K,https://p16-sign-va.tiktokcdn.com/obj/tos-useast2a-p-0037-aiso/owfHfHsUNAl7BrUtgI4orDePU2H9fRQHGEEGtQ?x-expires=1675767600&x-signature=Pz0t51VJ6gywdgh7f6YVwrQKrNo%3D
"Asal tidak seleweng dana awam bkn satu kesalahan.Sbgi PM,beliau berhak menetukn dasar & polisi utk keberkesanan pentadbiran negara.X suka peduli apaüòÖ",@counterstrike752,Capt future ,1,0,2023-1-30,2023-02-07,https://www.tiktok.com/@pejabatrakyat/video/7194085372186397979,674,351,94,2023-1-29,61.6K,https://p16-sign-va.tiktokcdn.com/obj/tos-useast2a-p-0037-aiso/owfHfHsUNAl7BrUtgI4orDePU2H9fRQHGEEGtQ?x-expires=1675767600&x-signature=Pz0t51VJ6gywdgh7f6YVwrQKrNo%3D
lma dh rancang..,@rosmiyati82,user9959003059377 ,0,0,2023-1-30,2023-02-07,https://www.tiktok.com/@pejabatrakyat/video/7194085372186397979,674,351,94,2023-1-29,61.6K,https://p16-sign-va.tiktokcdn.com/obj/tos-useast2a-p-0037-aiso/owfHfHsUNAl7BrUtgI4orDePU2H9fRQHGEEGtQ?x-expires=1675767600&x-signature=Pz0t51VJ6gywdgh7f6YVwrQKrNo%3D
Lepas ni anak Kadazan jd penasihat Mat Sabun üòÇüòÇüòÇüòÇ,@anakrantau...08,Abdul Halim ,0,0,2023-1-30,2023-02-07,https://www.tiktok.com/@pejabatrakyat/video/7194085372186397979,674,351,94,2023-1-29,61.6K,https://p16-sign-va.tiktokcdn.com/obj/tos-useast2a-p-0037-aiso/owfHfHsUNAl7BrUtgI4orDePU2H9fRQHGEEGtQ?x-expires=1675767600&x-signature=Pz0t51VJ6gywdgh7f6YVwrQKrNo%3D
bijak ü•∞ü•∞ü•∞,@anakrantau...08,Abdul Halim ,1,1,2023-1-30,2023-02-07,https://www.tiktok.com/@pejabatrakyat/video/7194085372186397979,674,351,94,2023-1-29,61.6K,https://p16-sign-va.tiktokcdn.com/obj/tos-useast2a-p-0037-aiso/owfHfHsUNAl7BrUtgI4orDePU2H9fRQHGEEGtQ?x-expires=1675767600&x-signature=Pz0t51VJ6gywdgh7f6YVwrQKrNo%3D
oii cai¬≤..org sruh bgun tuuüòÇ,@ferdinand8976,Fergusoo ,0,0,2023-1-30,2023-02-07,https://www.tiktok.com/@pejabatrakyat/video/7194085372186397979,674,351,94,2023-1-29,61.6K,https://p16-sign-va.tiktokcdn.com/obj/tos-useast2a-p-0037-aiso/owfHfHsUNAl7BrUtgI4orDePU2H9fRQHGEEGtQ?x-expires=1675767600&x-signature=Pz0t51VJ6gywdgh7f6YVwrQKrNo%3D
terbaik dsai terbaik PH,@arah1312,user5604909265413 ,0,0,2023-1-30,2023-02-07,https://www.tiktok.com/@pejabatrakyat/video/7194085372186397979,674,351,94,2023-1-29,61.6K,https://p16-sign-va.tiktokcdn.com/obj/tos-useast2a-p-0037-aiso/owfHfHsUNAl7BrUtgI4orDePU2H9fRQHGEEGtQ?x-expires=1675767600&x-signature=Pz0t51VJ6gywdgh7f6YVwrQKrNo%3D
"DSAI hanya perlu buat apa yg dia RASA BETUI JA...
Secara tk lgsung, APA YG PM DLU BUAT DAH NAMPAK KETIRISANNYA
Mudah saja nak dedahkan fakta",@aizad77,Aizad77 ,0,0,2023-1-30,2023-02-07,https://www.tiktok.com/@pejabatrakyat/video/7194085372186397979,674,351,94,2023-1-29,61.6K,https://p16-sign-va.tiktokcdn.com/obj/tos-useast2a-p-0037-aiso/owfHfHsUNAl7BrUtgI4orDePU2H9fRQHGEEGtQ?x-expires=1675767600&x-signature=Pz0t51VJ6gywdgh7f6YVwrQKrNo%3D
yg terbaik..pm10..ü•∞ü•∞ü•∞,@sabanblues,Tempurung97 ,0,0,2023-1-30,2023-02-07,https://www.tiktok.com/@pejabatrakyat/video/7194085372186397979,674,351,94,2023-1-29,61.6K,https://p16-sign-va.tiktokcdn.com/obj/tos-useast2a-p-0037-aiso/owfHfHsUNAl7BrUtgI4orDePU2H9fRQHGEEGtQ?x-expires=1675767600&x-signature=Pz0t51VJ6gywdgh7f6YVwrQKrNo%3D
malaysia mak bapak dia pulak...,@..mike5,mike ,1,0,2023-1-30,2023-02-07,https://www.tiktok.com/@pejabatrakyat/video/7194085372186397979,674,351,94,2023-1-29,61.6K,https://p16-sign-va.tiktokcdn.com/obj/tos-useast2a-p-0037-aiso/owfHfHsUNAl7BrUtgI4orDePU2H9fRQHGEEGtQ?x-expires=1675767600&x-signature=Pz0t51VJ6gywdgh7f6YVwrQKrNo%3D
ckp terang la...sjk pgg jwtan aku x nmpk IMPACT yg besar utk rakyat yg dia USAHAKAN yg dia buat sejak itu just apa PM dulu¬≤ buat RUTIN biasa PM je üòè,@nurqalishdelisyaaleesya,NurQalish Delisya Al ,3,1,2023-1-30,2023-02-07,https://www.tiktok.com/@pejabatrakyat/video/7194085372186397979,674,351,94,2023-1-29,61.6K,https://p16-sign-va.tiktokcdn.com/obj/tos-useast2a-p-0037-aiso/owfHfHsUNAl7BrUtgI4orDePU2H9fRQHGEEGtQ?x-expires=1675767600&x-signature=Pz0t51VJ6gywdgh7f6YVwrQKrNo%3D
walaun baru keluar gua tuü§£,@user3917368790379,user3917368790379 ,0,0,2023-1-30,2023-02-07,https://www.tiktok.com/@pejabatrakyat/video/7194085372186397979,674,351,94,2023-1-29,61.6K,https://p16-sign-va.tiktokcdn.com/obj/tos-useast2a-p-0037-aiso/owfHfHsUNAl7BrUtgI4orDePU2H9fRQHGEEGtQ?x-expires=1675767600&x-signature=Pz0t51VJ6gywdgh7f6YVwrQKrNo%3D
Lepas ni mana PM jgn ambil gaji mcm DSAI...ada berani x?,@hamizahyahaya458,Hamizah Yahaya ,0,0,2023-1-30,2023-02-07,https://www.tiktok.com/@pejabatrakyat/video/7194085372186397979,674,351,94,2023-1-29,61.6K,https://p16-sign-va.tiktokcdn.com/obj/tos-useast2a-p-0037-aiso/owfHfHsUNAl7BrUtgI4orDePU2H9fRQHGEEGtQ?x-expires=1675767600&x-signature=Pz0t51VJ6gywdgh7f6YVwrQKrNo%3D
KOYAKKKKK,@paul0172653966,Paul0172653966 ,0,0,2023-1-30,2023-02-07,https://www.tiktok.com/@pejabatrakyat/video/7194085372186397979,674,351,94,2023-1-29,61.6K,https://p16-sign-va.tiktokcdn.com/obj/tos-useast2a-p-0037-aiso/owfHfHsUNAl7BrUtgI4orDePU2H9fRQHGEEGtQ?x-expires=1675767600&x-signature=Pz0t51VJ6gywdgh7f6YVwrQKrNo%3D
"xdaq masalah langsung la , rajin bekerja ok ler tu",@sarai_1900,Sarai A ,0,1,2023-1-30,2023-02-07,https://www.tiktok.com/@pejabatrakyat/video/7194085372186397979,674,351,94,2023-1-29,61.6K,https://p16-sign-va.tiktokcdn.com/obj/tos-useast2a-p-0037-aiso/owfHfHsUNAl7BrUtgI4orDePU2H9fRQHGEEGtQ?x-expires=1675767600&x-signature=Pz0t51VJ6gywdgh7f6YVwrQKrNo%3D
Meroyan sungguh PN ni. Tak tentu hala sungguh,@hehe_haha59,Imajar72 ,1,0,2023-1-30,2023-02-07,https://www.tiktok.com/@pejabatrakyat/video/7194085372186397979,674,351,94,2023-1-29,61.6K,https://p16-sign-va.tiktokcdn.com/obj/tos-useast2a-p-0037-aiso/owfHfHsUNAl7BrUtgI4orDePU2H9fRQHGEEGtQ?x-expires=1675767600&x-signature=Pz0t51VJ6gywdgh7f6YVwrQKrNo%3D
jgn lama2 paneh tu ..tkot memudaratkn kesihatan üòÅ cpt2 spu minyak angin bg reda skit hati tu ‚úåÔ∏èüòÅ,@kedondong90,tembikai laici ,1,0,2023-1-30,2023-02-07,https://www.tiktok.com/@pejabatrakyat/video/7194085372186397979,674,351,94,2023-1-29,61.6K,https://p16-sign-va.tiktokcdn.com/obj/tos-useast2a-p-0037-aiso/owfHfHsUNAl7BrUtgI4orDePU2H9fRQHGEEGtQ?x-expires=1675767600&x-signature=Pz0t51VJ6gywdgh7f6YVwrQKrNo%3D
Mereka ingat malaysia ni syarikat tok wan depa,@orglam68,orglam68 ,1,0,2023-1-30,2023-02-07,https://www.tiktok.com/@pejabatrakyat/video/7194085372186397979,674,351,94,2023-1-29,61.6K,https://p16-sign-va.tiktokcdn.com/obj/tos-useast2a-p-0037-aiso/owfHfHsUNAl7BrUtgI4orDePU2H9fRQHGEEGtQ?x-expires=1675767600&x-signature=Pz0t51VJ6gywdgh7f6YVwrQKrNo%3D
üòÇüòÇüòÇüòÇüòÇüòÇüòÇüòÇ,@kasih5111,kasih ,1,0,2023-1-30,2023-02-07,https://www.tiktok.com/@pejabatrakyat/video/7194085372186397979,674,351,94,2023-1-29,61.6K,https://p16-sign-va.tiktokcdn.com/obj/tos-useast2a-p-0037-aiso/owfHfHsUNAl7BrUtgI4orDePU2H9fRQHGEEGtQ?x-expires=1675767600&x-signature=Pz0t51VJ6gywdgh7f6YVwrQKrNo%3D
ph terbaik ya habis semua dia sakau,@razalitalib781,Razali Talib781 ,1,0,2023-2-6,2023-02-07,https://www.tiktok.com/@pejabatrakyat/video/7194085372186397979,674,351,94,2023-1-29,61.6K,https://p16-sign-va.tiktokcdn.com/obj/tos-useast2a-p-0037-aiso/owfHfHsUNAl7BrUtgI4orDePU2H9fRQHGEEGtQ?x-expires=1675767600&x-signature=Pz0t51VJ6gywdgh7f6YVwrQKrNo%3D
@PDRM !,@norhayatiismail27,Norhayati Ismail ,0,0,2023-2-2,2023-02-07,https://www.tiktok.com/@pejabatrakyat/video/7194085372186397979,674,351,94,2023-1-29,61.6K,https://p16-sign-va.tiktokcdn.com/obj/tos-useast2a-p-0037-aiso/owfHfHsUNAl7BrUtgI4orDePU2H9fRQHGEEGtQ?x-expires=1675767600&x-signature=Pz0t51VJ6gywdgh7f6YVwrQKrNo%3D
üòÇüòÇüòÇüòÇüòÇüòÇüòÇüòÇüòÇ,@abdulsalamarshad,Abdul Salam Arsha989 ,1,0,2023-1-31,2023-02-07,https://www.tiktok.com/@pejabatrakyat/video/7194085372186397979,674,351,94,2023-1-29,61.6K,https://p16-sign-va.tiktokcdn.com/obj/tos-useast2a-p-0037-aiso/owfHfHsUNAl7BrUtgI4orDePU2H9fRQHGEEGtQ?x-expires=1675767600&x-signature=Pz0t51VJ6gywdgh7f6YVwrQKrNo%3D
terkena lagi oiii,@anuarkai1,Anuar Kai ,1,0,2023-1-31,2023-02-07,https://www.tiktok.com/@pejabatrakyat/video/7194085372186397979,674,351,94,2023-1-29,61.6K,https://p16-sign-va.tiktokcdn.com/obj/tos-useast2a-p-0037-aiso/owfHfHsUNAl7BrUtgI4orDePU2H9fRQHGEEGtQ?x-expires=1675767600&x-signature=Pz0t51VJ6gywdgh7f6YVwrQKrNo%3D
lantikan DSWA tu berita palsu,@siti88__,ikanemas ,0,0,2023-1-31,2023-02-07,https://www.tiktok.com/@pejabatrakyat/video/7194085372186397979,674,351,94,2023-1-29,61.6K,https://p16-sign-va.tiktokcdn.com/obj/tos-useast2a-p-0037-aiso/owfHfHsUNAl7BrUtgI4orDePU2H9fRQHGEEGtQ?x-expires=1675767600&x-signature=Pz0t51VJ6gywdgh7f6YVwrQKrNo%3D
üòÇüòÇüòÇüòÇ,@mohdmohdmohdmohd,MOHD ARIFF ,0,0,2023-1-31,2023-02-07,https://www.tiktok.com/@pejabatrakyat/video/7194085372186397979,674,351,94,2023-1-29,61.6K,https://p16-sign-va.tiktokcdn.com/obj/tos-useast2a-p-0037-aiso/owfHfHsUNAl7BrUtgI4orDePU2H9fRQHGEEGtQ?x-expires=1675767600&x-signature=Pz0t51VJ6gywdgh7f6YVwrQKrNo%3D
"gaji/elaun bukanlah satu hal bagi org kaya ,kuasa mutlak yg penting, bila ada kuasa ahli politik nie kapal terbang boleh jadikan sebagai kapal pelayar",@royz080,Rascal Royz 3$ ,0,0,2023-1-31,2023-02-07,https://www.tiktok.com/@pejabatrakyat/video/7194085372186397979,674,351,94,2023-1-29,61.6K,https://p16-sign-va.tiktokcdn.com/obj/tos-useast2a-p-0037-aiso/owfHfHsUNAl7BrUtgI4orDePU2H9fRQHGEEGtQ?x-expires=1675767600&x-signature=Pz0t51VJ6gywdgh7f6YVwrQKrNo%3D
cek anak nik Ammar sama,@user2107557865421,user2107557865421 ,0,0,2023-1-31,2023-02-07,https://www.tiktok.com/@pejabatrakyat/video/7194085372186397979,674,351,94,2023-1-29,61.6K,https://p16-sign-va.tiktokcdn.com/obj/tos-useast2a-p-0037-aiso/owfHfHsUNAl7BrUtgI4orDePU2H9fRQHGEEGtQ?x-expires=1675767600&x-signature=Pz0t51VJ6gywdgh7f6YVwrQKrNo%3D
üòÇüòÇüòÇüòÇüòÇ,@lailamanja1511,lailamanja1511 ,0,0,2023-1-30,2023-02-07,https://www.tiktok.com/@pejabatrakyat/video/7194085372186397979,674,351,94,2023-1-29,61.6K,https://p16-sign-va.tiktokcdn.com/obj/tos-useast2a-p-0037-aiso/owfHfHsUNAl7BrUtgI4orDePU2H9fRQHGEEGtQ?x-expires=1675767600&x-signature=Pz0t51VJ6gywdgh7f6YVwrQKrNo%3D
Ya la bantu biasa biasa je tolong ayah tak bayar gaji apa pun,@reform2022,Reform ,0,0,2023-1-30,2023-02-07,https://www.tiktok.com/@pejabatrakyat/video/7194085372186397979,674,351,94,2023-1-29,61.6K,https://p16-sign-va.tiktokcdn.com/obj/tos-useast2a-p-0037-aiso/owfHfHsUNAl7BrUtgI4orDePU2H9fRQHGEEGtQ?x-expires=1675767600&x-signature=Pz0t51VJ6gywdgh7f6YVwrQKrNo%3D
üòÇüòÇüòÇüòÇüòÖ,@nikhazrihazri,Nik Hazri Hazri ,0,0,2023-1-30,2023-02-07,https://www.tiktok.com/@pejabatrakyat/video/7194085372186397979,674,351,94,2023-1-29,61.6K,https://p16-sign-va.tiktokcdn.com/obj/tos-useast2a-p-0037-aiso/owfHfHsUNAl7BrUtgI4orDePU2H9fRQHGEEGtQ?x-expires=1675767600&x-signature=Pz0t51VJ6gywdgh7f6YVwrQKrNo%3D
üòÇüòÇüòÇüòÇüòÇüòÇüòÇüòÇ,@ymn676767,ym  k676767 ,0,0,2023-1-30,2023-02-07,https://www.tiktok.com/@pejabatrakyat/video/7194085372186397979,674,351,94,2023-1-29,61.6K,https://p16-sign-va.tiktokcdn.com/obj/tos-useast2a-p-0037-aiso/owfHfHsUNAl7BrUtgI4orDePU2H9fRQHGEEGtQ?x-expires=1675767600&x-signature=Pz0t51VJ6gywdgh7f6YVwrQKrNo%3D
üòÇüòÇüòÇüòÇüòÇüòÇ,@pokwan12345,pokwan ,0,0,2023-1-30,2023-02-07,https://www.tiktok.com/@pejabatrakyat/video/7194085372186397979,674,351,94,2023-1-29,61.6K,https://p16-sign-va.tiktokcdn.com/obj/tos-useast2a-p-0037-aiso/owfHfHsUNAl7BrUtgI4orDePU2H9fRQHGEEGtQ?x-expires=1675767600&x-signature=Pz0t51VJ6gywdgh7f6YVwrQKrNo%3D
üòÇüòÇüòÇüòÇüòÇ,@jerungtimur99,skyDoom ,0,0,2023-1-30,2023-02-07,https://www.tiktok.com/@pejabatrakyat/video/7194085372186397979,674,351,94,2023-1-29,61.6K,https://p16-sign-va.tiktokcdn.com/obj/tos-useast2a-p-0037-aiso/owfHfHsUNAl7BrUtgI4orDePU2H9fRQHGEEGtQ?x-expires=1675767600&x-signature=Pz0t51VJ6gywdgh7f6YVwrQKrNo%3D
ü§£ü§£ü§£ü§£ü§£,@ehakuni75,@“Ω’∞Œ±k’¥’≤√≠75 ,0,0,2023-1-30,2023-02-07,https://www.tiktok.com/@pejabatrakyat/video/7194085372186397979,674,351,94,2023-1-29,61.6K,https://p16-sign-va.tiktokcdn.com/obj/tos-useast2a-p-0037-aiso/owfHfHsUNAl7BrUtgI4orDePU2H9fRQHGEEGtQ?x-expires=1675767600&x-signature=Pz0t51VJ6gywdgh7f6YVwrQKrNo%3D
"Nurul Izzah dilantik scara probono, dia tiada kuasa sbb x diberi trf menteri & tiada sbrng kepentingan peribadi.",@abdghafur517,Abd Ghafur517 ,0,0,2023-1-30,2023-02-07,https://www.tiktok.com/@pejabatrakyat/video/7194085372186397979,674,351,94,2023-1-29,61.6K,https://p16-sign-va.tiktokcdn.com/obj/tos-useast2a-p-0037-aiso/owfHfHsUNAl7BrUtgI4orDePU2H9fRQHGEEGtQ?x-expires=1675767600&x-signature=Pz0t51VJ6gywdgh7f6YVwrQKrNo%3D
xdak gaji xdak power..just mmbntu sahaja..dpd byr gj buta kat futa khas...walaun,@dochaydir,DocHayƒèir ,0,0,2023-1-30,2023-02-07,https://www.tiktok.com/@pejabatrakyat/video/7194085372186397979,674,351,94,2023-1-29,61.6K,https://p16-sign-va.tiktokcdn.com/obj/tos-useast2a-p-0037-aiso/owfHfHsUNAl7BrUtgI4orDePU2H9fRQHGEEGtQ?x-expires=1675767600&x-signature=Pz0t51VJ6gywdgh7f6YVwrQKrNo%3D
üòÇ,@amirhasri89,Amirhasri89 ,0,0,2023-1-30,2023-02-07,https://www.tiktok.com/@pejabatrakyat/video/7194085372186397979,674,351,94,2023-1-29,61.6K,https://p16-sign-va.tiktokcdn.com/obj/tos-useast2a-p-0037-aiso/owfHfHsUNAl7BrUtgI4orDePU2H9fRQHGEEGtQ?x-expires=1675767600&x-signature=Pz0t51VJ6gywdgh7f6YVwrQKrNo%3D
ü§£ü§£ü§£ü§£ü§£ü§£ü§£,@firham_86,user949934404847 ,0,0,2023-1-30,2023-02-07,https://www.tiktok.com/@pejabatrakyat/video/7194085372186397979,674,351,94,2023-1-29,61.6K,https://p16-sign-va.tiktokcdn.com/obj/tos-useast2a-p-0037-aiso/owfHfHsUNAl7BrUtgI4orDePU2H9fRQHGEEGtQ?x-expires=1675767600&x-signature=Pz0t51VJ6gywdgh7f6YVwrQKrNo%3D
ada yg kena buat live minta maaf pulak ni,@ras.ahmad,ras7 ,0,0,2023-1-30,2023-02-07,https://www.tiktok.com/@pejabatrakyat/video/7194085372186397979,674,351,94,2023-1-29,61.6K,https://p16-sign-va.tiktokcdn.com/obj/tos-useast2a-p-0037-aiso/owfHfHsUNAl7BrUtgI4orDePU2H9fRQHGEEGtQ?x-expires=1675767600&x-signature=Pz0t51VJ6gywdgh7f6YVwrQKrNo%3D
üòÇüòÇüòÇ,@azmienasrul,azmie8901 ,0,0,2023-1-30,2023-02-07,https://www.tiktok.com/@pejabatrakyat/video/7194085372186397979,674,351,94,2023-1-29,61.6K,https://p16-sign-va.tiktokcdn.com/obj/tos-useast2a-p-0037-aiso/owfHfHsUNAl7BrUtgI4orDePU2H9fRQHGEEGtQ?x-expires=1675767600&x-signature=Pz0t51VJ6gywdgh7f6YVwrQKrNo%3D
semua xlena manusia ni,@jamaljamal2842,Jamal Jamal ,0,0,2023-1-30,2023-02-07,https://www.tiktok.com/@pejabatrakyat/video/7194085372186397979,674,351,94,2023-1-29,61.6K,https://p16-sign-va.tiktokcdn.com/obj/tos-useast2a-p-0037-aiso/owfHfHsUNAl7BrUtgI4orDePU2H9fRQHGEEGtQ?x-expires=1675767600&x-signature=Pz0t51VJ6gywdgh7f6YVwrQKrNo%3D
lebih bagus dr kes rahsuah sebelumni,@stress..s,sk ,0,0,2023-1-30,2023-02-07,https://www.tiktok.com/@pejabatrakyat/video/7194085372186397979,674,351,94,2023-1-29,61.6K,https://p16-sign-va.tiktokcdn.com/obj/tos-useast2a-p-0037-aiso/owfHfHsUNAl7BrUtgI4orDePU2H9fRQHGEEGtQ?x-expires=1675767600&x-signature=Pz0t51VJ6gywdgh7f6YVwrQKrNo%3D
macai jenuh pkir siang malam nak back up macam mana ni ..,@suneongk,CucurUdangü¶û ,0,0,2023-1-30,2023-02-07,https://www.tiktok.com/@pejabatrakyat/video/7194085372186397979,674,351,94,2023-1-29,61.6K,https://p16-sign-va.tiktokcdn.com/obj/tos-useast2a-p-0037-aiso/owfHfHsUNAl7BrUtgI4orDePU2H9fRQHGEEGtQ?x-expires=1675767600&x-signature=Pz0t51VJ6gywdgh7f6YVwrQKrNo%3D
Biarlaaa.....takda bagi tender jutaaaaa kan.....ke ada....takdalaaa....tak macam pm tuuuu....tender berjutaaaa oooooo,@nuzulyxeh1d,Joe Black ,0,0,2023-1-30,2023-02-07,https://www.tiktok.com/@pejabatrakyat/video/7194085372186397979,674,351,94,2023-1-29,61.6K,https://p16-sign-va.tiktokcdn.com/obj/tos-useast2a-p-0037-aiso/owfHfHsUNAl7BrUtgI4orDePU2H9fRQHGEEGtQ?x-expires=1675767600&x-signature=Pz0t51VJ6gywdgh7f6YVwrQKrNo%3D
ü§£ü§£ü§£,@kecik385,kecikkecik926 ,0,0,2023-1-30,2023-02-07,https://www.tiktok.com/@pejabatrakyat/video/7194085372186397979,674,351,94,2023-1-29,61.6K,https://p16-sign-va.tiktokcdn.com/obj/tos-useast2a-p-0037-aiso/owfHfHsUNAl7BrUtgI4orDePU2H9fRQHGEEGtQ?x-expires=1675767600&x-signature=Pz0t51VJ6gywdgh7f6YVwrQKrNo%3D
Anak PM sebelum ini tak keja pun kaya raya......,@encik_lock,Mr. LOCK ,0,0,2023-1-30,2023-02-07,https://www.tiktok.com/@pejabatrakyat/video/7194085372186397979,674,351,94,2023-1-29,61.6K,https://p16-sign-va.tiktokcdn.com/obj/tos-useast2a-p-0037-aiso/owfHfHsUNAl7BrUtgI4orDePU2H9fRQHGEEGtQ?x-expires=1675767600&x-signature=Pz0t51VJ6gywdgh7f6YVwrQKrNo%3D
perkataan xbergji tu jelah dipertaruhkn...üòè...only in Malaysia...fmly gov...,@tangkaiemas,tangkaiemas ,0,0,2023-1-30,2023-02-07,https://www.tiktok.com/@pejabatrakyat/video/7194085372186397979,674,351,94,2023-1-29,61.6K,https://p16-sign-va.tiktokcdn.com/obj/tos-useast2a-p-0037-aiso/owfHfHsUNAl7BrUtgI4orDePU2H9fRQHGEEGtQ?x-expires=1675767600&x-signature=Pz0t51VJ6gywdgh7f6YVwrQKrNo%3D
üòÖüòèüò≥üòÇüòÅ,@sunlivestream,üá≤üáæBSüë≥üá∏üá©PLMüïã ,1,1,2023-1-30,2023-02-07,https://www.tiktok.com/@pejabatrakyat/video/7194085372186397979,674,351,94,2023-1-29,61.6K,https://p16-sign-va.tiktokcdn.com/obj/tos-useast2a-p-0037-aiso/owfHfHsUNAl7BrUtgI4orDePU2H9fRQHGEEGtQ?x-expires=1675767600&x-signature=Pz0t51VJ6gywdgh7f6YVwrQKrNo%3D
üòÇüòÇüòÇüòÇüòÇüòÇ,@shuhaimi12,shuhaimi ,2,0,2023-1-30,2023-02-07,https://www.tiktok.com/@pejabatrakyat/video/7194085372186397979,674,351,94,2023-1-29,61.6K,https://p16-sign-va.tiktokcdn.com/obj/tos-useast2a-p-0037-aiso/owfHfHsUNAl7BrUtgI4orDePU2H9fRQHGEEGtQ?x-expires=1675767600&x-signature=Pz0t51VJ6gywdgh7f6YVwrQKrNo%3D
Tuan pnasihat 26%..saya putar lagi alim.üòå,@yusno123,Nuhh ,1,0,2023-1-30,2023-02-07,https://www.tiktok.com/@pejabatrakyat/video/7194085372186397979,674,351,94,2023-1-29,61.6K,https://p16-sign-va.tiktokcdn.com/obj/tos-useast2a-p-0037-aiso/owfHfHsUNAl7BrUtgI4orDePU2H9fRQHGEEGtQ?x-expires=1675767600&x-signature=Pz0t51VJ6gywdgh7f6YVwrQKrNo%3D
walaun kepanasan sampai lupa ATGNA pon lantik menantu jd CEO syarikat kjaan negeri. yg ni free lah un..xpayah byr..PM xtrunkan harga tp bg free terus.,@adirwan88,adirwan88 ,0,0,2023-1-30,2023-02-07,https://www.tiktok.com/@pejabatrakyat/video/7194085372186397979,674,351,94,2023-1-29,61.6K,https://p16-sign-va.tiktokcdn.com/obj/tos-useast2a-p-0037-aiso/owfHfHsUNAl7BrUtgI4orDePU2H9fRQHGEEGtQ?x-expires=1675767600&x-signature=Pz0t51VJ6gywdgh7f6YVwrQKrNo%3D
Kami dah bangun kamu bangun dari tidur,@meenachisundaram021,meenachisundaram021 ,0,0,2023-2-1,2023-02-07,https://www.tiktok.com/@pejabatrakyat/video/7194085372186397979,674,351,94,2023-1-29,61.6K,https://p16-sign-va.tiktokcdn.com/obj/tos-useast2a-p-0037-aiso/owfHfHsUNAl7BrUtgI4orDePU2H9fRQHGEEGtQ?x-expires=1675767600&x-signature=Pz0t51VJ6gywdgh7f6YVwrQKrNo%3D
Ni pengajaran utk semua. Jangan nak bantu rakyat2 malaysia ni. Jenis tak kena budi hahaha,@puchongprincess,PeaceOfMind‚Ñ¢Ô∏è [Official] ,0,0,2023-2-5,2023-02-07,https://www.tiktok.com/@pejabatrakyat/video/7194085372186397979,674,351,94,2023-1-29,61.6K,https://p16-sign-va.tiktokcdn.com/obj/tos-useast2a-p-0037-aiso/owfHfHsUNAl7BrUtgI4orDePU2H9fRQHGEEGtQ?x-expires=1675767600&x-signature=Pz0t51VJ6gywdgh7f6YVwrQKrNo%3D
koyak ke,@thekekabu,the70 ,0,0,2023-2-5,2023-02-07,https://www.tiktok.com/@pejabatrakyat/video/7194085372186397979,674,351,94,2023-1-29,61.6K,https://p16-sign-va.tiktokcdn.com/obj/tos-useast2a-p-0037-aiso/owfHfHsUNAl7BrUtgI4orDePU2H9fRQHGEEGtQ?x-expires=1675767600&x-signature=Pz0t51VJ6gywdgh7f6YVwrQKrNo%3D
"ANAK BERANAK BELUM TERBUKTI PECAH AMANAH DIKECOH,PN BERSIH XDIKECOH!!PN BERSIH!!!!üòÖüòÖüòÖüòÖüòÖ",@niejadvillabetta,niejadvillabetta ,0,11,2023-2-5,2023-02-07,https://www.tiktok.com/@pejabatrakyat/video/7194085372186397979,674,351,94,2023-1-29,61.6K,https://p16-sign-va.tiktokcdn.com/obj/tos-useast2a-p-0037-aiso/owfHfHsUNAl7BrUtgI4orDePU2H9fRQHGEEGtQ?x-expires=1675767600&x-signature=Pz0t51VJ6gywdgh7f6YVwrQKrNo%3D
"Bangun, bangun, bangun.... ada orang datang nak kutip kau tak lama lagi. Bangun, bangun.. jgn nangis pulak",@minah_binjantan,Minah bin Jantan ,0,0,2023-2-4,2023-02-07,https://www.tiktok.com/@pejabatrakyat/video/7194085372186397979,674,351,94,2023-1-29,61.6K,https://p16-sign-va.tiktokcdn.com/obj/tos-useast2a-p-0037-aiso/owfHfHsUNAl7BrUtgI4orDePU2H9fRQHGEEGtQ?x-expires=1675767600&x-signature=Pz0t51VJ6gywdgh7f6YVwrQKrNo%3D
memekak,@rz623,user178984424820 ,0,0,2023-2-1,2023-02-07,https://www.tiktok.com/@pejabatrakyat/video/7194085372186397979,674,351,94,2023-1-29,61.6K,https://p16-sign-va.tiktokcdn.com/obj/tos-useast2a-p-0037-aiso/owfHfHsUNAl7BrUtgI4orDePU2H9fRQHGEEGtQ?x-expires=1675767600&x-signature=Pz0t51VJ6gywdgh7f6YVwrQKrNo%3D
inilah kerajaan yg ditunggu-tunggu oleh rakyat malaysia.. mat sabu mana?? mana mat sabu??,@wapee75,wapee75 ,0,0,2023-2-1,2023-02-07,https://www.tiktok.com/@pejabatrakyat/video/7194085372186397979,674,351,94,2023-1-29,61.6K,https://p16-sign-va.tiktokcdn.com/obj/tos-useast2a-p-0037-aiso/owfHfHsUNAl7BrUtgI4orDePU2H9fRQHGEEGtQ?x-expires=1675767600&x-signature=Pz0t51VJ6gywdgh7f6YVwrQKrNo%3D
x de rasuah..x de cekik duit rakyat...PMX..ü•∞,@yati_cun50,yatie ,0,0,2023-1-31,2023-02-07,https://www.tiktok.com/@pejabatrakyat/video/7194085372186397979,674,351,94,2023-1-29,61.6K,https://p16-sign-va.tiktokcdn.com/obj/tos-useast2a-p-0037-aiso/owfHfHsUNAl7BrUtgI4orDePU2H9fRQHGEEGtQ?x-expires=1675767600&x-signature=Pz0t51VJ6gywdgh7f6YVwrQKrNo%3D
Lantik senyap2 ada yg marah..tapi curi Billion senyap2 takda yg marah..malah sedekah lagi.. üòÇ,@presidentify,PRESiDENT ,0,0,2023-1-31,2023-02-07,https://www.tiktok.com/@pejabatrakyat/video/7194085372186397979,674,351,94,2023-1-29,61.6K,https://p16-sign-va.tiktokcdn.com/obj/tos-useast2a-p-0037-aiso/owfHfHsUNAl7BrUtgI4orDePU2H9fRQHGEEGtQ?x-expires=1675767600&x-signature=Pz0t51VJ6gywdgh7f6YVwrQKrNo%3D
dh klu dia x tlg nk harapkan ko ke... X kisahlah yg pntg jgn seleweng amanah.,@eppoi46,Akulahaku46 ,0,0,2023-1-31,2023-02-07,https://www.tiktok.com/@pejabatrakyat/video/7194085372186397979,674,351,94,2023-1-29,61.6K,https://p16-sign-va.tiktokcdn.com/obj/tos-useast2a-p-0037-aiso/owfHfHsUNAl7BrUtgI4orDePU2H9fRQHGEEGtQ?x-expires=1675767600&x-signature=Pz0t51VJ6gywdgh7f6YVwrQKrNo%3D
"UMNO dgn exUMNO tok ded dah latih bab kroni dan rasuah
semua sama sj
paling jelas tok ded dan anak2 nya",@vvanz121,Free Covid19 ,0,0,2023-1-31,2023-02-07,https://www.tiktok.com/@pejabatrakyat/video/7194085372186397979,674,351,94,2023-1-29,61.6K,https://p16-sign-va.tiktokcdn.com/obj/tos-useast2a-p-0037-aiso/owfHfHsUNAl7BrUtgI4orDePU2H9fRQHGEEGtQ?x-expires=1675767600&x-signature=Pz0t51VJ6gywdgh7f6YVwrQKrNo%3D
rakyat malaysia sedang tidur diulik mimpi2 indahüòÇüòÇüòÇüòÇüòÇ,@sismawar1,Sis Mawarüá≤üáæ ,0,0,2023-1-31,2023-02-07,https://www.tiktok.com/@pejabatrakyat/video/7194085372186397979,674,351,94,2023-1-29,61.6K,https://p16-sign-va.tiktokcdn.com/obj/tos-useast2a-p-0037-aiso/owfHfHsUNAl7BrUtgI4orDePU2H9fRQHGEEGtQ?x-expires=1675767600&x-signature=Pz0t51VJ6gywdgh7f6YVwrQKrNo%3D
"(SJ):""MADANI""
M-Melantik
A-Anak
D-Dato Seri
A-Anwar ibrahim
N-Nurul
I-Izah
renungkan semua ni",@t.a.d.boss3677,üõëüï∏Ô∏èüêâC.E.O DADDY BOSSüêâüï∏Ô∏èüõë ,0,0,2023-1-31,2023-02-07,https://www.tiktok.com/@pejabatrakyat/video/7194085372186397979,674,351,94,2023-1-29,61.6K,https://p16-sign-va.tiktokcdn.com/obj/tos-useast2a-p-0037-aiso/owfHfHsUNAl7BrUtgI4orDePU2H9fRQHGEEGtQ?x-expires=1675767600&x-signature=Pz0t51VJ6gywdgh7f6YVwrQKrNo%3D
"apa dibangun ,yg merampu mcm kami minta disuap duit tak perlu kerja atas dasar ketuanan,,tak betul suruh sorm siasat ,5 tahun hukum dgn undi,senangüòÇ",@and6501,and2055 ,0,0,2023-1-30,2023-02-07,https://www.tiktok.com/@pejabatrakyat/video/7194085372186397979,674,351,94,2023-1-29,61.6K,https://p16-sign-va.tiktokcdn.com/obj/tos-useast2a-p-0037-aiso/owfHfHsUNAl7BrUtgI4orDePU2H9fRQHGEEGtQ?x-expires=1675767600&x-signature=Pz0t51VJ6gywdgh7f6YVwrQKrNo%3D
üòÇüòÇüòÇ.. hadapilah 5 tahun lagi..üòÅüòÅ.. lain jgn kata kt atok...üòÇüòÇüòÇ.bala formula Rafizi.. x jln...,@kembara.....80,kembara.....80 ,0,0,2023-1-30,2023-02-07,https://www.tiktok.com/@pejabatrakyat/video/7194085372186397979,674,351,94,2023-1-29,61.6K,https://p16-sign-va.tiktokcdn.com/obj/tos-useast2a-p-0037-aiso/owfHfHsUNAl7BrUtgI4orDePU2H9fRQHGEEGtQ?x-expires=1675767600&x-signature=Pz0t51VJ6gywdgh7f6YVwrQKrNo%3D
Hahaha sakit hati ke... better dr bg penyakau mkn gaji butaü•±ü•±ü•±,@lynnjayy,LynnJayy ,0,0,2023-1-30,2023-02-07,https://www.tiktok.com/@pejabatrakyat/video/7194085372186397979,674,351,94,2023-1-29,61.6K,https://p16-sign-va.tiktokcdn.com/obj/tos-useast2a-p-0037-aiso/owfHfHsUNAl7BrUtgI4orDePU2H9fRQHGEEGtQ?x-expires=1675767600&x-signature=Pz0t51VJ6gywdgh7f6YVwrQKrNo%3D
"haha, kesian acc koyak nih üòÇ",@landas41,landas41 ,0,0,2023-1-30,2023-02-07,https://www.tiktok.com/@pejabatrakyat/video/7194085372186397979,674,351,94,2023-1-29,61.6K,https://p16-sign-va.tiktokcdn.com/obj/tos-useast2a-p-0037-aiso/owfHfHsUNAl7BrUtgI4orDePU2H9fRQHGEEGtQ?x-expires=1675767600&x-signature=Pz0t51VJ6gywdgh7f6YVwrQKrNo%3D
Oooo anak papa ada kerja dengan papa. Patut la papa tak umum. Dulu duk pusing malaya benci kroni. Sekarangggggg.. Saya ulangggg...,@ayieed49,A Y I E E D ,0,0,2023-1-30,2023-02-07,https://www.tiktok.com/@pejabatrakyat/video/7194085372186397979,674,351,94,2023-1-29,61.6K,https://p16-sign-va.tiktokcdn.com/obj/tos-useast2a-p-0037-aiso/owfHfHsUNAl7BrUtgI4orDePU2H9fRQHGEEGtQ?x-expires=1675767600&x-signature=Pz0t51VJ6gywdgh7f6YVwrQKrNo%3D
x habis2 meroyan puak2 walaun..,@saedahidah,saedahidah ,0,0,2023-1-30,2023-02-07,https://www.tiktok.com/@pejabatrakyat/video/7194085372186397979,674,351,94,2023-1-29,61.6K,https://p16-sign-va.tiktokcdn.com/obj/tos-useast2a-p-0037-aiso/owfHfHsUNAl7BrUtgI4orDePU2H9fRQHGEEGtQ?x-expires=1675767600&x-signature=Pz0t51VJ6gywdgh7f6YVwrQKrNo%3D
apa nk risau x bergaji nk bantu majukan negara..lain la musibat lebai pas...kertas kerja pun main sign mau x jahanam negaraüòÇ,@tantantan1350,Tan Tan tan135 ,0,0,2023-1-30,2023-02-07,https://www.tiktok.com/@pejabatrakyat/video/7194085372186397979,674,351,94,2023-1-29,61.6K,https://p16-sign-va.tiktokcdn.com/obj/tos-useast2a-p-0037-aiso/owfHfHsUNAl7BrUtgI4orDePU2H9fRQHGEEGtQ?x-expires=1675767600&x-signature=Pz0t51VJ6gywdgh7f6YVwrQKrNo%3D
menggelupur kaum wallahi komen üòÇ,@oldboy_84,OldBoy_84 ,0,0,2023-1-30,2023-02-07,https://www.tiktok.com/@pejabatrakyat/video/7194085372186397979,674,351,94,2023-1-29,61.6K,https://p16-sign-va.tiktokcdn.com/obj/tos-useast2a-p-0037-aiso/owfHfHsUNAl7BrUtgI4orDePU2H9fRQHGEEGtQ?x-expires=1675767600&x-signature=Pz0t51VJ6gywdgh7f6YVwrQKrNo%3D
cakap la apa u nak janji dia tak sakau 92.5fmüòÇüòÇüòÇ.. DSAI THE BEST PM EVER ü•∞ü•∞ü•∞,@iantheseira,iantheseira ,0,0,2023-1-30,2023-02-07,https://www.tiktok.com/@pejabatrakyat/video/7194085372186397979,674,351,94,2023-1-29,61.6K,https://p16-sign-va.tiktokcdn.com/obj/tos-useast2a-p-0037-aiso/owfHfHsUNAl7BrUtgI4orDePU2H9fRQHGEEGtQ?x-expires=1675767600&x-signature=Pz0t51VJ6gywdgh7f6YVwrQKrNo%3D
"bayar penasihat mahal2 tapi ekonomi down kewangan negara ketirisan.dapat penasihat free je,ekonomi bangkit naik,inflasi turun ketirisan terhalangü•∞",@user6115815852241,View replies (3) ,0,0,2023-1-30,2023-02-07,https://www.tiktok.com/@pejabatrakyat/video/7194085372186397979,674,351,94,2023-1-29,61.6K,https://p16-sign-va.tiktokcdn.com/obj/tos-useast2a-p-0037-aiso/owfHfHsUNAl7BrUtgI4orDePU2H9fRQHGEEGtQ?x-expires=1675767600&x-signature=Pz0t51VJ6gywdgh7f6YVwrQKrNo%3D
Parti isle parti yang dijauhi kerana fitnah,@e.leh_1225,e_leh ,0,0,2023-1-30,2023-02-07,https://www.tiktok.com/@pejabatrakyat/video/7194085372186397979,674,351,94,2023-1-29,61.6K,https://p16-sign-va.tiktokcdn.com/obj/tos-useast2a-p-0037-aiso/owfHfHsUNAl7BrUtgI4orDePU2H9fRQHGEEGtQ?x-expires=1675767600&x-signature=Pz0t51VJ6gywdgh7f6YVwrQKrNo%3D
tq tak lantik penasihat makan gaji BUTA.,@roverrevor,rover revor ,0,0,2023-1-30,2023-02-07,https://www.tiktok.com/@pejabatrakyat/video/7194085372186397979,674,351,94,2023-1-29,61.6K,https://p16-sign-va.tiktokcdn.com/obj/tos-useast2a-p-0037-aiso/owfHfHsUNAl7BrUtgI4orDePU2H9fRQHGEEGtQ?x-expires=1675767600&x-signature=Pz0t51VJ6gywdgh7f6YVwrQKrNo%3D
hidup PH.. hidup Datuk Seri Anwar Ibrahim... hidup Nurul Izzah... korang buleh ke keje tanpa gaji??? üòÇüòÇüòÇ,@abangbiru8663,Abang Biru372 ,0,0,2023-1-30,2023-02-07,https://www.tiktok.com/@pejabatrakyat/video/7194085372186397979,674,351,94,2023-1-29,61.6K,https://p16-sign-va.tiktokcdn.com/obj/tos-useast2a-p-0037-aiso/owfHfHsUNAl7BrUtgI4orDePU2H9fRQHGEEGtQ?x-expires=1675767600&x-signature=Pz0t51VJ6gywdgh7f6YVwrQKrNo%3D
sorry Kami masih sokong DSAIü•∞,@thivagar60,Thivagar60 ,0,0,2023-1-30,2023-02-07,https://www.tiktok.com/@pejabatrakyat/video/7194085372186397979,674,351,94,2023-1-29,61.6K,https://p16-sign-va.tiktokcdn.com/obj/tos-useast2a-p-0037-aiso/owfHfHsUNAl7BrUtgI4orDePU2H9fRQHGEEGtQ?x-expires=1675767600&x-signature=Pz0t51VJ6gywdgh7f6YVwrQKrNo%3D
"Mantap DSAI..ü•∞üí™üèªüí™üèª..cergas cerdas minda tindakan tepat..tak macam pm dulu dulu muka blur..mata layu..soramg sembab,sorang lembab,the best DSAI!",@ahmadnisfu8,Ali Setan ,0,0,2023-1-30,2023-02-07,https://www.tiktok.com/@pejabatrakyat/video/7194085372186397979,674,351,94,2023-1-29,61.6K,https://p16-sign-va.tiktokcdn.com/obj/tos-useast2a-p-0037-aiso/owfHfHsUNAl7BrUtgI4orDePU2H9fRQHGEEGtQ?x-expires=1675767600&x-signature=Pz0t51VJ6gywdgh7f6YVwrQKrNo%3D
terbaik dsai. dapat jimat duit kerajaan tm50k hingga rm100k sebulan,@masyhur38,masyhur87 ,0,0,2023-1-30,2023-02-07,https://www.tiktok.com/@pejabatrakyat/video/7194085372186397979,674,351,94,2023-1-29,61.6K,https://p16-sign-va.tiktokcdn.com/obj/tos-useast2a-p-0037-aiso/owfHfHsUNAl7BrUtgI4orDePU2H9fRQHGEEGtQ?x-expires=1675767600&x-signature=Pz0t51VJ6gywdgh7f6YVwrQKrNo%3D
basah kepala cai¬≤ PHBNü§£ü§£ü§£ü§£ü§£ dengan air kencing PMX,@izzdania21,Dani danish ,1,0,2023-1-30,2023-02-07,https://www.tiktok.com/@pejabatrakyat/video/7194085372186397979,674,351,94,2023-1-29,61.6K,https://p16-sign-va.tiktokcdn.com/obj/tos-useast2a-p-0037-aiso/owfHfHsUNAl7BrUtgI4orDePU2H9fRQHGEEGtQ?x-expires=1675767600&x-signature=Pz0t51VJ6gywdgh7f6YVwrQKrNo%3D
PN yg memperbodohkan rakyat,@neezam_73k,Teguhharapan_73 ,0,0,2023-1-30,2023-02-07,https://www.tiktok.com/@pejabatrakyat/video/7194085372186397979,674,351,94,2023-1-29,61.6K,https://p16-sign-va.tiktokcdn.com/obj/tos-useast2a-p-0037-aiso/owfHfHsUNAl7BrUtgI4orDePU2H9fRQHGEEGtQ?x-expires=1675767600&x-signature=Pz0t51VJ6gywdgh7f6YVwrQKrNo%3D
trboik..janji x mkn gaji buta cam menteri dlu tu tuttttttttt...jgn meroyan ya,@joll330,joll ,0,0,2023-1-30,2023-02-07,https://www.tiktok.com/@pejabatrakyat/video/7194085372186397979,674,351,94,2023-1-29,61.6K,https://p16-sign-va.tiktokcdn.com/obj/tos-useast2a-p-0037-aiso/owfHfHsUNAl7BrUtgI4orDePU2H9fRQHGEEGtQ?x-expires=1675767600&x-signature=Pz0t51VJ6gywdgh7f6YVwrQKrNo%3D
Masing2 dh dpt ghanimah. MADANIIIII!!!!,@ufuktimur365,UFUKTIMUR365 ,1,0,2023-1-30,2023-02-07,https://www.tiktok.com/@pejabatrakyat/video/7194085372186397979,674,351,94,2023-1-29,61.6K,https://p16-sign-va.tiktokcdn.com/obj/tos-useast2a-p-0037-aiso/owfHfHsUNAl7BrUtgI4orDePU2H9fRQHGEEGtQ?x-expires=1675767600&x-signature=Pz0t51VJ6gywdgh7f6YVwrQKrNo%3D
"Walaun dh mengelupur..time duta khas dilantik dan amik gaji tp x wat keja dan x tarik pelaburan, mana walaun nmpk. Hadi awang tu maksum",@14835842146m,148692195 ,0,0,2023-1-30,2023-02-07,https://www.tiktok.com/@pejabatrakyat/video/7194085372186397979,674,351,94,2023-1-29,61.6K,https://p16-sign-va.tiktokcdn.com/obj/tos-useast2a-p-0037-aiso/owfHfHsUNAl7BrUtgI4orDePU2H9fRQHGEEGtQ?x-expires=1675767600&x-signature=Pz0t51VJ6gywdgh7f6YVwrQKrNo%3D
:KOYAKKKKK,@sue69696,user372409279180 ,0,0,2023-1-30,2023-02-07,https://www.tiktok.com/@pejabatrakyat/video/7194085372186397979,674,351,94,2023-1-29,61.6K,https://p16-sign-va.tiktokcdn.com/obj/tos-useast2a-p-0037-aiso/owfHfHsUNAl7BrUtgI4orDePU2H9fRQHGEEGtQ?x-expires=1675767600&x-signature=Pz0t51VJ6gywdgh7f6YVwrQKrNo%3D
"XBERGAJI OK LA.DRP SAKAU DUIT RAKYAT@KERAJAAN, KOMISYEN 3-5%..MENANTU YIDIN TOMPOK(SUAMI KPD ANAK YIDIN TOMPOK)üòÅüòÅ",@inderadewasakti,T.Iskandar Zulkarnain ,0,0,2023-1-30,2023-02-07,https://www.tiktok.com/@pejabatrakyat/video/7194085372186397979,674,351,94,2023-1-29,61.6K,https://p16-sign-va.tiktokcdn.com/obj/tos-useast2a-p-0037-aiso/owfHfHsUNAl7BrUtgI4orDePU2H9fRQHGEEGtQ?x-expires=1675767600&x-signature=Pz0t51VJ6gywdgh7f6YVwrQKrNo%3D
"Alhamdulillah DSAi YB Izzah ü•∞ü•∞
terjamin duit rakyat..
dlm yg x lantik anak Bini pun boleh sakau bg anak menantu ...yg tu boleh plk yeüòèüòè",@user1886854048381,üåπ roses ,1,0,2023-1-30,2023-02-07,https://www.tiktok.com/@pejabatrakyat/video/7194085372186397979,674,351,94,2023-1-29,61.6K,https://p16-sign-va.tiktokcdn.com/obj/tos-useast2a-p-0037-aiso/owfHfHsUNAl7BrUtgI4orDePU2H9fRQHGEEGtQ?x-expires=1675767600&x-signature=Pz0t51VJ6gywdgh7f6YVwrQKrNo%3D
"Anak zahid ni kan yg jadi photograper bapak dia telentang atas katil konon sakit, malam leh gerak ke PWTC ü§£ü§£ü§£ü§£",@usernotfound72882,happy ,1,0,2023-1-30,2023-02-07,https://www.tiktok.com/@pejabatrakyat/video/7194085372186397979,674,351,94,2023-1-29,61.6K,https://p16-sign-va.tiktokcdn.com/obj/tos-useast2a-p-0037-aiso/owfHfHsUNAl7BrUtgI4orDePU2H9fRQHGEEGtQ?x-expires=1675767600&x-signature=Pz0t51VJ6gywdgh7f6YVwrQKrNo%3D
Apa masalah.. Bg org yg mahu berkerja.. Bkn mcm duta timur tengah yg x buat kerja,@maggun7,MagGun7 ,0,1,2023-1-30,2023-02-07,https://www.tiktok.com/@pejabatrakyat/video/7194085372186397979,674,351,94,2023-1-29,61.6K,https://p16-sign-va.tiktokcdn.com/obj/tos-useast2a-p-0037-aiso/owfHfHsUNAl7BrUtgI4orDePU2H9fRQHGEEGtQ?x-expires=1675767600&x-signature=Pz0t51VJ6gywdgh7f6YVwrQKrNo%3D
