comment,username,nickname,likes,noOfRepliedComments,posted_date,extracted_date,video_likes,video_comments,video_shared
"Salute to you, your dad and mom for the sacrifices to the nation !",@lanrms,BgMSLan ,67,0,2022-11-27,2023-01-30,77.1K,1176,779
Your lucky ğŸ¥°,@cgsalamah,Salamah ,0,0,1-14,2023-01-30,77.1K,1176,779
MaasyaallahğŸ¤²ğŸ¤²ğŸ˜ŠğŸ˜Š,@akimiewanja94,Akimiewanja ,0,0,1-12,2023-01-30,77.1K,1176,779
"Selamat mbak, Insyallah DSAI akan Tetap Amanah, dan salah Satu Tokoh Dunia yg selame ini saye Kagumi betape istiqomahnye beliau...",@terasalamgir,Sastra Irawan ,0,0,1-12,2023-01-30,77.1K,1176,779
ğŸ™ğŸ’¯ğŸ‘°011ğŸ˜˜ğŸ™ğŸ‘°ğŸ™,@ridzuanwan9595,ğŸ’£ğŸŒºâš“ğŸ‡²ğŸ‡¾RidzuanğŸ‡²ğŸ‡¾wanğŸ‡²ğŸ‡¾357 ,0,0,1-10,2023-01-30,77.1K,1176,779
Alhamdulillah.... Tahniah YB.. Sekalung Kesyukuran,@cintahatiammar,cintahatiammar ,0,0,1-6,2023-01-30,77.1K,1176,779
alhamdulillah,@rohani3231,Rohani323 ,0,0,2022-12-26,2023-01-30,77.1K,1176,779
so handsome ğŸ¥€ğŸ¥€ and so sweet ğŸ˜ğŸ˜ğŸ˜,@alimdsujon5,alimdsujon5 ,1,0,2022-12-22,2023-01-30,77.1K,1176,779
Terbaek ğŸ™,@musafirkelana75,Amalan tekun ,0,0,2022-12-3,2023-01-30,77.1K,1176,779
semoga selalu diberi kesehatan kepada bapak dan diberi kebahagian kepada family tercinta....Aamiin...yrb...,@user12343149670225,rianamaria ,0,0,2022-12-2,2023-01-30,77.1K,1176,779
terbaikk,@abdulhajalkawasa,abdulhajalkawasa ,0,0,2022-12-2,2023-01-30,77.1K,1176,779
"salute to you Yb Nurizah and your family, may God bless DSAI & Dr wan Azizah.",@dorisgeorge1,ğŸ‰ Doris George ğŸ‰ ,0,0,2022-12-2,2023-01-30,77.1K,1176,779
happy family ğŸ‘ğŸ‘ğŸ‘ğŸ˜ğŸ˜ğŸ˜,@panjang700,ğŸ˜Fendi22 ,1,0,2022-12-1,2023-01-30,77.1K,1176,779
bahagia,@yaholo55,yaHOLOSOYAHOya55 ,0,0,2022-12-1,2023-01-30,77.1K,1176,779
salam dari sabah.amen keluarga yang terbaik,@user5449982269852,user5449982269852 ,0,0,2022-12-1,2023-01-30,77.1K,1176,779
"Maaf,jadi ketua xleh marah2 dh bohğŸ˜…",@zulaimizulaimi9682065,AmieğŸ˜…ğŸ’œğŸ’šğŸ’–ğŸ’›ğŸ¤²ğŸ™‚ğŸ‡²ğŸ‡¾ ,0,0,2022-11-30,2023-01-30,77.1K,1176,779
Indonesia hadir,@bennyben5,Benny Ben ,1,0,2022-11-30,2023-01-30,77.1K,1176,779
hai Nurul Izzah..selam dri Sabah..pendalaman tenom..,@ahloiahloi,Ahloi Ahloi ,0,0,2022-11-30,2023-01-30,77.1K,1176,779
hi izzah,@princesrokero,princesrokero ,0,0,2022-11-30,2023-01-30,77.1K,1176,779
keluarga contoh..terbaik..Alhamdulillah,@ubiekbiek,wawizaqwan ,1,0,2022-11-30,2023-01-30,77.1K,1176,779
assalamualaikum sis. semoga sentiasa di dalam lindungan Allah swt sekeluarga dan happy family....Amin yaa rabb,@artabibabirin,artabibabirin ,1,0,2022-11-30,2023-01-30,77.1K,1176,779
so sweet,@shankardurai58,shankardurai58 ,1,0,2022-11-30,2023-01-30,77.1K,1176,779
tabik springğŸ¥°ğŸ¥°ğŸ¥°ğŸ¥°,@user927209278,user2527451419796 ,0,0,2022-11-30,2023-01-30,77.1K,1176,779
Salute to you and your familyğŸŒ¹ğŸŒ¹ğŸŒ¹ğŸŒ¹ğŸŒ¹ğŸŒ¹,@zaydee778,user1086980415109 ,0,0,2022-11-30,2023-01-30,77.1K,1176,779
whole family lovely n loving ğŸ¥°ğŸ¥°ğŸ¥°ğŸ¥°ğŸ¥°ğŸ¥°ğŸ¥°,@queen.leong,Queen ,0,0,2022-11-30,2023-01-30,77.1K,1176,779
tahniah buat DSAI PM10,@red_empireshooper,ğŸ’«ğŸ’«Tuan Muda Brendaâš¡âš¡ ,2,0,2022-11-30,2023-01-30,77.1K,1176,779
done supportğŸ¥°,@lee_fatrah,lee fatrah ,0,0,2022-11-30,2023-01-30,77.1K,1176,779
cantik la akak niğŸ˜,@zahininzahinin,zahininzahinin ,0,0,2022-11-30,2023-01-30,77.1K,1176,779
salam,@panconie80,user352041424139 ,0,0,2022-11-30,2023-01-30,77.1K,1176,779
Semoga beliau sentiasa dilindungi ALLAH.,@ainabdullah0,Ain Abdullah ,1,0,2022-11-30,2023-01-30,77.1K,1176,779
and great daughter that sacrifice everything for the family... god bless you.. ğŸ¥°ğŸ¥°,@azurajahidan,azurajahidan ,3,0,2022-11-30,2023-01-30,77.1K,1176,779
assalamualaikum salam kenal ğŸ˜‚ğŸ˜‚,@harsoni795,Harsoni795 ,0,0,2022-11-29,2023-01-30,77.1K,1176,779
reyali????,@asahaljoneymai,RJ joney mai ,0,0,2022-11-29,2023-01-30,77.1K,1176,779
semoga beliau sehat sllu sentiasa dalam lindungan ALLAH,@insanbiasa892,MAT KILAU ,0,0,2022-11-29,2023-01-30,77.1K,1176,779
semogah datuk Sehat2 selalu Aamin ya AllahğŸ¥°ğŸ¥°,@syarilsyafiq123,syarilsyafiq ,0,0,2022-11-29,2023-01-30,77.1K,1176,779
syukur keluarga bahagia terus hasrat bantu rakyat Malaysia â™¥ï¸â™¥ï¸â™¥ï¸â™¥ï¸,@syahlegacy25,Syahlegacy #TTLPuaka#Agency ,0,0,2022-11-29,2023-01-30,77.1K,1176,779
semoga kalian sehat selalu. Maseh ingat kpg krokong lagi ke?,@lastingbenyi,Lasting Benyi ,0,0,2022-11-29,2023-01-30,77.1K,1176,779
amoga sihat selalu di lindungan Allah,@arzakkhan5,Arzak Khan ,0,0,2022-11-29,2023-01-30,77.1K,1176,779
NurulğŸ¥°ğŸ¥°,@reys_liv,SPIDERğŸ•·ï¸ ,0,0,2022-11-29,2023-01-30,77.1K,1176,779
"Acheh respec DSAI,,",@murray827,corrady88 ,0,0,2022-11-29,2023-01-30,77.1K,1176,779
smoga sihat selalu dan di mufahkn urusan Amiin,@edosnira99,EdosnIra99 ,0,0,2022-11-29,2023-01-30,77.1K,1176,779
hadir,@mkcikskuterpink,"Mkcikskuterpink,, ",0,0,2022-11-29,2023-01-30,77.1K,1176,779
untung lağŸ™‚,@paklonggugel,paklonggugel ,0,0,2022-11-29,2023-01-30,77.1K,1176,779
smoga sentiasa dlm lindungan allah swt,@luciacia281,Lucia ,0,0,2022-11-29,2023-01-30,77.1K,1176,779
Alhamdulillah..bila YB dtg SabahğŸ¤—ğŸ¤—,@mohd.tarmizicriss89asang,Mohd.Tarmizi@Asang89 ,3,0,2022-11-29,2023-01-30,77.1K,1176,779
bila nak dtg Sarawak Yb? ğŸ¥°ğŸ¥°ğŸ¥°,@alleyma0,Alleyma Shopp ,0,0,2022-11-29,2023-01-30,77.1K,1176,779
Real acc N. Izzah ke? Done follow!,@mrsaa_1903,Nurul Ain ,0,0,2022-11-29,2023-01-30,77.1K,1176,779
Nurul Izzah anak yg berbakti kepada ibu bapa...ğŸ¥°ğŸ¥°ğŸ¥°,@user4192259547723,user4192259547723 ,0,0,2022-11-29,2023-01-30,77.1K,1176,779
wowowğŸ¥°ğŸ¥°,@nanasayang70,nana ,1,0,2022-11-29,2023-01-30,77.1K,1176,779
Follow ğŸ¥°,@syamsulrizal,Syam Black Razak ,0,0,2022-11-29,2023-01-30,77.1K,1176,779
done follow,@happyaproy,Happy Aproy ,0,0,2022-11-29,2023-01-30,77.1K,1176,779
CatiknyağŸ¥°,@kingkitchenhq,King kitchen hq ,0,0,2022-11-29,2023-01-30,77.1K,1176,779
on x on hadir82,@yusnaidyady,yusnaidyady ,0,0,2022-11-29,2023-01-30,77.1K,1176,779
Semoga YB &; keluarga sentiasa dilindungi Allah SWT & dipermudahkan segala urusan dunia akhirat ğŸ¤²ğŸ¤²ğŸ¤²,@ramzilina76,Ramzi76 ,1,0,2022-11-29,2023-01-30,77.1K,1176,779
Brave Politician Leader of Malaysia ğŸ‡²ğŸ‡¾ğŸ¤²ğŸ‡²ğŸ‡¾ and Congratulations to make New Prime Minister Of Malaysia,@ahmadhassan6491,Ahmad Hassan ,0,0,2022-11-29,2023-01-30,77.1K,1176,779
Alhamdulillah.Terbaik,@usermansor62,userMansorD62 ,0,0,2022-11-29,2023-01-30,77.1K,1176,779
nice,@wanbuanan,Cikgu Wan Bee ,1,0,2022-11-28,2023-01-30,77.1K,1176,779
Alhamdulilah yb...jadi lah pemimpin yg terbaik utk kmi.....amin...,@pengusut0,black ,0,0,2022-11-28,2023-01-30,77.1K,1176,779
were your husband,@shamsudinali243,shamsudinali243 ,0,0,2022-11-28,2023-01-30,77.1K,1176,779
keluarga yg bahagia hadir support dri sarawakğŸ˜,@chirstinaafreddy,Chris ,0,0,2022-11-28,2023-01-30,77.1K,1176,779
"smoga tan sri dlm lindungan Allahswt,dunia akhirat..aamiin",@mamatjerimamatjer,mamatjerimamatjer ,0,0,2022-11-28,2023-01-30,77.1K,1176,779
"Terbaik awak, keluarga yang sgt tabah dlm mengharungi berbagai rintangan",@anjunaj0,Anjun Aj609 ,0,0,2022-11-28,2023-01-30,77.1K,1176,779
Tuhan memberkati mu sekeluarga..di jauhi kejahatan..hidup dlm damai..,@asmondmartin90,si Gaman ,0,0,2022-11-28,2023-01-30,77.1K,1176,779
Alhamduliilah hadir,@yusryyusbujg,useyusry ,0,0,2022-11-28,2023-01-30,77.1K,1176,779
very good parents,@ganaseg197,ganaseg ,0,0,2022-11-28,2023-01-30,77.1K,1176,779
terbaik,@didieandfrend,Didieandfrend ,0,0,2022-11-28,2023-01-30,77.1K,1176,779
semoga DSAI sekeluarga dipermudahkan rezeki.......Saya sokong 100% Xada kesempatan dapat berjumpa,@edymelaka3,EdyMelaka ,0,0,2022-11-28,2023-01-30,77.1K,1176,779
Tahniah...semua kebaikan dtg dari Allah...tetap sabar menghadapi cabaran....,@flowero.10,User00 ,1,0,2022-11-28,2023-01-30,77.1K,1176,779
your father is a Hero of Malaysia. sisğŸ¥°,@rajinikanth919,Rhinarau ,2,0,2022-11-28,2023-01-30,77.1K,1176,779
Comel nye Alhamdulillah,@mdfauzibinrafie,Md Fauzi ,0,0,2022-11-28,2023-01-30,77.1K,1176,779
congrats sister,@nashekie70,nashekieğŸ¤™pulalon ,1,0,2022-11-28,2023-01-30,77.1K,1176,779
sukur Datok,@yogeshravi26,Rabis Don ,0,0,2022-11-28,2023-01-30,77.1K,1176,779
"TahniahğŸ‘ puteri reformasi,akhirnya kebenaran telah trbukti, Dato Seri adalah seorang pejuang bagi Rakyat Malaysia,Sebagai Rakyat Malaysia kami bangga",@sylviour17,SLyvansDee17 ,0,0,2022-11-28,2023-01-30,77.1K,1176,779
steady my yb idola,@wans501,wan ,0,0,2022-11-28,2023-01-30,77.1K,1176,779
"Congratulations DSAI, DSWA..smga Allah swt pmudhkn smua urusn kdua ibubpa Izzah.Aamiin",@piazunadie,PiaAF7 ,0,0,2022-11-28,2023-01-30,77.1K,1176,779
"Alhamdulillah, hadir",@roseesa72,ellaesa ,0,0,2022-11-28,2023-01-30,77.1K,1176,779
ma sha allah,@user132393842,Muhammad Sajjad ,0,0,2022-11-28,2023-01-30,77.1K,1176,779
siap,@user63005044116429091,user6300504411642 ,0,0,2022-11-28,2023-01-30,77.1K,1176,779
hadir,@belalang9255,belalang ,0,0,2022-11-28,2023-01-30,77.1K,1176,779
niceğŸ˜ğŸ˜ğŸ˜ğŸ˜ğŸ˜ğŸ˜ğŸ˜,@userhumaun32,user9155316000932 ,0,0,2022-11-28,2023-01-30,77.1K,1176,779
cian at awk anğŸ˜­,@yusop_46,user7537378464817 ,0,0,2022-11-28,2023-01-30,77.1K,1176,779
hadir,@mahagurujebatjawo_djj,ğŸ¦‰Dato JJ_OfficialğŸ¦‰ ,0,0,2022-11-28,2023-01-30,77.1K,1176,779
alhamdulillah,@mohdkhairani15,khai ,0,0,2022-11-28,2023-01-30,77.1K,1176,779
Puteri reformasi terbaikğŸ¥°ğŸ¥°,@nurafni_suzzana,Misi_Suzanaâ¤ï¸â¤ï¸â¤ï¸ ,0,0,2022-11-28,2023-01-30,77.1K,1176,779
Puteri reformasi..ğŸ¥°ğŸ¥°ğŸ¥°ğŸ¥°,@sayakayrulez,sayakayrulezğŸ¦– ,0,0,2022-11-28,2023-01-30,77.1K,1176,779
ğŸ¥°ğŸ¥°ma Sha allah,@ibarahim30,Ibarahim Ibarahim440 ,0,0,2022-11-28,2023-01-30,77.1K,1176,779
2013 DSAI bt kempen kt sabah area kota marudu kediaman MAIJOL MAP..time tu kmi pakai bju kuning mengiringi DSAI..ğŸ¥°kmi syng DSAI...,@edy_setia_selalu_1631,edy 1631 ,0,0,2022-11-28,2023-01-30,77.1K,1176,779
strong..ğŸ’ªğŸ’ªğŸ‘,@abdghaniabdgha,abdghaniabdgha ,0,0,2022-11-28,2023-01-30,77.1K,1176,779
kesayangan rakyat Malaysia ğŸ¥°ğŸŒ¹,@cikpuanfazz,fazrynzal ,0,0,2022-11-28,2023-01-30,77.1K,1176,779
we proud with you.we pray for you.do the best..allah always with you inshallah ğŸ¤œğŸ¤›,@marocrownine,Marocrownine ,0,0,2022-11-28,2023-01-30,77.1K,1176,779
T'baik,@bintangdenn844,Bintangdenn844 ,0,0,2022-11-28,2023-01-30,77.1K,1176,779
ayah awak telah di sayangi oleh rakyat mlysia.semua bangsağŸ˜ğŸ˜˜ğŸ¥°,@abehaha6,pencita alam ,2,0,2022-11-28,2023-01-30,77.1K,1176,779
Your family seems to be a very calm and polite family,@djsk358,fake love ,0,0,2022-11-28,2023-01-30,77.1K,1176,779
Hidup ....yb izzah moga terus maju danjaya dlm kehidupan seterusnya,@jaliljayreen,Jalil Jayreen658 ,0,0,2022-11-28,2023-01-30,77.1K,1176,779
Selamat Maju Jaya yb Izzah... insyaallah kita akan tampas balik permatang pauh... setelah rakyat tahu macamana PH teraju negarağŸ¥°ğŸ¥°ğŸ¥°,@bulldozer_lux,Bulldozer Luxâ„¢ ,0,0,2022-11-28,2023-01-30,77.1K,1176,779
nice,@mamunurrashid3873,mamunurrashid3873 ,1,0,2022-11-28,2023-01-30,77.1K,1176,779
biggest flex in Msia ... ğŸ˜ğŸ˜ğŸ˜ğŸ˜,@nisa.0790,Nis90 ,0,0,2022-11-28,2023-01-30,77.1K,1176,779
MashaAllah,@jpkawsarahmed1,Kawsar Ahmed ,1,0,2022-11-28,2023-01-30,77.1K,1176,779
boleh minta tolong,@issey.7014,abg long..7014 ,0,0,2022-11-28,2023-01-30,77.1K,1176,779
Semoga DSAI sehat selalu beserta keluarga amin,@greengelek,GreenGelek ,2,0,2022-11-28,2023-01-30,77.1K,1176,779
family hebat,@florineydaniel,â°RINEYâ¤ï¸ğŸ§¡ğŸ’›ğŸ’šğŸ’™ğŸ’œğŸ¤ğŸ–¤ğŸ¤ ,1,0,2022-11-28,2023-01-30,77.1K,1176,779
papa yg hebat....yg anak yg kental...salute y b,@lonerider_5041,lone rider ,1,0,2022-11-28,2023-01-30,77.1K,1176,779
Asalamuhaku Datok anak maua dapat asai-asasi,@nurmiiiii2,nurmiğŸ˜ ,1,0,2022-11-28,2023-01-30,77.1K,1176,779
Lme dh minat sejak 1992 lg,@awislokman,Awis ,0,0,2022-11-28,2023-01-30,77.1K,1176,779
terbaikkk,@tajisamprit01,yai ,1,0,2022-11-28,2023-01-30,77.1K,1176,779
love uol 1 family..hv a blessed dayğŸ™ğŸ™â¤ï¸â¤ï¸,@marilynkoujuelken,Marilyn Kouju_Elken ,0,0,2022-11-28,2023-01-30,77.1K,1176,779
hye,@user8724730810561,user8724730810561 ,0,0,2022-11-28,2023-01-30,77.1K,1176,779
Respect ğŸ™ŒğŸ™ŒğŸ™ŒğŸ’¯ğŸ’¯ğŸ’¯ğŸ’¯,@mohpadey,Moh | streetphotographer ,0,0,2022-11-28,2023-01-30,77.1K,1176,779
salam...moga kan sehat selalu dan di cucuri rahmat dari Allah SWT. Aamiin....,@fairinachmad,Fairin Achmad ,0,0,2022-11-28,2023-01-30,77.1K,1176,779
Support,@klinikdrjahitpukal.bbaj,Klinik Dr jahit pukal.AJGroup ,0,0,2022-11-28,2023-01-30,77.1K,1176,779
Lama tak jumpa,@akusifaqir,akuSiFaqir ,0,0,2022-11-28,2023-01-30,77.1K,1176,779
Sya lahir tahun 90an.. sebelum DSAI menjadi menteri Sya tahu hal yg burukÂ² ja pasal Beliau.. tapi sekarang lain..kdg sedih apa yg dilalui sebelum ni..,@surianasue91,SueSurianağŸ˜‰ ,0,0,2022-11-28,2023-01-30,77.1K,1176,779
"nice,,, family",@torun..sakib,"Nirjon,Ahommed,,Sakib)ğŸ¦‹ğŸ‡§ğŸ‡© ",0,0,2022-11-28,2023-01-30,77.1K,1176,779
Tahniah YB,@kaunselorctf,kaunselorCTF ,0,0,2022-11-28,2023-01-30,77.1K,1176,779
saya suka Dato seri Anwar dan keluarganya....very good principles....,@essprem76,Jayaeswary Preamdas ,0,0,2022-11-28,2023-01-30,77.1K,1176,779
semoga dipermudahkan segala urusan nya,@zbaidahzack,Zbaidah Zack ,0,0,2022-11-28,2023-01-30,77.1K,1176,779
respectful to your family members ğŸ‘â¤ï¸ğŸ™,@saravanansubra1,saravanansubra ,1,0,2022-11-28,2023-01-30,77.1K,1176,779
hadir support ğŸ˜,@coollicious2015,coollicious2015 ,0,0,2022-11-28,2023-01-30,77.1K,1176,779
alhamdulilla ye allah,@user1228620959717,user1228620959717 ,0,0,2022-11-28,2023-01-30,77.1K,1176,779
Alhamdulillah.,@aa_azreenazmi,AA ,1,0,2022-11-28,2023-01-30,77.1K,1176,779
congratulation,@user6305999424892,Ibad Khan ,0,0,2022-11-28,2023-01-30,77.1K,1176,779
Tahniah DSAI,@jjawie,Jjawie ,1,0,2022-11-28,2023-01-30,77.1K,1176,779
syukur....,@ruzi1963,ruzi1963 ,0,0,2022-11-28,2023-01-30,77.1K,1176,779
ya Allah panjangknlah umur DSAI,@abgzahid72,Abg Zahid ,0,0,2022-11-28,2023-01-30,77.1K,1176,779
lovely god bless your family ğŸ‘ª,@user2528545336301,Alex Mani ,0,0,2022-11-28,2023-01-30,77.1K,1176,779
"Inilah orang terkuat Malaysia, smoga sht2 selalu, Aminnn ğŸ™ğŸ™ğŸ’“ğŸ’“ğŸ¥°ğŸ¥°ğŸ¥°",@jumabravobravobravo,Juma Bravo  Bravo Br ,0,0,2022-11-28,2023-01-30,77.1K,1176,779
Masha Allah your family,@mohammadsyaqilahm,mohammadsyaqilahm ,0,0,2022-11-28,2023-01-30,77.1K,1176,779
...terbaik !!,@almaha2661,Mahayuddin MY ,0,0,2022-11-28,2023-01-30,77.1K,1176,779
WowğŸ¥°,@ramabdbliarsyadav92,Ram ,0,0,2022-11-28,2023-01-30,77.1K,1176,779
saya nk duit raya tahun depan bole..?ğŸ˜…,@24ha17,Zuhair Toek ,0,0,2022-11-28,2023-01-30,77.1K,1176,779
ğŸ¥° Muke cik izzah same sebiji mcm dato wan azizahğŸ˜ŠğŸ‘,@coiman112,coiman112 ,0,0,2022-11-28,2023-01-30,77.1K,1176,779
semoga sihat sihat selalu my pm...,@tikanis87,mohd asraf ,0,0,2022-11-28,2023-01-30,77.1K,1176,779
suhanallah,@1999kumis,Ari  sayag jnda ,1,0,2022-11-28,2023-01-30,77.1K,1176,779
taniah DSAI smoga d prmudahkn urusan..sya sbgai ank jati sabah murut borneo ttap sokong dsai huraaaa...ğŸ˜Š,@zackzacley,Z@cKz@cLeY95 ,1,0,2022-11-28,2023-01-30,77.1K,1176,779
happy family,@mdshimulmiay1,md shimul miay ,4,0,2022-11-28,2023-01-30,77.1K,1176,779
watching from Bangladesh ğŸ¥°ğŸ¥°ğŸ¥°ğŸ¥°,@josef21210,ğŸ‡²ğŸ‡¾farisğŸ‡§ğŸ‡© ,0,0,2022-11-28,2023-01-30,77.1K,1176,779
hye...,@ag_passat,Mohd Fauzi ,0,0,2022-11-28,2023-01-30,77.1K,1176,779
semoga ikatan kekeluargaan bahagia hingga ke akhir hayat amin ya Rabbal Alamin ğŸ˜˜,@megattajuddin,Megat Tajuddin ,1,0,2022-11-28,2023-01-30,77.1K,1176,779
Hi,@ainisainis0ains,Ainis Ainis ,0,0,2022-11-28,2023-01-30,77.1K,1176,779
congratulations to you ğŸ‘,@user8125971933132,Koh Chin Guan ,1,0,2022-11-28,2023-01-30,77.1K,1176,779
Terbaikkkâ¤ï¸,@inahsura,inahsura ,1,0,2022-11-28,2023-01-30,77.1K,1176,779
alhamdulillah,@mdshorav842,mdshorav842 ,0,0,2022-11-28,2023-01-30,77.1K,1176,779
kita dh brjiran.klau tringin nk mkn satay sy boleh je cod dpn umahğŸ˜‡ğŸ˜‡,@azuwanfiftythree,Azuwan Fiftythree ,0,0,2022-11-28,2023-01-30,77.1K,1176,779
"awak adalah anak pejuang.... yg berjuang untuk keluarga nya, moga awak menjadi contoh buat anak2 malaysiağŸ¥°",@siyanasaini,Siyana Saini ,3,0,2022-11-28,2023-01-30,77.1K,1176,779
Tahniah DsaiğŸ‘ğŸ»,@afsarlatif,Afsar Latif ,1,0,2022-11-28,2023-01-30,77.1K,1176,779
alhamdulilah,@matsyahri978,matsyahri978 ,0,0,2022-11-28,2023-01-30,77.1K,1176,779
ğŸ¥°,@gecthajegan,gecthajeganğŸ¥° ,0,0,2022-11-28,2023-01-30,77.1K,1176,779
MashaAllah,@afaqmalik381,afaqmalik381 ,0,0,2022-11-28,2023-01-30,77.1K,1176,779
Tahniah DSAIğŸ¥°ğŸ¥°ğŸ¥°,@aquchey,rizmai ,0,0,2022-11-28,2023-01-30,77.1K,1176,779
Tahniah utk DSAI,@aciksal16,Mamathirah ,0,0,2022-11-28,2023-01-30,77.1K,1176,779
husband?sons?,@skudaifcalif,aRipuLin82 ,0,0,2022-11-28,2023-01-30,77.1K,1176,779
semoge dipermudahkan urusan DS,@nawarwadah,nawarwadah ,1,0,2022-11-28,2023-01-30,77.1K,1176,779
semoga dipermudahkan Dato Seri...dah lama sy sokong,@amriz1984,Amriz1984 ,0,0,2022-11-28,2023-01-30,77.1K,1176,779
nice,@user5375730112765,Nizarudeen ,0,0,2022-11-28,2023-01-30,77.1K,1176,779
ğŸ˜‚ğŸ˜‚ okay,@slairmay,Slairmay ,0,0,2022-11-28,2023-01-30,77.1K,1176,779
Alhamdulillah Dsai PM10ğŸ¥°ğŸ¥°,@daus3636,NEVER GIVE UP ,0,0,2022-11-28,2023-01-30,77.1K,1176,779
assalam hai,@mohamadshamsul680,mohamadshamsul680 ,0,0,2022-11-28,2023-01-30,77.1K,1176,779
done follow,@pakyan888,alfian abdullah ,0,0,2022-11-28,2023-01-30,77.1K,1176,779
salm seja tera dan sehat selalu Aamiin..,@kaknur699,nurhayati(kak nur) ,0,0,2022-11-28,2023-01-30,77.1K,1176,779
also my dadğŸ˜ğŸ˜ğŸ˜,@ss5546y,ss5546Y ,0,0,2022-11-28,2023-01-30,77.1K,1176,779
fyp pm10 skngğŸ˜‚,@qhalish86,Qhalish86 ,0,0,2022-11-28,2023-01-30,77.1K,1176,779
good bless you ğŸ™ğŸ™ğŸ™ğŸ™,@papapapa439,papapapa439 ,0,0,2022-11-28,2023-01-30,77.1K,1176,779
so cuteğŸ˜,@ameeracute08,meeracute ,0,0,2022-11-28,2023-01-30,77.1K,1176,779
hadir support,@mingleo82,Ming Leo82 ,0,0,2022-11-28,2023-01-30,77.1K,1176,779
hadir support ğŸ™ğŸ‘ğŸ‘ğŸ’ªğŸ’ªğŸ’ª,@dan501.s,Dan8605ğŸ˜ŠâœŒï¸ ,0,0,2022-11-28,2023-01-30,77.1K,1176,779
Ceria ja family depa,@pemunajatsepi,ğ“Ÿğ“®ğ“¶ğ“¾ğ“·ğ“ªğ“³ğ“ªğ“½ğ“¢ğ“®ğ“¹ğ“² ,0,0,2022-11-28,2023-01-30,77.1K,1176,779
Assalamualaikum,@user9545682281579,Ros@69 ,0,0,2022-11-28,2023-01-30,77.1K,1176,779
PERJUANGAN MESTI DITERUSKAN ğŸ’ªâ¤ï¸,@akim.khalid,Akim.khalid ,0,0,2022-11-28,2023-01-30,77.1K,1176,779
ğŸ¥°ğŸ¥°ğŸ¥°ğŸ¥°ğŸ¥° great DAD ğŸ¥°ğŸ¥°ğŸ¥°ğŸ¥°ğŸ¥°ğŸ¥°ğŸ¥°ğŸ¥°ğŸ¥°ğŸ¥°,@goodyusey,goodyusey ,0,0,2022-11-28,2023-01-30,77.1K,1176,779
hadir support,@user8113550299450,SHAM. ,0,0,2022-11-28,2023-01-30,77.1K,1176,779
God bless,@weyhkvmg,user1132425305044 ,0,0,2022-11-28,2023-01-30,77.1K,1176,779
Beautiful family ğŸ‘,@appleuser63238637,Apple User632386379 ,1,0,2022-11-28,2023-01-30,77.1K,1176,779
semoga Allah mengurniakan rahmat dan keberkatan..sihat wal'afiat.. Allaahumma aamiiin,@nine_id9,abc123 ,1,0,2022-11-28,2023-01-30,77.1K,1176,779
He is the greatest asset of our country,@khogiilankalaimany,à®•à¯‹à®•à®¿à®²à®©à¯ ,1,0,2022-11-28,2023-01-30,77.1K,1176,779
tahniah buat Ayahanda awk..semoga malaysia lbh baik dari sebelom nya..ğŸ™†,@alisigal2287,alis ,0,0,2022-11-28,2023-01-30,77.1K,1176,779
Subhanallah keluarga bahagia contoh terbaik untuk kita semua,@asiahholilholil,Asiah Holil Holil ,1,0,2022-11-28,2023-01-30,77.1K,1176,779
my husband mane,@edasehmumet,Hasrul Mohamad Istihar ,1,0,2022-11-28,2023-01-30,77.1K,1176,779
Allah bless You,@user6796565315797,MD  Ridoy   Mahmud ,0,0,2022-11-28,2023-01-30,77.1K,1176,779
"asalamualaikum,Salam dari Brunei",@viidheblackdevil,Vii Dhe Blackdevil ,0,0,2022-11-28,2023-01-30,77.1K,1176,779
hadir...assalam yb,@nadrilie,Â£ee**Â£ai**) ,0,0,2022-11-28,2023-01-30,77.1K,1176,779
god bless u ğŸ¥°ğŸ˜ğŸ¥°ğŸ˜â¤ï¸â¤ï¸â¤ï¸ğŸ™ğŸ™ğŸ™ğŸ™ğŸ™ğŸ™,@viji_jey,VIJI ,0,0,2022-11-28,2023-01-30,77.1K,1176,779
terbaik ğŸ˜ğŸ˜ğŸ˜,@katambunga,katambunga ,0,0,2022-11-28,2023-01-30,77.1K,1176,779
"kdn sana bila akan cepat ya,i dah memohon 2 and half year,my daughter my kids havent get",@alanpuchongproperty,Gwl Gwl ,0,0,2022-11-28,2023-01-30,77.1K,1176,779
God bless u,@vickywaran82,vickywaran82 ,0,0,2022-11-28,2023-01-30,77.1K,1176,779
beautifull family ğŸ¥°,@vikneshir28,vk vikneshir ,2,0,2022-11-28,2023-01-30,77.1K,1176,779
nice ğŸ¥°,@mdnurhossain792,Hossain md nur ,0,0,2022-11-28,2023-01-30,77.1K,1176,779
Tahniah,@mohdnawi812,mohdnawi812 ,1,0,2022-11-28,2023-01-30,77.1K,1176,779
Semoga YB ceria selalu d samping keluarga tsayang,@pang5brutal,Yelah Tue ,0,0,2022-11-28,2023-01-30,77.1K,1176,779
Tahniah Ya kak untuk datok Tan sri anwar ibrahim. smoga sehat terus dan selamt dunia akhirat amin.,@harry_densus,Harry ,0,0,2022-11-28,2023-01-30,77.1K,1176,779
semoga bahagia dunia akhirat..,@jokomisran,rockran ,0,0,2022-11-28,2023-01-30,77.1K,1176,779
sy suka cara ayah u takbir Malaysia terbaik..syukur alhamdulillah kami DPT y terbaik untuk Malaysia,@mydeey2599,myking ,1,0,2022-11-28,2023-01-30,77.1K,1176,779
"I would wish for a future with you, KJ and Rafizi to lead this country",@gunalannarayan,Gunalan Narayan ,0,0,2022-11-28,2023-01-30,77.1K,1176,779
Your Dad really awesome. ğŸ’•,@user4937578730540,A ,1,0,2022-11-28,2023-01-30,77.1K,1176,779
Bapa semua rakyat Malaysia..THE BEST MY HERO DSAIğŸ‘ğŸ‘,@manang773,brandah_@manang ,0,0,2022-11-28,2023-01-30,77.1K,1176,779
Good Leader,@nadirazad90,Nadir Azad ,0,0,2022-11-28,2023-01-30,77.1K,1176,779
nice mashallah,@asifhashmiasif795,Asif shah ,0,0,2022-11-28,2023-01-30,77.1K,1176,779
syabas. awak mempunyai ayah dan ibu yang sangat kuat.,@tepinsandongtudm,WBGG - SWK - WMD ,0,0,2022-11-28,2023-01-30,77.1K,1176,779
"salute to you, your dad and mom for the sacrifices to the nation !!!",@pakistaniboys...786,ğŸ‡µğŸ‡°ğŸ‡µğŸ‡°xmafzaaljutt996ğŸ‡²ğŸ‡¾ğŸ‡² ,0,0,2022-11-28,2023-01-30,77.1K,1176,779
Family that is damaged by some other people but they are holding to each other until now. ğŸ¥°,@raymondl_1,raymondl_1 ,4,0,2022-11-28,2023-01-30,77.1K,1176,779
kaka nak minta satu tolong,@alamincij3,Alamin Cij ,0,0,2022-11-28,2023-01-30,77.1K,1176,779
Ay MashaAllah,@mehar.raheel,Mehar Raheel ,0,0,2022-11-28,2023-01-30,77.1K,1176,779
mashah Allah very nice your Mom and dad,@muhm976,Muhammad ishtiaq ,0,0,2022-11-28,2023-01-30,77.1K,1176,779
suami mne,@pohpalweh,user1089647089884 ,0,0,2022-11-28,2023-01-30,77.1K,1176,779
Alhamdulillah,@abdullaalmamunkhan3,Md Abdulla Al Mamun ğŸŒ¹â™¥ï¸ğŸŒ¹ ,0,0,2022-11-28,2023-01-30,77.1K,1176,779
love itâ¤ï¸,@sallydayday,Dayday ,0,0,2022-11-28,2023-01-30,77.1K,1176,779
tahniah kakak,@aruldin1190,aruldin1190 ,1,0,2022-11-28,2023-01-30,77.1K,1176,779
HIDUP PAKATAN HARAPAN! HIDUP DSAI! ğŸ¥°,@bittertruth.my,AP ,3,0,2022-11-28,2023-01-30,77.1K,1176,779
cantiknya izzah ğŸ˜ğŸ¥°,@jep_plg,JEP_PLG ,0,0,2022-11-28,2023-01-30,77.1K,1176,779
good family,@aish87aisyah,Aish aisyah ,0,0,2022-11-28,2023-01-30,77.1K,1176,779
good familyğŸ¥°ğŸ¥°ğŸ¥°ğŸ¥°,@mdshadutihossain,Md: Shahadat hossain ,0,0,2022-11-28,2023-01-30,77.1K,1176,779
Mashallah very nice,@imranmohmand1981,Imranmohmand1981 ,0,0,2022-11-28,2023-01-30,77.1K,1176,779
my future husband..me,@mohdmazwin78,mohdmazwin ,0,0,2022-11-28,2023-01-30,77.1K,1176,779
Salam dari sabah ğŸ¥°ğŸ¥°ğŸ¥°,@joelbuojr,joelbuojr ,0,0,2022-11-28,2023-01-30,77.1K,1176,779
samalah.. ayah saya jugak.. ayahnda utk rakyat MALAYSIA,@safwanmanan,ä¸‚å‚åƒå±±å‚å‡  ,0,0,2022-11-28,2023-01-30,77.1K,1176,779
nice...slmt pg,@sofianpian18,ğŸ‡²ğŸ‡¾PiaN ğŸ˜ ,0,0,2022-11-28,2023-01-30,77.1K,1176,779
"You are a lucky lady , congratulations",@javid995,Javid ,0,0,2022-11-28,2023-01-30,77.1K,1176,779
"Lovely family, welldone for all the hard work",@user2468357355044,Allan170383 ,0,0,2022-11-28,2023-01-30,77.1K,1176,779
cantik aih,@madtasnim,Kapo Teguh  cont ,0,0,2022-11-28,2023-01-30,77.1K,1176,779
big Fan â¤ğŸ˜»âœŒ Bangladesh â¤âœŒ,@arfinalamin90,arfinalamin90 ,0,0,2022-11-28,2023-01-30,77.1K,1176,779
Masha Allah,@user5212364826621,user5212364826621 ,0,0,2022-11-28,2023-01-30,77.1K,1176,779
salute sister,@pappupappu1335,pappupappu1335 ,0,0,2022-11-27,2023-01-30,77.1K,1176,779
LUCKY TO HAVE THEM ğŸ¥°ğŸ¥°ğŸ¥°,@jesnal76,jesnal5 ,0,0,2022-11-27,2023-01-30,77.1K,1176,779
NICE,@mdrudroahmedsipon,mdrudroahmedsipon ,0,0,2022-11-27,2023-01-30,77.1K,1176,779
hi yb you looking beautiful ğŸ¥°,@saravanakumarmuni3,saravanakumar ,0,0,2022-11-27,2023-01-30,77.1K,1176,779
ğŸ¥°ğŸ¥°ğŸ¥°ğŸ¥°ğŸ¥°,@user5204070370809,ğŸ˜CherryğŸ˜· ,0,0,2022-11-27,2023-01-30,77.1K,1176,779
"used 2 be DPM & now dad is PM ... but both hold DPM post , mana dapat ini mcm !!! God bless our family sistor !!!",@manmarana,manmarana ,0,0,2022-11-27,2023-01-30,77.1K,1176,779
terbaik dato seriğŸ¥°ğŸ¥°ğŸ¥°ğŸ¥°ğŸ¥°,@mdyusofbinadam,Mdyusof Bin Adam ,1,0,2022-11-27,2023-01-30,77.1K,1176,779
sangat bertuah punyai kedua orang tua yang sama kuat pertahankan mana yg hak,@papalone5,Saudagar Official ,1,0,2022-11-27,2023-01-30,77.1K,1176,779
yes true words..ur r very lucky personğŸ¥°ğŸ¥°,@malarmalar545,Malar Malar545 ,0,0,2022-11-27,2023-01-30,77.1K,1176,779
hey you,@muhammad.6440,Fiq ,0,0,2022-11-27,2023-01-30,77.1K,1176,779
Aura.meereka ber2 sngat + selamat yahh bpak anwar. Smoga. Amanah mngemban tugas negara,@fateeh1453,Lintang ,0,0,2022-11-27,2023-01-30,77.1K,1176,779
Lucky lah you,@hassanwaqar1010,Hassan ,0,0,2022-11-27,2023-01-30,77.1K,1176,779
Dsai trbaikğŸ¥° slmanya harapan ğŸ”ºâœ¨,@littlegirligor,ğ¿ğ‘–ğ‘¡ğ‘¡ğ‘™ğ‘’ğ‘”ğ‘–ğ‘Ÿğ‘™ğ‘ âœ¨ ,0,0,2022-11-27,2023-01-30,77.1K,1176,779
ğŸ¥° YB ku terbaik .ğŸ¥°,@yusof.my,yusof.my ,0,0,2022-11-27,2023-01-30,77.1K,1176,779
best of luckğŸ¥°ğŸ¥°ğŸ¥°,@alimonsur55,Ali Monsur520 ,0,0,2022-11-27,2023-01-30,77.1K,1176,779
berkat sabar dgn mcm2 ujian akhirnye dpt kejayaanğŸ¥°ğŸ¥°,@atierazia,fatimaRazia ,1,0,2022-11-27,2023-01-30,77.1K,1176,779
ğŸ¥°ğŸ¥°ğŸ¥° congratulations,@zettyhuzaiwatihusin,zettyhuzaiwati ,0,0,2022-11-27,2023-01-30,77.1K,1176,779
Semoga hidup terus diberkati Allah SWT. Amiinn,@kudabesi64,user8144441632151 ,0,0,2022-12-2,2023-01-30,77.1K,1176,779
ğŸ‡§ğŸ‡©ğŸ«¶ğŸ’šğŸ’™ğŸ’šğŸ‡²ğŸ‡¾,@nuraalam212,ê§ğŸŒ¹ğŸ’šğŸ…½ğŸ†„ğŸ†ğŸ…° ğŸ…°ğŸ…»ğŸ…°ğŸ…¼ğŸ’šğŸŒ¹ ê§‚ ,0,0,2022-12-1,2023-01-30,77.1K,1176,779
salute,@jalyppc9999,JalyPpc999 ,0,0,2022-11-29,2023-01-30,77.1K,1176,779
Salute....,@pommey2,Pom Mey ,0,0,2022-11-29,2023-01-30,77.1K,1176,779
smngatğŸ¥°ğŸ¥°ğŸ¥°,@yeonjuop,joe ,0,0,2022-11-29,2023-01-30,77.1K,1176,779
semoga bahagia selalu,@cintasaya84,Umi sofia ,0,0,2022-11-29,2023-01-30,77.1K,1176,779
terbaik,@user8041336300491,naluri james ,0,0,2022-11-28,2023-01-30,77.1K,1176,779
Idolaaaâ¤ï¸â¤ï¸â¤ï¸,@azzaleareen,Reen3993 ,0,0,2022-11-28,2023-01-30,77.1K,1176,779
nice kaka,@heih60,md khalil ,0,0,2022-11-28,2023-01-30,77.1K,1176,779
Terbaik,@broawie1,broawie68 ,0,0,2022-11-28,2023-01-30,77.1K,1176,779
i salute,@mr_alishah7,Ali âœ” ,0,0,2022-11-28,2023-01-30,77.1K,1176,779
terbaikğŸ¥°ğŸ¥°ğŸ¥°,@ciikro,CikRo ,0,0,2022-11-28,2023-01-30,77.1K,1176,779
Ø§Ù„Ø­Ù…Ø¯Ù„Ù„Ù‡,@blaczeen,blaczeen ,0,0,2022-11-28,2023-01-30,77.1K,1176,779
hyğŸ˜…,@king_cobra2507,YB_kenz#OWLğŸ¦‰âœï¸ ,0,0,2022-11-28,2023-01-30,77.1K,1176,779
terbaik,@syafagemilangent,supplier machine/usecar ,0,0,2022-11-28,2023-01-30,77.1K,1176,779
ğŸ¥°ğŸ¥°manis sungguh...,@robinsonlandy,robinsonlandy ,0,0,2022-11-28,2023-01-30,77.1K,1176,779
"ğŸ¥°muka somma sama, cantik",@srsaudarajvideos,Raj ,1,0,2022-11-28,2023-01-30,77.1K,1176,779
semoga kalian sekeluarga Di beri kekuatan dan Di lindungi Allah,@user204913399,user ,0,0,2022-11-28,2023-01-30,77.1K,1176,779
masyallahğŸ¥°ğŸ¥°ğŸ¥° terbaikğŸ¥°ğŸ¥°ğŸ¥°,@love87541,love8754ğŸ‡µğŸ‡°ğŸ‡²ğŸ‡¾ğŸ‡¹ğŸ‡·ğŸ‡¦ğŸ‡¿ ,0,0,2022-11-28,2023-01-30,77.1K,1176,779
salute,@shazlin2929,Shazlin2929 shaz ,0,0,2022-11-28,2023-01-30,77.1K,1176,779
Cantik nya puan selamat pagiğŸŒ»â˜€ï¸â¤ï¸,@bebiemaryani,bebiemaryani ,0,0,2022-11-28,2023-01-30,77.1K,1176,779
à¦†à¦²à¦¹à¦¾à¦®à¦¦à§à¦²à¦¿à¦²à§à¦²à¦¾à¦¹,@mdkawsurmahamoudk,mdkawsurmahamoudk ,0,0,2022-11-28,2023-01-30,77.1K,1176,779
TERBAIK,@granitegrey09,GRANITE GREY ,0,0,2022-11-28,2023-01-30,77.1K,1176,779
sehat selalu dad anwar,@juanfattahillah,Juan ,0,0,2022-11-28,2023-01-30,77.1K,1176,779
ğŸ¥°ğŸ¥°ğŸ¥°ğŸ¥°ğŸ¥°salute,@shahriar9900,Shahriar ahmed ,0,0,2022-11-28,2023-01-30,77.1K,1176,779
heem pok demo ..jolok koğŸ˜‚,@mohdfauzi841,mohdfauzi841 ,0,0,2022-12-25,2023-01-30,77.1K,1176,779
Folllow dulu aku,@asdhy6516,ğ•’ğ•™ğ•¤ğ••ğ•ªğŸğŸğŸ™ğŸ ,0,0,2022-11-30,2023-01-30,77.1K,1176,779
U dad u mom my brother and lowğŸ˜†,@jiki922,user845528808823 ,0,0,2022-11-29,2023-01-30,77.1K,1176,779
nice song...dsai hidupğŸ¥°,@haiya9309,Suzuki 1101 ,0,0,2022-11-29,2023-01-30,77.1K,1176,779
Nepotisma at best,@mokad_1905,MoKAD ,0,0,2022-11-29,2023-01-30,77.1K,1176,779
oklah dpt jd jgk..penin ooo...klu xjadi jgkğŸ˜‚ğŸ˜‚,@wak_ejen_ins_rtax,WAK EJEN ,0,0,2022-11-29,2023-01-30,77.1K,1176,779
Allahumma Solli ala Saiyidina Muhammad wa'ala ali Saiyidina Muhammad,@shimpanjihitam313,Panjihitam89 ,0,0,2022-11-29,2023-01-30,77.1K,1176,779
"Izzah niy anak tunggal or masih adw adik ,Abg tu...done follow... follow back yew",@hazamie91,PERINDUSEPI91 ,0,0,2022-11-28,2023-01-30,77.1K,1176,779
daddy girl,@fatimahmohdlazim,fatimah lazim ,0,0,2022-11-28,2023-01-30,77.1K,1176,779
alhamdulilah nice pic ğŸ¥°,@sitirabiah_studio,Pelukis Biasa Malaysia ,0,0,2022-11-28,2023-01-30,77.1K,1176,779
Bantu tmpat saya yb kampung seberang jaya karangan ğŸ˜‚,@mirul_gateway,MOHAMAD AMIRUL ğŸ˜œ ,0,0,2022-11-28,2023-01-30,77.1K,1176,779
Yb tahun ni usulkan kami prniaga uptown brlasen(bhg B) untuk psang khemah setiap thn bln Posa dok kena ribut dgn syarat x boleh tggal barang ğŸ™ğŸ™ğŸ™,@noorazlan_,Azlan&alan ,0,0,2022-11-28,2023-01-30,77.1K,1176,779
skrg ayah awak sudah jadi ayah semua bangsa malaysia..alhamdulillah..salam LTL dari bongawan papar sabah,@clickonems,clickoneMS ,2,0,2022-11-28,2023-01-30,77.1K,1176,779
"Alhamdulillah.
Give time to your parents they are old.
May Allah bless your parents.",@mdfirojsharder0,Firoj ,0,0,2022-11-28,2023-01-30,77.1K,1176,779
i respect your dad nad mom,@sm.niloy108,niloy108 ,0,0,2022-11-28,2023-01-30,77.1K,1176,779
"semoga Allah ttp bersama merahmati fmly dyurga dunia akhirat ini, insylah",@sofiahdesa,sofiahdesa ,3,0,2022-11-28,2023-01-30,77.1K,1176,779
"wow is the best
DSAI TAHNIAH
PM = 10
MALAYSIA JAYAğŸ‡²ğŸ‡¾ğŸ‘ğŸ‡²ğŸ‡¾ğŸ’ªğŸ‡²ğŸ‡¾",@h_herry_pratama35,NajwaComel ,0,0,2022-11-28,2023-01-30,77.1K,1176,779
forgive all those beasts..,@ranger6830,Ranger 683 ,0,0,2022-11-28,2023-01-30,77.1K,1176,779
suke la ko,@jomhebohttk,BangMan ,0,0,2022-11-28,2023-01-30,77.1K,1176,779
mata nurul izzah ni..mata pejuÃ ng,@harithalhadad,harithalhadad ,0,0,2022-11-28,2023-01-30,77.1K,1176,779
contoh terbaik..btulÂ² lain dr keluarga pm sblom ni..,@azahahashim,azahahashim ,0,0,2022-11-28,2023-01-30,77.1K,1176,779
congratulations pm Malaysia â¤ï¸â¤ï¸â¤ï¸â¤ï¸,@user252231730316,Imran khan ,0,0,2022-11-28,2023-01-30,77.1K,1176,779
my ehemÂ² mana..ğŸ˜…ğŸ˜…ğŸ˜…,@bocahkampung_16577,bocahkampung_16577 ,0,0,2022-11-28,2023-01-30,77.1K,1176,779
keluarga yg bahagia biarpun banyak dugaan tetap ada penjelasan nykğŸ¥°,@agustinebchanggai750,Azz ,0,0,2022-11-28,2023-01-30,77.1K,1176,779
ada harapan tak buat sayağŸ˜,@adyady2859,adyady2859 ,0,0,2022-11-28,2023-01-30,77.1K,1176,779
we shall judge n see how DSAI doing....BETTER than the rest of the other PM that PH accused of this n that..n dont give excuses..DSAI now LEAD the nation ALL are in his HANDS,@cekluk03,mamangmiang ,0,0,2022-11-28,2023-01-30,77.1K,1176,779
my ddy alsoğŸ¥°ğŸ¥°ğŸ¥°,@elvimlim2,Elvim Lim ,0,0,2022-11-28,2023-01-30,77.1K,1176,779
So upset..ur dsai talk about reform fght corruption and we all support him at the end he is the one who save them..so desperate to be PMâœ… Fight Corruption âŒ,@sideqlicious,Al Qassam ,0,0,2022-11-28,2023-01-30,77.1K,1176,779
terbaik sis..sy ank jati pulau pinang.bangga PM sy org pulau pinang.,@retaudinramli,Retaudin Ramli ,0,0,2022-11-28,2023-01-30,77.1K,1176,779
"you DAD,is the best, ketabahan hatinya kuat",@nuriyanrizqi,Nuriyan Rizqi ,0,0,2022-11-27,2023-01-30,77.1K,1176,779
pak non,@zeeraszee,zeeraszee ,0,0,2022-11-27,2023-01-30,77.1K,1176,779
ğŸ¥°ğŸ¥°ğŸ¥°ğŸ¥°,@ridzuanwan9595,ğŸ’£ğŸŒºâš“ğŸ‡²ğŸ‡¾RidzuanğŸ‡²ğŸ‡¾wanğŸ‡²ğŸ‡¾357 ,0,0,1-10,2023-01-30,77.1K,1176,779
ğŸ¥°ğŸ¥°ğŸ¥°ğŸ¥°,@izzrizizz,has ,0,0,1-6,2023-01-30,77.1K,1176,779
ğŸ¥°ğŸ¥°ğŸ¥°,@mohamadaman36,bro man tiger ,0,0,1-1,2023-01-30,77.1K,1176,779
ğŸ¥°ğŸ¥°ğŸ¥°ğŸ¥°ğŸ¥°ğŸ¥°,@mansiva5,mansiva5 ,0,0,2022-12-26,2023-01-30,77.1K,1176,779
ğŸ‘â™¥ï¸â™¥ï¸â™¥ï¸,@teckhingku,teckhingku ,0,0,2022-12-22,2023-01-30,77.1K,1176,779
my respect to the family that had suffered so much for a better malaysia. may tomorrow be smooth sailingğŸ¥°,@amsie1973,Dicky Lee610 ,0,0,2022-12-22,2023-01-30,77.1K,1176,779
ğŸ¥°ğŸ¥°ğŸ¥°,@davidjalin7,DJ...PEMBURU...âœŒï¸âœŒï¸âœŒï¸ ,0,0,2022-12-2,2023-01-30,77.1K,1176,779
ğŸ¤£ğŸ¤£ğŸ¤£ğŸ¤£,@regang60,rgg..nngğŸ‘ ,0,0,2022-12-2,2023-01-30,77.1K,1176,779
ğŸ‘ğŸ¤²ğŸ¤²ğŸ¤²ğŸ¤²ğŸ¤²ğŸ¤²ğŸ’–,@kalmin50,Kal@Mina ,0,0,2022-12-1,2023-01-30,77.1K,1176,779
ğŸ’–ğŸ’–ğŸ’–ğŸ’–ğŸ’–ğŸ’–,@kalmin50,Kal@Mina ,0,0,2022-12-1,2023-01-30,77.1K,1176,779
ğŸ¤²ğŸ¤²ğŸ¤²ğŸ¤²ğŸ¤²ğŸ¤²,@kalmin50,Kal@Mina ,0,0,2022-12-1,2023-01-30,77.1K,1176,779
ğŸ¥°ğŸ¥°ğŸ¥°ğŸ¥°,@kalmin50,Kal@Mina ,0,0,2022-12-1,2023-01-30,77.1K,1176,779
ğŸ¥°ğŸ¥°,@madaan37,madaan37 ,0,0,2022-12-1,2023-01-30,77.1K,1176,779
king,@gmie09,ğŸ˜Š ,0,0,2022-12-1,2023-01-30,77.1K,1176,779
ğŸ¥°ğŸ¥°ğŸ¥°ğŸ¥°ğŸ¥°ğŸ¥°ğŸ¥°,@akhin5221,AKHIN ,0,0,2022-12-1,2023-01-30,77.1K,1176,779
ğŸ¥°ğŸ¥°ğŸ¥°,@mandaadrian8,manda adrian ,0,0,2022-11-30,2023-01-30,77.1K,1176,779
ğŸ¥°ğŸ¥°ğŸ¥°ğŸ¥°ğŸ¥°ğŸ¥°ğŸ¥°ğŸ¥°ğŸ¥°,@mdalalmin447,md alamin447 ,0,0,2022-11-30,2023-01-30,77.1K,1176,779
ğŸ¥°ğŸ¥°ğŸ¥°,@milotabur15,milotabur15 ,0,0,2022-11-30,2023-01-30,77.1K,1176,779
ğŸ¥°ğŸ¥°ğŸ¥°,@simonyong688,simonyong688 ,0,0,2022-11-30,2023-01-30,77.1K,1176,779
ğŸ¥°ğŸ¥°ğŸ¥°ğŸ‘Œ,@sittiasgalnizamni,sittiasgalnizamni ,0,0,2022-11-30,2023-01-30,77.1K,1176,779
ğŸ˜…,@user931969185966,bro... ,0,0,2022-11-30,2023-01-30,77.1K,1176,779
ğŸ‘ğŸ‘ğŸ‘,@jocintakmuya,boy ,0,0,2022-11-30,2023-01-30,77.1K,1176,779
ğŸ¥°,@ukthieistiqomahcrv,Ukthie Istiqomah ,0,0,2022-11-29,2023-01-30,77.1K,1176,779
ğŸ¥°ğŸ¥°ğŸ¥°,@zainolakramin,zainolakramin ,0,0,2022-11-29,2023-01-30,77.1K,1176,779
ğŸ¥°ğŸ¥°ğŸ¥°ğŸ¥°,@fendiahmad1973,FendiAhmad1973 ,0,0,2022-11-29,2023-01-30,77.1K,1176,779
ğŸ¥°ğŸ¥°ğŸ¥°,@luvvmee123,Norlinah Latip ,0,0,2022-11-29,2023-01-30,77.1K,1176,779
ğŸ¥°ğŸ¥°,@rinazambri,rinazambri ,0,0,2022-11-29,2023-01-30,77.1K,1176,779
ğŸ¥°,@wan.afzan,Wan Afzan ,0,0,2022-11-29,2023-01-30,77.1K,1176,779
anak yg tidak pernah berhenti untuk menegakkan keadilan buat seorang ayah...bukan semua anak sanggup berjuang!SALUTE!,@orkidkayangan,pumpkinpinkandpurple ,0,0,2022-11-29,2023-01-30,77.1K,1176,779
ğŸ˜ğŸ¥°,@azmi_multiwork,azmiblack ,0,0,2022-11-29,2023-01-30,77.1K,1176,779
aku xtau mana tt nurul izzah yg real,@mohammadhafidznaz,gemux ,0,0,2022-11-29,2023-01-30,77.1K,1176,779
ğŸ¥°ğŸ¥°ğŸ¥°,@mmycbella,Dzcbella ,0,0,2022-11-29,2023-01-30,77.1K,1176,779
ğŸ¥°ğŸ¥°ğŸ¥°ğŸ¥°ğŸ¥°,@redruby9192,Ruby ,0,0,2022-11-29,2023-01-30,77.1K,1176,779
ğŸ˜­,@saparisparis76,saparisparis76 ,0,0,2022-11-29,2023-01-30,77.1K,1176,779
ğŸ‘ŒğŸ‘ŒğŸ‘ŒğŸ‘ŒğŸ‘Œ,@2793akumar,kumar ,0,0,2022-11-29,2023-01-30,77.1K,1176,779
ğŸ¥°,@zackomar0207,Zack Omar630 ,0,0,2022-11-29,2023-01-30,77.1K,1176,779
ğŸ¥°ğŸ¥°,@yong_hapsah,Yong_hapsah ,0,0,2022-11-29,2023-01-30,77.1K,1176,779
ğŸ¥°,@farispakli_,Faris Pak Ali ,0,0,2022-11-29,2023-01-30,77.1K,1176,779
ğŸ¥°ğŸ¥°ğŸ¥°,@alrayyanmuslimah,AL-Rayyan@Yan ,0,0,2022-11-29,2023-01-30,77.1K,1176,779
ğŸ¥°ğŸ¥°,@tantari.08,KANDA TANTARI ,0,0,2022-11-29,2023-01-30,77.1K,1176,779
ğŸ¥°,@imsweetapple99,Appleå°è‹±å„¿ğŸ’š ,0,0,2022-11-29,2023-01-30,77.1K,1176,779
"warga tambun support habis habisan.
refomasi dulu kini n selamanye",@zabriumarali,Zabri Umar Ali ,0,0,2022-11-29,2023-01-30,77.1K,1176,779
Allah izinkan lawan politik sis menang di Permatang Pauh. Maybe hikmahnya utk sis bantu sepenuhnya ayahanda mentadbirurus negara ini. all d best,@jay.tee75,jasme taib ,0,0,2022-11-29,2023-01-30,77.1K,1176,779
ğŸ˜,@tohmpiluk,tohm p lhuk ,0,0,2022-11-29,2023-01-30,77.1K,1176,779
ğŸ˜ŠğŸ˜ŠğŸ˜ŠğŸ˜ŠğŸ˜Š,@user6617003816812,â‚¬rMÂ¥iâ‚¬z@Â£ ,0,0,2022-11-28,2023-01-30,77.1K,1176,779
ğŸ¥°,@lynaa535,Lyna Latip ,0,0,2022-11-28,2023-01-30,77.1K,1176,779
ğŸ¥°,@ohmyg8,Jane JL ,0,0,2022-11-28,2023-01-30,77.1K,1176,779
ğŸ˜,@mohdsharizanboy7,Boy7 ,0,0,2022-11-28,2023-01-30,77.1K,1176,779
ğŸ¥°ğŸ¥°,@roselinderjohn149,roselinderjohn149 ,0,0,2022-11-28,2023-01-30,77.1K,1176,779
ğŸ‘ğŸ¥°ğŸ¤—â˜ºï¸ğŸ˜â¤ï¸â¤ï¸â¤ï¸â¤ï¸â¤ï¸,@sitifat7665,sitifat7665 ,0,0,2022-11-28,2023-01-30,77.1K,1176,779
ğŸ¥°ğŸ¥°,@mdshoukat78,Md SHOUKAT ,0,0,2022-11-28,2023-01-30,77.1K,1176,779
ğŸ¥°ğŸ¥°ğŸ¥°,@wawashines,Wawa shines85 ,0,0,2022-11-28,2023-01-30,77.1K,1176,779
ğŸ¥°ğŸ¥°ğŸ¥°,@honeyda_suhaimi,coachkurusnieda ,0,0,2022-11-28,2023-01-30,77.1K,1176,779
ğŸ¥°,@wawanan5213,wawanan5213 ,0,0,2022-11-28,2023-01-30,77.1K,1176,779
ğŸ¥°,@mazlinahmohd425,mazlinahmohd425 ,0,0,2022-11-28,2023-01-30,77.1K,1176,779
ğŸ¥°,@arifeagle8,arif eagle ,0,0,2022-11-28,2023-01-30,77.1K,1176,779
ğŸ˜,@zuraidahothman0,Zuraidah Othman ,0,0,2022-11-28,2023-01-30,77.1K,1176,779
ğŸ¥°ğŸ¥°ğŸ¥°,@monamyjan,monaMyJan ,1,0,2022-11-28,2023-01-30,77.1K,1176,779
ğŸ‘ğŸ‘ğŸ‘ğŸ‘ğŸ‘ğŸ¦¾,@abg.am83,ğŸŒŸABG AM 83ğŸŒŸ(ROYAL FAMILY)ğŸ˜ ,0,0,2022-11-28,2023-01-30,77.1K,1176,779
ğŸ˜ğŸ˜ğŸ˜,@yanbeautyspa,Yan Beauty Spa ,0,0,2022-11-28,2023-01-30,77.1K,1176,779
ğŸ¥°,@honda_nakata,MeoRomeo ,0,0,2022-11-28,2023-01-30,77.1K,1176,779
ğŸ¥°ğŸ¥°ğŸ¥°,@edy_setia_selalu_1631,edy 1631 ,0,0,2022-11-28,2023-01-30,77.1K,1176,779
hello,@limyawhui1,Lim Yaw Hui ,0,0,2022-11-28,2023-01-30,77.1K,1176,779
ğŸ¥°ğŸ¥°,@mischelle070,Mischelle1234 ,0,0,2022-11-28,2023-01-30,77.1K,1176,779
â¤ï¸â¤ï¸â¤ï¸ğŸ˜ğŸ˜ğŸ˜,@ladulceamira,La Dulce Amira Aqilah ,0,0,2022-11-28,2023-01-30,77.1K,1176,779
ğŸŒ¹ğŸŒ¹ğŸŒ¹ğŸ‘ğŸ‘ğŸ‘,@zalinahasnan65,Zalina Hasnan ,0,0,2022-11-28,2023-01-30,77.1K,1176,779
â™¥ï¸ğŸ‘ğŸŒ¹ğŸ‘â™¥ï¸,@muhammadzaiton,Muhammad Zaiton ,0,0,2022-11-28,2023-01-30,77.1K,1176,779
ğŸ¥°ğŸ¥°ğŸ¥°ğŸ¥°,@misslla4,Ammillashop ,0,0,2022-11-28,2023-01-30,77.1K,1176,779
ğŸ¥°ğŸ¥°ğŸ¥°ğŸ¥°ğŸ¥°,@patmaofficial_,Patmawati Ambran ,0,0,2022-11-28,2023-01-30,77.1K,1176,779
ğŸ¥°ğŸ¥°ğŸ¥°ğŸ¥°ğŸ¥°ğŸ¥°,@janakbasnet29,janak basnet ,0,0,2022-11-28,2023-01-30,77.1K,1176,779
ğŸ˜,@ana_izzah_amira,Izzah Amira ,0,0,2022-11-28,2023-01-30,77.1K,1176,779
ğŸ¥°ğŸ¥°ğŸ¥°,@taiyc,taiyc ,0,0,2022-11-28,2023-01-30,77.1K,1176,779
ğŸ˜ğŸ˜ğŸ˜,@chandranpalaniapp,chandranpalaniapp ,0,0,2022-11-28,2023-01-30,77.1K,1176,779
ğŸ¥°ğŸ¥°ğŸ¥°ğŸ¥°ğŸ¥°,@kekasihhati295,kekasihhati295 ,0,0,2022-11-28,2023-01-30,77.1K,1176,779
ğŸ¥°ğŸ¥°ğŸ¥°ğŸ¥°ğŸ¥°ğŸ¥°ğŸ¥°ğŸ¥°ğŸ¥°ğŸ¥°ğŸ¥°ğŸ¥°ğŸ¥°ğŸ¥°ğŸ¥°,@flowerbalan1,FlowerBalan710 ,0,0,2022-11-28,2023-01-30,77.1K,1176,779
ğŸ¥°ğŸ¥°ğŸ¥°ğŸ¥°,@laniazabidn,Laniaz ,0,0,2022-11-28,2023-01-30,77.1K,1176,779
ğŸ¥°ğŸ¥°ğŸ¥°ğŸ¥°,@ichigoblek,Ichigo Black ,0,0,2022-11-28,2023-01-30,77.1K,1176,779
ğŸ¥°,@yusran1987,Yusran Yus ,0,0,2022-11-28,2023-01-30,77.1K,1176,779
ğŸ¥°ğŸ¥°ğŸ¥°,@cikpah79,@Cikpah ,0,0,2022-11-28,2023-01-30,77.1K,1176,779
ğŸ¥°ğŸ¥°ğŸ¥°ğŸ¥°ğŸ¥°ğŸ¥°,@nurul_josephine,JosephineNurulSakinah ,0,0,2022-11-28,2023-01-30,77.1K,1176,779
ğŸ¥°,@rafizanhamdan,Rafizan Hamdan ,0,0,2022-11-28,2023-01-30,77.1K,1176,779
ğŸ¥°ğŸ¥°,@ganingarai,ganingarai ,0,0,2022-11-28,2023-01-30,77.1K,1176,779
ğŸ¥°,@limentiusnain,Mantap jiwa ,0,0,2022-11-28,2023-01-30,77.1K,1176,779
ğŸ¥°,@amaijoes,Joes Juspat Majail ,0,0,2022-11-28,2023-01-30,77.1K,1176,779
ğŸ˜³ğŸ˜³ğŸ˜³,@arsalkhan745,arsalkhan745 ,0,0,2022-11-28,2023-01-30,77.1K,1176,779
ğŸ’ªğŸ’ªâ¤ï¸â¤ï¸,@billyscambodianbilly,ğŸ¥‘ ,0,0,2022-11-28,2023-01-30,77.1K,1176,779
ğŸ˜…ğŸ˜…ğŸ˜…,@saidon_283,DON_1835017 ,0,0,2022-11-28,2023-01-30,77.1K,1176,779
ğŸ¥°ğŸ¥°ğŸ¥°,@alongdak_wmcm8891,alongdak_C8891-wmcm-JB ,0,0,2022-11-28,2023-01-30,77.1K,1176,779
ğŸ¥°ğŸ¥°ğŸ¥°,@wanrosleewanjuhan,wanrosleewanjuhan ,0,0,2022-11-28,2023-01-30,77.1K,1176,779
ğŸ˜‚ğŸ˜‚ğŸ˜‚,@jamalludinalias,Jamalludin Alias ,0,0,2022-11-28,2023-01-30,77.1K,1176,779
ğŸ¥°ğŸ¥°ğŸ¥°,@imrano06,MD Imran Khan ,0,0,2022-11-28,2023-01-30,77.1K,1176,779
ğŸ¥°ğŸ¥°,@karunagarankarun772,Karna ,0,0,2022-11-28,2023-01-30,77.1K,1176,779
ğŸ˜„,@sumandakg0,noraobert7 ,0,0,2022-11-28,2023-01-30,77.1K,1176,779
Love your Dad â¤ï¸â¤ï¸â¤ï¸our father too father of Malaysia ğŸ¥°,@shaman2428mu,Shaman2428mu ,0,0,2022-11-28,2023-01-30,77.1K,1176,779
ğŸ¥³ğŸ¥³ğŸ¥³,@user4381309618595,user4381309618595 ,0,0,2022-11-28,2023-01-30,77.1K,1176,779
ğŸ¥°ğŸ¥°,@akim_hiace,akim_vip ,0,0,2022-11-28,2023-01-30,77.1K,1176,779
ğŸ¥°ğŸ¥°ğŸ¥°ğŸ¥°,@nurhashim02,ğŸ”¥ğŸ”¥Nur Hashim ğŸ”¥ğŸ”¥ N.ğŸ’˜ğŸ’˜ R ,0,0,2022-11-28,2023-01-30,77.1K,1176,779
ğŸ¥°,@user7539388540908,hello ğŸ¤—ğŸ¤— ,0,0,2022-11-28,2023-01-30,77.1K,1176,779
ğŸ’œ,@hacim2808,hacim2808 ,0,0,2022-11-28,2023-01-30,77.1K,1176,779
ğŸ¥°ğŸ¥°ğŸ¥°,@naimabdrahim2,Naim ,0,0,2022-11-28,2023-01-30,77.1K,1176,779
ğŸ­ğŸ¬ğŸ­ğŸ¥³ğŸ¥³â˜ºï¸â˜ºï¸ğŸ˜˜ğŸ˜˜,@mohdazlan878,mohdazlan878 ,0,0,2022-11-28,2023-01-30,77.1K,1176,779
ğŸ¥°,@shikinishak811,shikinishak811 ,0,0,2022-11-28,2023-01-30,77.1K,1176,779
ğŸ¥°ğŸ¥°ğŸ¥°ğŸ¥°ğŸ¥°ğŸ¥°ğŸ¥°ğŸ¥°ğŸ¥°ğŸ¥°ğŸ¥°ğŸ¥°ğŸ¥°ğŸ¥°ğŸ¥°ğŸ¥°ğŸ¥°ğŸ¥°ğŸ¥°,@mdbiplobbiplob435,mdbiplobbiplob435 ,0,0,2022-11-28,2023-01-30,77.1K,1176,779
ğŸ¥°,@bob_0404,à®¨à®¾à®®à¯ à®¤à®®à®¿à®´à®°à¯ à®¯à¯à®µà®©à¯à®°à®¾à®œ ,0,0,2022-11-28,2023-01-30,77.1K,1176,779
ğŸ¥°,@singh_tervinderjit_gill,Singh Tervinderjit gill ,0,0,2022-11-28,2023-01-30,77.1K,1176,779
ğŸ¥°ğŸ¥°ğŸ¥°,@fbee8990,Natasha Ucci ,0,0,2022-11-28,2023-01-30,77.1K,1176,779
ğŸ¥°ğŸ¥°ğŸ¥°ğŸ¥°,@d.k.naga5320,BOB MARLEY 2 ,0,0,2022-11-28,2023-01-30,77.1K,1176,779
ğŸ¥°,@sambalcrispynanny,Sambal garing meroyan ,0,0,2022-11-28,2023-01-30,77.1K,1176,779
ğŸ¥°,@ikankeli597,ikankeli597 ,0,0,2022-11-28,2023-01-30,77.1K,1176,779
ğŸ¥°ğŸ¥°ğŸ¥°ğŸ¥°,@ewanzukey,ewanzukey ,0,0,2022-11-28,2023-01-30,77.1K,1176,779
ğŸ¥°ğŸ¥°,@vidashraf4,vidashraf4 ,0,0,2022-11-28,2023-01-30,77.1K,1176,779
ayah u best star ğŸŒŸ Malaysia..,@sathiyarajsathiya0330,sathiya ,1,0,2022-11-28,2023-01-30,77.1K,1176,779
ğŸ‘,@orchids.decor_exclusive,Etty | Orchids Decor ,0,0,2022-11-28,2023-01-30,77.1K,1176,779
ğŸ¥°ğŸ¥°ğŸ¥°ğŸ¥°,@anu0913,lydia anusha ,0,0,2022-11-28,2023-01-30,77.1K,1176,779
ğŸ¥°ğŸ¥°ğŸ¥°ğŸ¥°,@naseebgul828,naseebgul buner828 ğŸ‡µğŸ‡°â¤ï¸ğŸ‡²ğŸ‡¾ ,0,0,2022-11-28,2023-01-30,77.1K,1176,779
ğŸ¥°ğŸ¥°ğŸ¥°,@suratkhamkeo,suratkhamkeo ,0,0,2022-11-28,2023-01-30,77.1K,1176,779
â¤ï¸,@defeyz_99,DeFey^_^. ,0,0,2022-11-28,2023-01-30,77.1K,1176,779
ğŸ¥°ğŸ¥°ğŸ¥°,@munu638,shiva Hock Wan ,0,0,2022-11-28,2023-01-30,77.1K,1176,779
ğŸ˜…,@ismailrahman660,ismailrahman660 ,0,0,2022-11-28,2023-01-30,77.1K,1176,779
ğŸ¥°,@marioswag1804,marioswag1804 ,0,0,2022-11-28,2023-01-30,77.1K,1176,779
ğŸ¥°,@maizatulfazlianaaizz0,MaizatulFazlianaAizz ,0,0,2022-11-28,2023-01-30,77.1K,1176,779
ğŸ‘ğŸ‘ğŸ‘,@dy6ebcnv3le2,uraaaaa ,0,0,2022-11-28,2023-01-30,77.1K,1176,779
ğŸ¤£ğŸ¤£ğŸ˜‚ğŸ˜…ğŸ¤ŸğŸ¤ŸğŸ¤™âœŒï¸,@adnab123456,ADNAN47 ,1,0,2022-11-28,2023-01-30,77.1K,1176,779
â™¥ï¸â™¥ï¸â™¥ï¸,@arzu7711,atiya ,0,0,2022-11-28,2023-01-30,77.1K,1176,779
âœŒâœŒâœŒğŸ’ª,@loges013,loges013 ,0,0,2022-11-28,2023-01-30,77.1K,1176,779
ğŸ˜…,@sharulnizam5662,Sharul Nizam ,0,0,2022-11-28,2023-01-30,77.1K,1176,779
awesome,@magenpd,magenpd ,0,0,2022-11-28,2023-01-30,77.1K,1176,779
ğŸ¥°ğŸ¥°ğŸ¥°,@bishnudhital7,à¤¬à¤¿à¤·à¥à¤£à¥ à¤ªà¥à¤°à¤¸à¤¾à¤¦ à¤§à¤¿à¤¤à¤¾à¤² ,0,0,2022-11-28,2023-01-30,77.1K,1176,779
Amin,@007407lan,Roslan bin Ajumi ,0,0,2022-11-28,2023-01-30,77.1K,1176,779
ğŸ˜ğŸ˜ğŸ˜ğŸ˜ğŸ˜,@anokmeli,ayam api ,0,0,2022-11-28,2023-01-30,77.1K,1176,779
ğŸ¥°ğŸ¥°ğŸ¥°,@kaungmyatkyaw7002,kaungmyatkyaw7002 ,0,0,2022-11-28,2023-01-30,77.1K,1176,779
ğŸ¥°ğŸ¥°ğŸ¥°,@kucate_deleesha,kucate_deleesha ,0,0,2022-11-28,2023-01-30,77.1K,1176,779
ğŸ¥°,@sofiesofiea,SofieSofiea ,0,0,2022-11-28,2023-01-30,77.1K,1176,779
ğŸ¥°ğŸ¥°,@abangbuds,Abg.Buds ,0,0,2022-11-28,2023-01-30,77.1K,1176,779
â¤ï¸â¤ï¸â¤ï¸â¤ï¸â¤ï¸,@naetuls,naetulsğŸ’• ,0,0,2022-11-28,2023-01-30,77.1K,1176,779
ğŸ¥°ğŸ¥°ğŸ¥°,@mesrashop33,Mesrashop33 ,0,0,2022-11-28,2023-01-30,77.1K,1176,779
ğŸ¥°,@sahzar1978,sahzar ,0,0,2022-11-28,2023-01-30,77.1K,1176,779
ğŸ¥°ğŸ¥°,@hakim_ibrahim3770,hakim_ibrahim ,0,0,2022-11-27,2023-01-30,77.1K,1176,779
ğŸ¥°,@ajcustom0,speed tiun 84 ,0,0,2022-11-27,2023-01-30,77.1K,1176,779
ğŸ¥°,@parlimentambunofficial,parlimentambunofficial ,0,0,2022-11-27,2023-01-30,77.1K,1176,779
ğŸ¥°ğŸ¥°ğŸ¥°ğŸ¥°ğŸ¥°,@uncleshook,Uncle ,0,0,2022-11-27,2023-01-30,77.1K,1176,779
ğŸ¥°,@lindalin6716,lindalin6716ğŸ¥° ,0,0,2022-11-27,2023-01-30,77.1K,1176,779
ğŸ¥°ğŸ¥°ğŸ¥°ğŸ¥°ğŸ¥°ğŸ¥°,@gsbrihhhh,g sbrih... ,0,0,2022-11-27,2023-01-30,77.1K,1176,779
ğŸ¥°ğŸ¥°,@nurulmagdelyn,Nurulmagdelyn ,0,0,2022-11-27,2023-01-30,77.1K,1176,779
ğŸ¥°ğŸ¥°ğŸ¥°,@mohdwira83,mohdwira83 ,0,0,2022-11-27,2023-01-30,77.1K,1176,779
ğŸ‘ŒğŸ‘ŒğŸ‘ŒğŸ‘ŒğŸ‘ŒğŸ‘ŒğŸ‘ŒğŸ‘ŒğŸ‘ŒğŸ‘ŒğŸ‘ŒğŸ‘ŒğŸ‘ŒğŸ‘ŒğŸ‡²ğŸ‡²,@kwebekwebealom,sobealom ,0,0,2022-11-27,2023-01-30,77.1K,1176,779
ğŸ¥°ğŸ¥°ğŸ¥°ğŸ¥°ğŸ¥°,@mdabuhassan20,ğŸ·Bad boy ğŸ¾ ,0,0,2022-11-27,2023-01-30,77.1K,1176,779
ğŸ˜ğŸ˜ğŸ˜,@shahidan_3,shahidan_3 ,0,0,2022-11-27,2023-01-30,77.1K,1176,779
ğŸ¥°ğŸ¥°ğŸ¥°ğŸ¥°ğŸ¥°ğŸ¥°,@mdimranmdimran331,Mdimran Mdimran ,0,0,2022-11-27,2023-01-30,77.1K,1176,779
Mashallah,@user601663101,Tik Toker ,0,0,2022-12-22,2023-01-30,77.1K,1176,779
ğŸ˜ğŸ˜ğŸ˜,@fudai36,fudai36  chew ,0,0,2022-11-28,2023-01-30,77.1K,1176,779
ğŸ‡¹ğŸ‡­ğŸ‡¹ğŸ‡­ğŸ‡¹ğŸ‡­â˜ï¸â˜ï¸â˜ï¸ğŸ¤²ğŸ¤²ğŸ¤²ğŸ¤²ğŸ¤²ğŸ¤²â¤ï¸â¤ï¸â¤ï¸â¤ï¸â¤ï¸â¤ï¸â¤ï¸,@user9420586663218,user9420586663218 ,0,0,2022-11-28,2023-01-30,77.1K,1176,779
qs2023ğŸ˜ƒğŸ˜„ğŸ˜ğŸ˜â˜ºï¸ğŸ˜ŠğŸ˜›,@m.shosalaff,m.shosalaf ,0,0,2022-11-28,2023-01-30,77.1K,1176,779
ğŸ‘ğŸ‘ğŸ‘ğŸ’—ğŸ’—ğŸ’—ğŸ‘ğŸ‘ğŸ‘ğŸ¥°ğŸ¥°ğŸ¥°,@yonglong8,å‹‡é¾™ ,0,0,2022-11-28,2023-01-30,77.1K,1176,779
papa,@mr_gondang,Mohd Azrul Hadi Alim ,0,0,2022-11-28,2023-01-30,77.1K,1176,779
ğŸ™„ğŸ«£,@melbournecity2021,Melbournecity2021 ,0,0,2022-11-28,2023-01-30,77.1K,1176,779
ğŸ¤²ğŸ¤²ğŸ¤²ğŸ¤²ğŸ¤²ğŸ•‹ğŸ•‹ğŸ•‹,@shamsul106,shamsul106 ,0,0,2022-11-28,2023-01-30,77.1K,1176,779
ğŸ˜,@azmiaziz410788,Azmi Aziz ,0,0,2022-11-28,2023-01-30,77.1K,1176,779
Harap dapat bawak Agama Islam dgn Telus dan Ikhas krn ALLAH.,@allipete88,â™¤ AlliPete â™¤ ,1,0,1-2,2023-01-30,77.1K,1176,779
sejarah negara mlysia yg patut di wawarkan pada semua anak cucu cicit kita pls cerita yg benar sebenarnya siapa dsai dan siapa 2 wanita hebat ini,@user6576379551616,user6576379551616 ,0,0,2022-12-21,2023-01-30,77.1K,1176,779
didikan ibu dan bapa yg beriman dan tawakal membuat yb izzah cekal dan kuat,@user6576379551616,user6576379551616 ,1,0,2022-12-21,2023-01-30,77.1K,1176,779
My favorits ğŸ‡µğŸ‡°ğŸ‡®ğŸ‡·ğŸ‡§ğŸ‡©ğŸ•ŒğŸ‡¸ğŸ‡¦ğŸ‡¹ğŸ‡·â¤ï¸ğŸ¥°ğŸ˜,@user8318069918833,user8318069918833 ,0,0,2022-12-2,2023-01-30,77.1K,1176,779
sebenarnya PM tu masih hensem ada wawasa,@fumatdaj,fu ,0,0,2022-12-1,2023-01-30,77.1K,1176,779
seronok ke menang??jadi pemimpin bukan nak bermegah megah tapi JALANkan tanggungjawab ANDA sebagai pemimpin,@ezwan999,ãƒ¯ãƒ³ ,0,0,2022-11-30,2023-01-30,77.1K,1176,779
#DemiPertiwi,@armansah8922,Boyor Toboyo ,1,0,2022-11-30,2023-01-30,77.1K,1176,779
Hope your dad can change Malaysia ğŸ‡²ğŸ‡¾ğŸ‘ğŸ‘ğŸ’ª,@user8128719719394,B Cawnry ,0,0,2022-11-29,2023-01-30,77.1K,1176,779
ğŸ‡²ğŸ‡¾ğŸ‡²ğŸ‡¾ğŸ‡²ğŸ‡¾ğŸ‡²ğŸ‡¾ğŸ‡²ğŸ‡¾,@gaurabrana05,gaurabrana588 ,0,0,2022-11-29,2023-01-30,77.1K,1176,779
ada chance jadi ahli keluarga..ğŸ˜‚,@ahkhoocarya,ahkhoocarya ,0,0,2022-11-28,2023-01-30,77.1K,1176,779
YB... Tlg bgth PAPA bantu kami menuntut pembelaan atas kematian ank2 kami tragedi kebakaran tahfiz ittifaqiyah keramat 23 org meninggal.. 5 tahun dah.,@aniqqq96,Aniqq ,0,0,2022-11-28,2023-01-30,77.1K,1176,779
tlg bagi tau daddy cepat kan pengeluaran kwsp 2.0... byk nak bayar ni,@scopiontiger,Scopion Tiger ,0,0,2022-11-28,2023-01-30,77.1K,1176,779
Tanggung jawab besar yg besar lakukan yg terbaik bukan hanya di dunia saja ..,@23.2.23,New Opperator .. ,0,0,2022-11-28,2023-01-30,77.1K,1176,779
"Mantap DSAI adalah tokoh Malaysia paling berpengaruh di mata dunia ,,,tp baru sekarang rakyat Malaysia sadari,,, selamat menjadi PM ke-10",@aan.armaitofficial,Aan Armait ,0,0,2022-11-28,2023-01-30,77.1K,1176,779
semua fitnah akan menjadi berkat...kerana Allah adalah hakim yg adil..drp Solina Tukapan dari Sabah.tq,@flowero.10,User00 ,0,0,2022-11-28,2023-01-30,77.1K,1176,779
bila harga minyak nak turun ğŸ˜‚,@raid_nadhif,Mohamad Raid Nadhif ,0,0,2022-11-28,2023-01-30,77.1K,1176,779
Penyamun mana?ğŸ˜‚,@irwan1176,WanzğŸ™‹â€â™‚ï¸ ,0,0,2022-11-28,2023-01-30,77.1K,1176,779
Ini lah PM yg berjiwa rakyat....,@zackzainal0065,Zack ,0,0,2022-11-28,2023-01-30,77.1K,1176,779
tak perlu bagi tau.. kami tau..,@goodnaveen,goodnaveen ,0,0,2022-11-28,2023-01-30,77.1K,1176,779
Allah yg maha berkuasa...wpun ambil masa ... Alhamdulillah Ayahanda menerintah,@eizagemini,Eiza MY  Gemini ,0,0,2022-11-28,2023-01-30,77.1K,1176,779
"Say to you u DAD,where Times come to play again Badminton.IN.0-0",@tiktoknameo,mazOnedadewN ,0,0,2022-11-28,2023-01-30,77.1K,1176,779
Islamic Family.. Didikkan agama yg terbaek.. Alhamdulillah..,@rizalshah06,rizal shah ,0,0,2022-11-28,2023-01-30,77.1K,1176,779
Tak turun padang buat kerja Hoi Hoiya Hoi geng penyamun hoi,@devadev198,Deva Dev ,0,0,2022-11-28,2023-01-30,77.1K,1176,779
tahniah diucapkan kepada semua pemimpin 2 Malaysia yg cukup baik skrg ni..,@mjworks237,mj ,0,0,2022-11-28,2023-01-30,77.1K,1176,779
hargai lah selagi ada ibu Dan ayah...,@yeoppukayy,ğŸ¦ˆYeop UkayğŸ¦ˆ ,0,0,2022-11-28,2023-01-30,77.1K,1176,779
my usben?!!,@seriau.com,selaseh eklusif ,0,0,2022-11-28,2023-01-30,77.1K,1176,779
Tumpang gembira,@mohammadadamismailyahya,AdamAlone ,0,0,2022-11-28,2023-01-30,77.1K,1176,779
serius jee muka,@azmanrosli613,azman2022 ,0,0,2022-11-28,2023-01-30,77.1K,1176,779
boleh tak tnya bapak bile nk turun hrga minyak oii,@ahmadzamani90,ahmadzamani90 ,0,0,2022-11-28,2023-01-30,77.1K,1176,779
pemimpin tulus macam ne..kenapa tak dari dulu lagi??,@new_tobirchk91,King_Nazareth ,0,0,2022-11-28,2023-01-30,77.1K,1176,779
turunkan harga petrol oiii,@azfardny,azfarğŸ‡²ğŸ‡¾ ,0,0,2022-11-28,2023-01-30,77.1K,1176,779
tkda gmbar tebaru ke ğŸ˜‚,@nazirulnorizan,BaliAis ,0,0,2022-11-28,2023-01-30,77.1K,1176,779
Dedy piple Malaysia,@rayhanaditya78,Rayhan Aditya ,0,0,2022-11-28,2023-01-30,77.1K,1176,779
campur,@delishazandrabintishahru,delisha zandra binti shahrul ,0,0,2022-11-28,2023-01-30,77.1K,1176,779
I'm a Singaporean. I respect your dad . he's the hero for your country,@jkumar364,jkumar364 ,0,0,2022-11-28,2023-01-30,77.1K,1176,779
tadbir la dengan baik..tinggi kan martabat islam dn perlembagaan..sy sokong awk walau undi PAS,@nassurzu,NasSurzu ,0,0,2022-11-28,2023-01-30,77.1K,1176,779
Kami nak pengeluaran duit KWSP 30%,@siansian87,SianSian87 ,0,0,2022-11-28,2023-01-30,77.1K,1176,779
Aljabbar aljuburi. Mampus doh Malaysia pahni.,@alia21242,Mira ,0,0,2022-11-28,2023-01-30,77.1K,1176,779
"to long naikan harga lantai untuk getah d Sabah rm3.50 sekilo, kesian kita d Sabah sblm ni tidak d pedulikan",@mylviekisi,mylviekisi ,0,0,2022-11-28,2023-01-30,77.1K,1176,779
smuga hubungan Malaysia dan Indonesia tambah erat,@putra_jatim93,@jatim putra ,0,0,2022-11-28,2023-01-30,77.1K,1176,779
"dek u ate not a politician,not a leader...ur political career is based on REVENGE..u havecwasted all ur life on POLITICAL REVENGE for DSAI only..nothing GOOD comes frm u all these wasted lives..",@cekluk03,mamangmiang ,0,0,2022-11-28,2023-01-30,77.1K,1176,779
"u should have turun padang more, at least ur dad would have got 1 extra seat",@roaringlion69,Roaringlion ,0,0,2022-11-28,2023-01-30,77.1K,1176,779
mana nk cari family papa pm mama ex dpm anak wakil rakyat dlm dunia yg still alive..most pwrfull family in msia,@dxnishikhwan,Danish Ikhwan ,0,0,2022-11-28,2023-01-30,77.1K,1176,779
real acc Nurul izzah ke ni...or just her follower,@__n__78,damn gojessğŸ˜ŒğŸ¤ª ,0,0,2022-11-27,2023-01-30,77.1K,1176,779
Lillah Billah Minallah,@abubakaromar58,abubakaromar58 ,0,0,2022-11-30,2023-01-30,77.1K,1176,779
neci,@bahmuin,yopiku ,0,0,2022-11-28,2023-01-30,77.1K,1176,779
ğŸ¥°ğŸ¥°,@wildford0061,ğŸ’Â¹â·Wildford  Wong ,0,0,2022-11-29,2023-01-30,77.1K,1176,779
Tahniah...Alhamdulillah..,@zamagic76,Zam Zam Allakazam ,0,0,2022-11-28,2023-01-30,77.1K,1176,779
