,comment,username,nickname,likes,noOfRepliedComments,posted_date,extracted_date,video_likes,video_comments,video_shared,sentiment
0,dulu hang kata tun m.. la ni hang buat...dsai rethink this move..jgn banding dgn parti lain...,@azrimtheguns,Azrim ,42,0,13h ago ,2023-01-30,9270,4134,1192,negative
1,cerita p ramlee dulu tuan penasihat xdak gaji tapi dapt 20% ğŸ¤£ğŸ¤£ğŸ¤£,@freelancedesign3r,azha san ,471,0,12h ago ,2023-01-30,9270,4134,1192,positive
2,saya setuju sangat kalau PM melantik semua anak beranak dia menjadi menteri boleh jimat sebab x ambil gaji,@hassanlebai,hassanlebai ,289,0,12h ago ,2023-01-30,9270,4134,1192,negative
3,ğ™Ÿğ™ğ™ ğ™– ğ™¡ğ™–ğ™®ğ™–ğ™  ğ™©ğ™šğ™§ğ™ªğ™¨ğ™ ğ™–ğ™£ ğ™¨ğ™šğ™—ğ™–ğ™— ğ™£ğ™ªğ™§ğ™ªğ™¡ ğ™ğ™¯ğ™–ğ™ ğ™¡ğ™šğ™œğ™¨ğ™¨ğ™ ğ™®ğ™œ ğ™¥ğ™šğ™§ğ™¡ğ™ª ğ™™ğ™ ğ™—ğ™–ğ™¬ğ™– ğ™ ğ™šğ™©ğ™šğ™¢ğ™œğ™–ğ™ ğ™™ğ™–ğ™£ ğ™¡ğ™–ğ™®ğ™–ğ™ ,@atokyip,ğŸ‡¦â€ŠğŸ‡¹â€ŠğŸ‡´â€ŠğŸ‡°â€ŠğŸ‡¦â€ŠğŸ‡®â€ŠğŸ‡¸â€ŠğŸ‡¾ ,272,0,13h ago ,2023-01-30,9270,4134,1192,neutral
4,Stju prlntikn Nurul Izah.,@wartaaaaaaaaaaaaa,warta ,148,0,12h ago ,2023-01-30,9270,4134,1192,neutral
5,Ikut PMX la nak suruh anak dia bantu dia..dia lbh percaya kpd kebolehan anak dia..,@azurenolyn,AzurenJalaludin ,90,0,11h ago ,2023-01-30,9270,4134,1192,negative
6,Nurul Izzah qualify for the positionğŸ¥°,@radenhata,Rayden_Ghazi ,172,0,13h ago ,2023-01-30,9270,4134,1192,positive
7,hahaha smua kja free ada lg ka zman la ni...ğŸ˜‚ğŸ˜‚ğŸ˜‚ğŸ˜‚ sapa nk kja free dgn aku weiii,@hasrihasri09,Hasri Hasri ,106,0,12h ago ,2023-01-30,9270,4134,1192,negative
8,it's not about no salary but u r going against your own principals & integrity,@murugansiva246,murugansiva246 ,388,0,12h ago ,2023-01-30,9270,4134,1192,neutral
9,saiya cukup setuju klu anak beranak dilantik sebab dulu ada pembangkang dan pembangang menentang nepotism....ğŸ˜‚ğŸ˜‚ğŸ˜‚,@fatamorgana_79,fatamorgana ,72,0,12h ago ,2023-01-30,9270,4134,1192,negative
10,Alhamdulillah ğŸ¥°ğŸ‘ğŸ»ğŸŒ¹ğŸ‡²ğŸ‡¾ğŸ¤²ğŸ»,@pejuangkeadilan10,Pejuang Keadilan PMğŸ‡²ğŸ‡¾10 ,53,0,13h ago ,2023-01-30,9270,4134,1192,negative
11,Knp jg org takut btl deorang ambil gaji ni... Melampau kdng manusia oww,@ennien32,Enni En ,0,0,6m ago ,2023-01-30,9270,4134,1192,negative
12,hahaha....ikut aok lah nuar janji aok happy ğŸ˜‚,@tochumabuk,KHAIRUL ,0,0,9m ago ,2023-01-30,9270,4134,1192,negative
13,"bukan soal bayar atau tidak, ini 1 peluang yg baik untuk dia belajar memerintah negara..mungkin 1 hari nanti beliau akan jadi wanita PM Malaysia",@johnsanbooi,johnsanbooi ,0,0,10m ago ,2023-01-30,9270,4134,1192,positive
14,Bgi anak senang nak sruh2 fmly planâ€¦ğŸ˜,@azrizal85,wan8586 ,0,0,11m ago ,2023-01-30,9270,4134,1192,neutral
15,BT p la kuasa Ana yg punyağŸ˜‚ğŸ˜‚,@86.zali,zali lie ,0,0,11m ago ,2023-01-30,9270,4134,1192,negative
16,Jika menang MP PP jadi Menteri Penuh jika layak jadi Menteri Pendidikan katakan smmg wajar dilantik,@nainiemh,Nene ,0,0,12m ago ,2023-01-30,9270,4134,1192,negative
17,money and power .. different,@faz_ila75,faz aziz ,0,0,16m ago ,2023-01-30,9270,4134,1192,negative
18,TERBAIK DSAI ğŸ¥° semoga diberkati dilindungi diprmudahkan sgala urusan ğŸ¤²â™¥ğŸ™,@graciegrace83,g ,1,0,24m ago ,2023-01-30,9270,4134,1192,positive
19,PMX dah Bincang dgn Menteri Kewangan pasal ni...jgn risau perbincangan PMX dgn Menteri Kewangan luluskan Pelantikan tersebut ğŸ˜‚ğŸ˜‚,@the.elephant555,ğŸ‡¹ğŸ‡­Thai Number 1 ğŸ‡¹ğŸ‡­ ,1,0,33m ago ,2023-01-30,9270,4134,1192,negative
20,alhamdulillah,@kulin1966,kulin1966 ,0,0,32m ago ,2023-01-30,9270,4134,1192,negative
21,ğŸ˜‚ğŸ˜‚ğŸ˜‚ğŸ˜‚ğŸ˜‚ğŸ˜‚ğŸ˜‚ğŸ˜‚ğŸ˜‚ğŸ˜‚,@adzrayaya,adzrayaya ,0,0,34m ago ,2023-01-30,9270,4134,1192,negative
22,noh Dia pusing blk,@elusi999,elusi 999 ,0,0,36m ago ,2023-01-30,9270,4134,1192,negative
23,kita kasi spinnnnğŸ˜‚ğŸ˜‚ğŸ˜‚,@angler_peminatkasut,solorandukangler ,0,0,38m ago ,2023-01-30,9270,4134,1192,positive
24,mana blh tok..kurang2 bagi ler duit minyak ngn minum..sian dia..terbaik la..,@dahim189,dahim189 ,0,0,40m ago ,2023-01-30,9270,4134,1192,positive
25,"tak salah pun,, ia lagi memudahkan kerja-kerja membantu mentadbir wang negara.. mudah berbincang bila ambil anak beranak ni..",@jejakaensem._,jejakaensem8 ,0,0,41m ago ,2023-01-30,9270,4134,1192,positive
26,hmm)mm,@mizandanial,MizanDanial ,0,0,42m ago ,2023-01-30,9270,4134,1192,neutral
27,setuju sebab PM dah bincang dengan menteri kewangan dan kedua2 nya setuju lantik nurul izzah....terbaik pilihan PM dan menteri kewanganğŸ˜,@maelsaad77,mael ,0,0,42m ago ,2023-01-30,9270,4134,1192,negative
28,ğŸ˜ğŸ˜ğŸ˜ğŸ˜,@fairus605,user825541 ,0,0,42m ago ,2023-01-30,9270,4134,1192,negative
29,"terbaik dsai. memulih ekonomi kesan penyamun mmg susah. anak sendiri oklah , panggil anak org lain mmg nak mcm2ğŸ˜…",@hd_cojack,hd_cojack ,1,0,43m ago ,2023-01-30,9270,4134,1192,positive
30,"rasanya jika anwar terus dgn caranya sendiri tanpa berbincang jemaah menteri,tak lama dia ini perdana menteri",@capten708,BC/BUS CAPTEN 26 ,0,0,43m ago ,2023-01-30,9270,4134,1192,negative
31,tp pemandu da . mkn ada.. tol..oil.. . smua di taja kan.. ke x jgk,@pais6666,sâ¶â´ğŸŒ¾ğŸª…ğŸŒ¾ente ,0,0,44m ago ,2023-01-30,9270,4134,1192,negative
32,ğŸ˜‚ğŸ˜‚ğŸ˜‚ğŸ¤£ğŸ¤£ğŸ¤£ğŸ¤£kena2,@faisalrahim116,faisalrahim116 ,0,0,45m ago ,2023-01-30,9270,4134,1192,neutral
33,Bkn ada asas dlm bidang tu..knp harus dilantik dia wlaupun x dibayar gaji..,@piewitt,Laksmana dhamburi ,0,0,46m ago ,2023-01-30,9270,4134,1192,negative
34,yelah tu..,@zueibrahim_75,exora javanica ,0,0,47m ago ,2023-01-30,9270,4134,1192,neutral
35,Ini undang2 sangat bagus..undang2 ini ..dipanggil family planning..,@mohdazizol1,Azizol ,5,0,49m ago ,2023-01-30,9270,4134,1192,negative
36,Hoorayyy ğŸ¥°ğŸ¥°,@izzatzikrimusa,IzzatzikriMusa ,0,0,50m ago ,2023-01-30,9270,4134,1192,negative
37,Nurul izzah ni kira buat praktikal la. kami nk tgk offer letter bleh,@simple.brutal.joking,Akmal Bond Radzi ,0,0,51m ago ,2023-01-30,9270,4134,1192,positive
38,ğŸ˜‚ğŸ˜‚ğŸ˜‚ğŸ˜‚ğŸ˜‚ saya percaya,@muhammadkhaidilha,Kojek MT09 ,0,0,53m ago ,2023-01-30,9270,4134,1192,positive
39,org lain da tk de kee..anak2 lain tak ajak skli kr,@zaidinabakar,zaidinabakar ,0,0,54m ago ,2023-01-30,9270,4134,1192,negative
40,I understand but u can hired other than nurul,@winwinbala,WINWINBALA ,0,0,56m ago ,2023-01-30,9270,4134,1192,positive
41,dah mulakan langkah pertama..,@69bangtunggal,aku Azmie#hidupharustenang ,1,0,57m ago ,2023-01-30,9270,4134,1192,neutral
42,"Dia menteri kewangan ... pgng duit bebbb.
Nti sape thu bgi ke x bgi ğŸ˜ğŸ˜ğŸ˜",@anddn64,.. ,0,0,58m ago ,2023-01-30,9270,4134,1192,negative
43,tuan penasihat 20persen...kami tau dh p.ramlee dh cite dulu lg...ğŸ¤£,@emadon83,EmaDon83 ,1,0,58m ago ,2023-01-30,9270,4134,1192,negative
44,ingatkan rakyat Sokong And last rakyat Kecam Trus Cakap tak bayar gaji ğŸ˜‚ğŸ˜‚ğŸ˜‚,@ohmykagura3,OhMy ,1,0,58m ago ,2023-01-30,9270,4134,1192,negative
45,Dalam berjuta rakyat Malaysia tidak ada lagi ker manusia yang terbaik untuk dilantik atau diambil selain Dr family sendiri..,@airil634,Airil iskandar ,0,0,59m ago ,2023-01-30,9270,4134,1192,positive
46,sy sokong PM lantik anak branak die ntok mnjimatkan kos perbelanjaan negara...,@alb0p1ctu5,alb0p1ctu5 ,0,0,1h ago ,2023-01-30,9270,4134,1192,negative
47,"semua ceta tak ambik gaji,ada juga org keja tak mau gaji.pas nak slh kan org lain",@abgoun1973,lorengbajukenagan ,0,0,1h ago ,2023-01-30,9270,4134,1192,negative
48,saya hadir utk baca comment saja,@angelofnomercy1,Chicago's 7th â™°â™°â™± ,1,0,1h ago ,2023-01-30,9270,4134,1192,positive
49,"Boleh percaya ke, rakyat malaysia tahu ke Dato Seri bayar gaji senyap2 atau ada bukti ke Dato Seri tak bayar gaji, bayar ke tak bayar ke mana tahu",@zackmaster1971,Zack master ,0,0,1h ago ,2023-01-30,9270,4134,1192,neutral
50,tuan penasihat 25% ğŸ¥°,@user8571727549999,KELAH ,0,0,1h ago ,2023-01-30,9270,4134,1192,negative
51,terbaek DSAI.. sy takde masalah sbb Nurul izzah mmg hebatğŸ‘,@baienan,Baie Nan ,0,0,1h ago ,2023-01-30,9270,4134,1192,positive
52,Good job ğŸ‘ğŸ» jangan sampai berjimat sampai issue2 & duit rakyat pon tkdpt dibayar & dilunaskan #kwsp #nurulizzah,@_deeanuarr,Manis teh beng ,1,0,1h ago ,2023-01-30,9270,4134,1192,negative
53,ikot suka Ang la Nuar oiiii...Nak lantik Sapa pn..ğŸ¤£ğŸ¤£ğŸ¤£,@arm_crj,Arm_CrJ ,0,0,1h ago ,2023-01-30,9270,4134,1192,negative
54,ada lagi la yak orang berkerja tk nk gaji dlm tahun 2023 ni yak,@wmg_4182,wmg_4182 ,1,0,1h ago ,2023-01-30,9270,4134,1192,negative
55,kahkahkah...jawapan spin yg telah dijangka....ğŸ˜‚ğŸ˜‚ğŸ˜‚ğŸ˜‚....tanpa gaji,@azliemsidek,azliemsidek ,0,0,1h ago ,2023-01-30,9270,4134,1192,neutral
56,ğŸ˜‚ğŸ˜‚ğŸ˜‚ğŸ˜‚ spin...,@azliemsidek,azliemsidek ,0,0,1h ago ,2023-01-30,9270,4134,1192,negative
57,tapi elok juga kerana ramai menteri PMX tak boleh di beri kepercayaan selepas dipileh.,@ghanishafie,ghanishafie ,2,0,1h ago ,2023-01-30,9270,4134,1192,negative
58,jimat betulğŸ˜‚,@farisizskandar,Fath Faris Iszkandar ,0,0,1h ago ,2023-01-30,9270,4134,1192,positive
59,great sacrifice,@user5708024329525,Nico boy ,0,0,1h ago ,2023-01-30,9270,4134,1192,negative
60,family party where the fought very long. he knows what he is doing.jealous of him only always complain.give him a chance and will see the result.past,@ramlahbegum53,Ramlahbegum53 ,0,0,1h ago ,2023-01-30,9270,4134,1192,neutral
61,l think Anwar knows what he is doing.give him a chance and he will shows the result.stop excuseing him.jealous people are against him.this party was a,@ramlahbegum53,Ramlahbegum53 ,0,0,1h ago ,2023-01-30,9270,4134,1192,neutral
62,tak payah ckp laaaa bayar ke tak ...yg aku perhati skrg nk berurusan di pjbt kerajaan seksa betul Skrang ..,@cahayashahid1,cahaya syahid ,0,0,1h ago ,2023-01-30,9270,4134,1192,positive
63,yoooo lah tuuuuuu,@shafirmafatimah,shafirmafatimah ,2,0,1h ago ,2023-01-30,9270,4134,1192,neutral
64,"btul le PM 10 tak bayar, tpi kerajaan yg byar kot....",@usert6ffan2kj4,Firasah hati ,0,0,1h ago ,2023-01-30,9270,4134,1192,negative
65,right candidateğŸ¥°ğŸ¥°ğŸ¥°,@metal_rock_soil,Saudagar Wayang Kulit ,1,0,1h ago ,2023-01-30,9270,4134,1192,positive
66,x kan menteri kewangan terbaik perlu penasihat lagi...,@mohdfahmi4637,mohdfahmi4637 ,1,0,1h ago ,2023-01-30,9270,4134,1192,negative
67,Lantik la kak wan sbg penasihat kiri. ğŸ˜‚,@nursailaaziz,user1728530860654 ,0,0,1h ago ,2023-01-30,9270,4134,1192,positive
68,ikot hang la...mana kami tau bayaq ke x bayaqğŸ˜‚ğŸ˜‚,@sanihassan7381,Sani ,2,0,1h ago ,2023-01-30,9270,4134,1192,negative
69,"kalau mcm tu tolong lantik keluarga anwar,sepupu sekali,sepupu 2 kali jd menteri supaya semua x perlu di bayar",@gooddevil82,farid isyak ,0,0,1h ago ,2023-01-30,9270,4134,1192,negative
70,"trbaik dato...lantik lg ank brnak,..",@junaidirahim155,Junaidi Rahim155 ,0,0,1h ago ,2023-01-30,9270,4134,1192,positive
71,Saya pun selalu dapatkan nasihat dari anak2 dan suami dalam hal kerja sayaâ€¦â€¦,@user2751817325181,zahanom ,1,0,1h ago ,2023-01-30,9270,4134,1192,positive
72,Oo Ok2,@joehenddrry,Dinoarifin ,0,0,1h ago ,2023-01-30,9270,4134,1192,neutral
73,tak kan lah kerajaan ini hak keluarga .politik keluarga,@user1782196720177,user1782196720177 ,0,0,1h ago ,2023-01-30,9270,4134,1192,negative
74,Teruskan perjuangan,@mercurahmat,DOL wak dol ,0,0,1h ago ,2023-01-30,9270,4134,1192,positive
75,masalah sekarang rakyat mau apa yg rakyat mnta too,@yopmagic,YoprayyanMagic ,0,0,2h ago ,2023-01-30,9270,4134,1192,negative
76,kjaan keluarga.. politik keluarga,@chikksiti345,chikksiti345 ,1,0,2h ago ,2023-01-30,9270,4134,1192,negative
77,x d byr elaun....mcmana kemudahan2 yg lain....pej/kenderaan dll,@acikpencen,Acikpencen ,0,0,2h ago ,2023-01-30,9270,4134,1192,positive
78,"budak kecik bolih bolih tahu,.. tk ada ore yg nk bekerja tanpa gaji,..ğŸ˜‚",@tengku884,user870638041910 ,0,0,2h ago ,2023-01-30,9270,4134,1192,negative
79,ulang alik ke pejabat jln kaki ker..? rumah dll byr sendiri...?,@algjef,algjef ,0,0,2h ago ,2023-01-30,9270,4134,1192,neutral
80,"papa ingat nak padang padang golf la kat atas langit....tp kos bilion2....
sebagai penasihat saya setuju....ğŸ˜ğŸ˜ğŸ˜",@mie_osham,user7977066051829 ,0,0,2h ago ,2023-01-30,9270,4134,1192,positive
81,Mantap DSA.. Pilihan yg tepat biarkn mreka yg menyalak krna kelaparan dngn jwatantu..,@kakarotgoku111,goku ,1,0,2h ago ,2023-01-30,9270,4134,1192,negative
82,kerajaaan lain dh niğŸ˜‚ğŸ˜‚ğŸ˜‚,@arizyaya1717,Aes87 ,0,0,2h ago ,2023-01-30,9270,4134,1192,neutral
83,ermmm...,@samgupal,MMABEST SHOP ,0,0,2h ago ,2023-01-30,9270,4134,1192,negative
84,ini kewangan negara bang bukan kewangan keluarga anuar..bukan masaalah Bayar ke tak..mana reforbasi selama ni,@zainalabidin36957,zainalabidin36957 ,0,0,2h ago ,2023-01-30,9270,4134,1192,neutral
85,betul..disarankan semua menteri ambil anak beranak jd penasihat tanpa gaji elaun spya negara cepat maju.,@honda4621,Honda4621 ,0,0,2h ago ,2023-01-30,9270,4134,1192,positive
86,lantik la anak2 menakan sama jadi penasihat baru meriah putrajaya..ğŸ˜‚ğŸ˜‚ğŸ˜‚,@daush82,daush82 ,1,0,2h ago ,2023-01-30,9270,4134,1192,positive
87,Jgn cuba buat sesuatu yg kurang disenangi oleh banyak pihak.tdak dibayar alaun itu bukan isu.,@arnolddifa,arnolddifa ,1,0,2h ago ,2023-01-30,9270,4134,1192,negative
88,"Dulu anak dia ckp PM tak bole jd menteri kewangan, tp skang anak beranak sapu jawatan",@fuadg18,Fuad_GS ,3,0,2h ago ,2023-01-30,9270,4134,1192,positive
89,25 % untuk penasihat,@sauci14,SauCi14 ,2,0,2h ago ,2023-01-30,9270,4134,1192,positive
90,No prob that internship for her to be next leader. Instead no pay anymore. No issue.,@yua3026,Yus sof ,0,0,2h ago ,2023-01-30,9270,4134,1192,negative
91,"ejah rama lagi anok branok pmx ,jimat banyok pitih kerajaan,kije saje xyoh bayoğŸ˜‚ğŸ˜‚ğŸ˜‚ğŸ˜‚ğŸ˜‚",@dmalaya66,d'malaya ,1,0,2h ago ,2023-01-30,9270,4134,1192,negative
92,nk ketawa je lağŸ˜‚ğŸ˜‚ğŸ˜‚,@jonn6670,sam ,0,0,2h ago ,2023-01-30,9270,4134,1192,negative
93,ğŸ˜‚ğŸ˜‚ğŸ˜‚ğŸ˜‚,@abeetembila,Abeetembila ,0,0,2h ago ,2023-01-30,9270,4134,1192,negative
94,fuhh adun tualang sekah ade tu..steady le chor azlan..,@donxalejandro,Don Alejandro ,0,0,2h ago ,2023-01-30,9270,4134,1192,negative
95,conflict on interest ni...gaji xde tu lain cite tp decision yg melibatkn opinion tu mampu menyebelahi pihak sendiri...tu yg x blh sbenarnya...,@bondapijah,bondapijah ,0,0,2h ago ,2023-01-30,9270,4134,1192,negative
96,elok amik semua ahli keluarga..keje di kabinet dsai,@zulkifleeramlee,zulkifleeramlee ,0,0,2h ago ,2023-01-30,9270,4134,1192,positive
97,BILA DAH BERKUASA APA PUN HALAL DAN BOLEH....ASAL KAN SEGALA HASRAT TERCAPAI.....TAHNIAH DI UCAPKAN KEPADA PM YANG KE 10....,@user5726535229279,Nik Nur Amalia Najwa ,1,0,2h ago ,2023-01-30,9270,4134,1192,negative
98,Super,@rajusivan65,Raju Sivan65 ,0,0,2h ago ,2023-01-30,9270,4134,1192,negative
99,ğŸ˜‚ğŸ˜‚ğŸ˜‚ğŸ˜‚lawak bng nonn...,@yongchuby,yong_afy237 ,0,0,2h ago ,2023-01-30,9270,4134,1192,negative
100,terbaik DSAI...,@norlezanorlynawadah,norlezanorlynawadah ,0,0,2h ago ,2023-01-30,9270,4134,1192,positive
101,lantik la jiran sekali. jkk taman tu sekali. penuhkan kat putrajaya . senang,@abu.hanzalah,Abu ğŸ¦ ,1,0,2h ago ,2023-01-30,9270,4134,1192,neutral
102,"tak jadi mslh klu I pilih siapa sja.jnji ada kelulusan,Dan jujur taat setia tak khianat negara.ğŸ¥°",@jeef277483,user3594782381334 ,0,0,2h ago ,2023-01-30,9270,4134,1192,negative
103,hermmm...ye ke,@atok6116,@Aki Laut@ ,0,0,2h ago ,2023-01-30,9270,4134,1192,neutral
104,alah this is better than â€˜Can I Advise you something?â€™ ğŸ˜œğŸ˜œ,@bradzick,BradZick ,0,0,2h ago ,2023-01-30,9270,4134,1192,positive
105,adakah Nurul izah berhak claim sebarang bentuk tuntutan berkaitan jawatan yg tk dibayar gaji?,@ppub_lebahbachok,Zul Dewa ,0,0,3h ago ,2023-01-30,9270,4134,1192,negative
106,sya setuju 100%.anak sendiri jujur dan telus dlm tugasan yg diberi.anak sendiri jujur..sng berbincang sbb sentiasa ada di sisi...mmg terbaik..,@jasminrimba,jasmin Rimba ,0,0,3h ago ,2023-01-30,9270,4134,1192,positive
107,utk jangka masa yg lama. logik ka xnak duit.. last2 duit rakyat d baham senyap2,@edwinsintiu,Edwin Sintiu ,0,0,3h ago ,2023-01-30,9270,4134,1192,positive
108,ni bkn soal gaji,@todak14563,YS faiz ,0,0,3h ago ,2023-01-30,9270,4134,1192,positive
109,ğŸ˜‚ğŸ˜‚ğŸ˜‚,@lumrahkehidupann,lumrah kehidupan ,0,0,3h ago ,2023-01-30,9270,4134,1192,negative
110,sudah lah rakyat nak tengok apa yang rakyat dapat utk kos sara hidup tinggi sekarang ni,@farid77841,farid77841 ,0,0,3h ago ,2023-01-30,9270,4134,1192,negative
111,janji banyak yg diabaikan ğŸ˜‚ğŸ˜‚ğŸ˜‚,@miliaamir8,miliaamir8 ,0,0,3h ago ,2023-01-30,9270,4134,1192,negative
112,Cakap,@aroiching2,aroi ching2 ,0,0,3h ago ,2023-01-30,9270,4134,1192,negative
113,yo ko,@shuljangut66,shuljangut66 ,0,0,8m ago ,2023-01-30,9270,4134,1192,neutral
114,saya ulanggg ğŸ˜,@nizam6046,nizam ,0,0,1h ago ,2023-01-30,9270,4134,1192,negative
115,anda yakin,@acuchams167,terbobarhatiden ,0,0,1h ago ,2023-01-30,9270,4134,1192,positive
116,bgs,@user9892611901409,Boy Aboi ,0,0,2h ago ,2023-01-30,9270,4134,1192,positive
117,"Ini bukan soal be gaji atau tidak , Ini soal kenapa tak pilih org lain yg berkelayakan dan bkn anak sdr.",@reza5515,Lola holla ,0,0,2h ago ,2023-01-30,9270,4134,1192,positive
118,terbaik lah dsai. klu ambil org lain nanti akan ada fitnah baru di buat olih musuh politik dsai . aku sokong 1000%,@malikripto,Malilau ,10,0,12h ago ,2023-01-30,9270,4134,1192,negative
119,ini baru PM yg btl2 naksejahterakan rakyat Malaysia.free tnpa gaji.sokong sampai bile DSAI terbaik,@uangringgit,uang ringgit ,10,0,12h ago ,2023-01-30,9270,4134,1192,negative
120,terbaik sebab dia layak,@user5681111540771,user5681111540771 ,23,0,13h ago ,2023-01-30,9270,4134,1192,positive
121,dulu kata PM xblh jd Menteri kewangan.. last2 dia buat boleh.. dulu kata xblh lantik anak beranak dlm kerajaan @ glc.. last2 dia boleh.. pusing2 ğŸ˜‚,@philloww,philharmonic ,16,0,13h ago ,2023-01-30,9270,4134,1192,positive
122,korang ni org politik sama je perangai.,@rapitseampunk,rapitseampunk ,0,0,1m ago ,2023-01-30,9270,4134,1192,negative
123,mmng la tk byar ap2 sbb pukul keliling tk pyh gji pn tkpa,@pencarirezeki4185,Pencari rezekiğŸŸ ,0,0,4m ago ,2023-01-30,9270,4134,1192,negative
124,dia kata x bayar elaun...dia x kata x bayar gaji......dia sebut apa2 elaun sahaja..ahhahahahaah,@eqwanmysa,Bang Sem Eqwan ,0,0,5m ago ,2023-01-30,9270,4134,1192,negative
125,hidup pm10,@_dzrq,_Dzrq ,0,0,14m ago ,2023-01-30,9270,4134,1192,negative
126,"sia2 ada degree, dpt kerja xde gajiğŸ˜…ğŸ˜…",@matjon655,Kndesign Collection ,0,0,14m ago ,2023-01-30,9270,4134,1192,positive
127,kokot hbs ank branak.dok puji Ank saje.pm yg lain2 xde plk pulak cmni..padan muka yg selok undi Pm kejam ni,@waty1976watyshamziella76,Waty 1976 ,0,0,17m ago ,2023-01-30,9270,4134,1192,negative
128,pmx bincang dgn menteri kewangan..menteri kewangan bincang dgn anak pmx...ğŸ˜‚,@akubukandiala,akubukandiala ,0,0,19m ago ,2023-01-30,9270,4134,1192,negative
129,SWING LIKE A PENDULUM,@abdullahhalim12,The_Journey ,0,0,27m ago ,2023-01-30,9270,4134,1192,neutral
130,"Sembang kencang,pasni ambik adik beradik hat lain pulak.utk nasihat kot lain pulak.ğŸ˜‚ğŸ˜‚ğŸ˜‚",@syedrhys,Syed Recond ,0,0,28m ago ,2023-01-30,9270,4134,1192,positive
131,"blh caya ke x adik gaji elaun, lbh2 lg elaun MP dh x de kalah PRU",@afiezsyazwan,Afiez Syazwan ,0,0,28m ago ,2023-01-30,9270,4134,1192,negative
132,bagi la rezeki kt org lain dan yg layak.. ni amik ank sndiri..,@halatuju_mohd_nizam,HalaTuju ,0,0,33m ago ,2023-01-30,9270,4134,1192,positive
133,poooodaaaahhhh!!!!ğŸ˜‚,@abzhady,abzhady ,0,0,39m ago ,2023-01-30,9270,4134,1192,negative
134,tun mahathir pun xpernah lantik anak dia jd manteri ka penasihat ka apa ka dlm kerajaan Malaysia,@abgwanfru,AbgWanFRU ,0,0,40m ago ,2023-01-30,9270,4134,1192,neutral
135,Maybe DSAI knws she is capable for this jobâ€¦ so why not?!,@crazerai,crazerai ,0,0,42m ago ,2023-01-30,9270,4134,1192,positive
136,mengarut,@user2781105560609,jess71 ,0,0,50m ago ,2023-01-30,9270,4134,1192,positive
137,suma ckpnye tak serupa bikin..barua,@anuarhamzahanuar,anuarhamzahanuar ,0,0,53m ago ,2023-01-30,9270,4134,1192,negative
138,pergi ke sana kesini...modal ceramah dia mesti banteras rasuah...tu je modal nk bagi org sokong kot..lama2 jemu org asyik modal sma ja,@jenggjengg3,newbie ,0,0,55m ago ,2023-01-30,9270,4134,1192,negative
139,anak dia ada berapa...lantik la semua...ğŸ˜‚ senang buat parlimen kat rumah..ğŸ˜‚ğŸ˜‚ğŸ˜‚ğŸ˜‚,@ybmarang,NaniBamğŸ‡²ğŸ‡¾ Y.B Marang ,0,0,56m ago ,2023-01-30,9270,4134,1192,negative
140,lantik laa belakerr anok beranok duk lam kerajaangg...foc...no salary....jimat duit kerajaangg..,@alyaamaisarah926,alyaamaisarah926 ,0,0,57m ago ,2023-01-30,9270,4134,1192,negative
141,"ğŸ˜‚ğŸ˜‚ğŸ˜‚,,masa pembangkang dia punya cakap,,ğŸ˜…,,puihhhhh",@azlin9467,Azlin9467 ,1,0,59m ago ,2023-01-30,9270,4134,1192,negative
142,lorrr..x mampu ke nk buat kerja sendiri..x mmapu rupanya...ğŸ˜‚ğŸ˜‚ğŸ˜‚ğŸ˜‚..mana penyokong2..wehh handal lah PM kita bab ekonomiğŸ˜‚ğŸ˜‚ğŸ˜‚,@ladyboss258,ladyboss258 ,0,0,59m ago ,2023-01-30,9270,4134,1192,negative
143,ğŸ˜‚ğŸ˜‚ğŸ˜‚ munafik moden,@amirhasri89,Amirhasri89 ,0,0,1h ago ,2023-01-30,9270,4134,1192,negative
144,rakyat tau ke dia tak di bayar gaji..,@ismailismail7680,Ismail.5145 ,0,0,1h ago ,2023-01-30,9270,4134,1192,negative
145,plahan2 hancurr negara ni,@manpiaw71,benf10 ,0,0,1h ago ,2023-01-30,9270,4134,1192,neutral
146,harap pmx lantik sekali suami Izah..lepas ni nak isi jawatan kosong,@bobmohamad256,Bob Mohamad256 ,0,0,1h ago ,2023-01-30,9270,4134,1192,negative
147,dengar boleh pcaya jgn dia ni dah byk sgt spin dpd start dia jd pm smua yg dia ckp dia langgar...ğŸ˜‚ğŸ˜‚ğŸ˜‚ğŸ˜‚ğŸ˜‚,@mia_nana91,mianana ,0,0,1h ago ,2023-01-30,9270,4134,1192,negative
148,sape tau pm byr gaji ke tidak,@pisanggorengkelate,pisanggorengkelate ,0,0,1h ago ,2023-01-30,9270,4134,1192,negative
149,ye lah... sama2 faham yeakkk.. Tak di byar gaji.. cakap boleh.. bukti Nye tidak,@syahmi2588,Syah88 ,0,0,1h ago ,2023-01-30,9270,4134,1192,negative
150,tk patut anak yg jd penasihat ayah..,@zakariaabdullah94,Zakaria Abdullah 945 ,0,0,1h ago ,2023-01-30,9270,4134,1192,negative
151,saya mencari pekerja. tp tu la free tau xde gaji xde elaun. siapa nak kerja pm segerağŸ˜…,@einaabdkarim,Puan Eina Abd Karim ,0,0,1h ago ,2023-01-30,9270,4134,1192,negative
152,minsters have looted millons and billions.give him a chance and we will know the result.a. down to earth person out of all past minsters never see the,@ramlahbegum53,Ramlahbegum53 ,0,0,1h ago ,2023-01-30,9270,4134,1192,neutral
153,huaaaaa......terbaik sngt .....ha ha ...kencing berlariğŸ˜‚,@pendustamaya2,PendustaMaya2 ,0,0,1h ago ,2023-01-30,9270,4134,1192,positive
154,memalukan....manusia macam ni pun ada. sekarang ALLAH SWT tunjukkan siapa sebenarnya Anuar....kaki kencing.,@atokrahim9w2aur,atokRahim21@9W2AuR ,0,0,1h ago ,2023-01-30,9270,4134,1192,positive
155,Nepotism nih bukan kira bergaji atau tidak bang.Please practice what you preach!,@fadzee_ke_tuuu,fadzeetussock ,0,0,1h ago ,2023-01-30,9270,4134,1192,neutral
156,jgn ingat rkyt bodoh...memang x ada gaji tapi peluang buat duit tu ada...,@abuhamidhamid87,abuhamidhamid87 ,0,0,1h ago ,2023-01-30,9270,4134,1192,negative
157,terbaik anak dan bapa kalau ada 10 org menteri macam ni Malaysia akan maju tapi banyak lagi yg mau curi duit rakyat,@intai968,intai968 ,0,0,1h ago ,2023-01-30,9270,4134,1192,negative
158,"nnt jangan lupa lantik semua sepupu sepapat, anak sedara, jiran tetangga masuk dlm kabinet. ini undangÂ² kanda yg bikin. itu semua boleh kasi padam..",@syedsuleyman,LÃ©manz ,0,0,1h ago ,2023-01-30,9270,4134,1192,negative
159,x dibayar gaji.....x dibayar gaji......alasan yg saya percaya...ğŸ˜‚ğŸ˜‚ğŸ˜‚ğŸ˜‚ğŸ˜‚ğŸ˜‚ğŸ˜‚,@jazmimuhammad,Jazmi Muhammad ,0,0,1h ago ,2023-01-30,9270,4134,1192,negative
160,dulu kata tun parti ank berank ..ni lagi la trk parti fmy full ..apa pun ckp takleh pakai,@sitiaidaaieril985,sitiaidaaieril985 ,0,0,1h ago ,2023-01-30,9270,4134,1192,negative
161,kaki kencing woii,@apiq886,HitAmMaNEhh ,0,0,1h ago ,2023-01-30,9270,4134,1192,negative
162,org nk dengo x bayar gaji org nk dengo KWSP bila nk di luluskan brg bila nk di turunkan harga telor bila nk selesaikan,@ampro007,Ampro Imah ,0,0,1h ago ,2023-01-30,9270,4134,1192,negative
163,dh terbiaso kencing habis semuo nk di kencing nyo adoiiyaiii ğŸ˜…ğŸ˜…ğŸ˜‚ğŸ¤£ğŸ¤£ğŸ¤£,@zharocka99,ZharockAğŸ¤ŸğŸ˜ ,0,0,2h ago ,2023-01-30,9270,4134,1192,neutral
164,cakap,@mohdmohdazni,BENDY REbus ,0,0,2h ago ,2023-01-30,9270,4134,1192,negative
165,PM nk cari org yg bole dipercayai dan menjadi mata ke2 utk pm..klu x pisang akn berbuah dua x,@nanajoe24,nanajoe24 ,0,0,2h ago ,2023-01-30,9270,4134,1192,negative
166,dh mula daa bt pelikÂ²,@tiungroko,user8927072839458 ,0,0,2h ago ,2023-01-30,9270,4134,1192,neutral
167,yolah tu kata tk byr bgi bukti dulu kata tk byrğŸ˜…,@abg.n4dz,Nâ›“ï¸Z ,0,0,2h ago ,2023-01-30,9270,4134,1192,negative
168,go head saja nanti cakap org kroni asal semua bolih ada jawatan k depan saja satu keluarga,@liklikko1984,liklikKO1984 ,0,0,2h ago ,2023-01-30,9270,4134,1192,negative
169,"integrity letak mana bai.. xkan kemana nya cara kau nk perintah negara... rakyat dikemudiankan, keluarga diutamakn.. bagus ğŸ‘ ğŸ‘",@noblessefai,noblessefai ,0,0,2h ago ,2023-01-30,9270,4134,1192,negative
170,Belambak ank2 cina dgn India sanggup Keja cara percuma kroni dlm umah jg di angkut..ğŸ˜ğŸ˜ğŸ˜ğŸ˜…,@mohdhatamohdhata,mohdhatamohdhata ,0,0,2h ago ,2023-01-30,9270,4134,1192,neutral
171,Bkn kite nmpk pon slip gaji diağŸ˜‚klu kaki kencing selamanye kaki kencing ğŸ˜‚MADANI.. Tu pon izah kantoi yg xthu lagi la byk nuar buat blkg rakyat,@addtask13,Add task ,0,0,2h ago ,2023-01-30,9270,4134,1192,negative
172,tak de ke orang lain untuk jadi penasihat selain anak sendiri ni kerajaan anak beranak ke atau kerajaan perpaduan,@faizulhisam235,faizulhisam235 ,0,0,2h ago ,2023-01-30,9270,4134,1192,positive
173,cakap tak serupa bikin nampaknya..,@ellankipfighter,ellan ,0,0,2h ago ,2023-01-30,9270,4134,1192,negative
174,bukan isu duit....tapi lantikan atas dasar kronisme...muslihat licik Anwar....dah start mengarut...,@rafidyyaacob2,rafidyyaacob2 ,0,0,2h ago ,2023-01-30,9270,4134,1192,negative
175,bertahan sampai bila klu krja takde gaji..releven kaa...takut hari ni..tak byar..esok lusa claim balik.klu camtu kna lntik istri dia jga...free kan,@user1728812332228,Har Tailor ,0,0,2h ago ,2023-01-30,9270,4134,1192,negative
176,dah kalah nanti baru kantoi dibayar puloh2 ribu.. skrg bleh arr tipu.,@abe_ganung,tengku ,0,0,2h ago ,2023-01-30,9270,4134,1192,positive
177,xyah nak menipu arrr...,@abe_ganung,tengku ,0,0,2h ago ,2023-01-30,9270,4134,1192,neutral
178,mcmana nak taw kata anak papa x amik gaji?mcm papa ckp la kata x amik gaji pm...kami bukan tawğŸ˜‚ğŸ˜‚ğŸ˜‚..ckp pakai mulut boleh lağŸ˜‚ğŸ˜‚,@encikraf,Encik Raf ,0,0,2h ago ,2023-01-30,9270,4134,1192,negative
179,elaun takdak Takan kot lain Tak masuk duit kot bang non... ğŸ¤£ğŸ¤£ğŸ¤£,@izaibmokhsin,misteri di hujung ranting ,0,0,2h ago ,2023-01-30,9270,4134,1192,negative
180,penen die ni,@norhashimahhashim77,shima77 ,0,0,2h ago ,2023-01-30,9270,4134,1192,neutral
181,@nampak sanggat orang lain yang cerdik rakyat kena tipu lagi kesiaaan,@marzukiwahab1,marzukiwahab18 ,0,0,2h ago ,2023-01-30,9270,4134,1192,negative
182,"hrmmm...anak branak jgk ler ji,soal byaran no.2,soal anak branak tu no.1...2x5 5x2...",@qifahs23,Aku La Tu ,0,0,2h ago ,2023-01-30,9270,4134,1192,negative
183,lepas ny lantik semua ahli keluarga BMX supaya kerajaan boleh jimat tak perlu bayar gaji menteri sbab semua ahli keluarga dia sekiannnnğŸ˜ŒğŸ˜Œ,@ce0_n3tizen,. ,0,0,2h ago ,2023-01-30,9270,4134,1192,negative
184,keputusan yang kurang bijak PMX. Percaturan yang tidak bermanfaat... pilihlah penasihat dari kalangan yang professional... ini apa? anak beranak?,@aminaman567,aminaman567 ,0,0,2h ago ,2023-01-30,9270,4134,1192,neutral
185,Lantikan politik boleh laa pula... Sebab ank dia... Lidah bercabang,@ryzal777,ryzz@l ,0,0,2h ago ,2023-01-30,9270,4134,1192,negative
186,Lantik semua anak hang lah dan ajak menantu sekali lagi bagus... Semua takdak gaji jimat maaaa....ğŸ˜ğŸ˜ğŸ˜,@faizaljackson,faizaljackson ,0,0,2h ago ,2023-01-30,9270,4134,1192,positive
187,Bhahahaahah. Lepas ni wife nak letak apa jawatan plak tanya jerk...,@shah_isyyamika,Shahrul la ,0,0,3h ago ,2023-01-30,9270,4134,1192,negative
188,Anak hang lagi terer dari hang laa nampak nya...???ğŸ˜ğŸ˜ğŸ˜,@faizaljackson,faizaljackson ,0,0,3h ago ,2023-01-30,9270,4134,1192,neutral
189,"tula time jd pembangkang jgn ajuk2 org,
bila jadi kt diri sendiri kan da takde gajiğŸ˜‚ğŸ˜‚",@u_end_zenterprise,U_end_ZEnterprise ,0,0,3h ago ,2023-01-30,9270,4134,1192,neutral
190,pMX ni belik lebih dari pada ulaq,@zulkiflicheharon,zulkiflicheharon ,0,0,3h ago ,2023-01-30,9270,4134,1192,neutral
191,Knp zalim sgt lantik ank xbg elaun,@tuan_muda_benjamin,Tuan Muda Benjamin ,1,0,3h ago ,2023-01-30,9270,4134,1192,neutral
192,boleh caya ke...yg beribuÂ² berjanji bohong je,@ibnumuhammadabdul,ibnumuhammadabdul ,0,0,3h ago ,2023-01-30,9270,4134,1192,neutral
193,Family planning,@azrie046,LattifAzrieMusağŸ˜˜ ,0,0,3h ago ,2023-01-30,9270,4134,1192,negative
194,tun dah tau dahğŸ˜‚ğŸ˜‚ğŸ˜‚,@user6625243886050,user6625243886050 ,0,0,3h ago ,2023-01-30,9270,4134,1192,neutral
195,nipu Nate non,@marknea97,marknea97 ,0,0,5m ago ,2023-01-30,9270,4134,1192,neutral
196,tata kelola,@midmid393,midmid313 ,0,0,40m ago ,2023-01-30,9270,4134,1192,negative
197,Wakakkaak. Tauk parik,@kosong1177,guaazim ,0,0,1h ago ,2023-01-30,9270,4134,1192,negative
198,terbaik..akan ada pemimpin wanita tidak lama lagi..,@lelarentaka77,lelarentaka77 ,0,0,1h ago ,2023-01-30,9270,4134,1192,positive
199,Sapa yang tau dia bayar atau tidak... Yang pasti kroni...,@erry1227,Erry Pak Erry ,0,0,1h ago ,2023-01-30,9270,4134,1192,negative
200,Sembanggggg,@sooyaa1212_,Sooyaa ,0,0,1h ago ,2023-01-30,9270,4134,1192,negative
201,Kari alagapas..,@41d1lm4j1d,Ø¹ÙŠØ¯ÙŠÙ„ Ù…Ø§Ø¬Ø¯ ,0,0,1h ago ,2023-01-30,9270,4134,1192,negative
202,5 Persen.....ğŸ˜‚ğŸ˜‚,@qusairihery,qusairihery ,0,0,2h ago ,2023-01-30,9270,4134,1192,neutral
203,bohong,@rodeekasim,rodeekasim ,0,0,2h ago ,2023-01-30,9270,4134,1192,negative
204,alasan dia Sama..GAJI/ELAUN TIDAK DIBAYAR...apa lanjiauuuuuğŸ˜‚ğŸ˜‚ğŸ˜‚,@www.tt.my,appağŸ–¤ğŸŒ¹ ,0,0,2h ago ,2023-01-30,9270,4134,1192,negative
205,soal bayar k tidak ..tu bukan soalnya .....banyak jnji d mungkiri..jng cari masaalah nt bermasaalah,@hnabila10,NABILA ,235,0,12h ago ,2023-01-30,9270,4134,1192,negative
206,Smoga dpt hasil terbaik DSAI,@imanseroja97,Iman Seroja ,76,0,12h ago ,2023-01-30,9270,4134,1192,positive
207,Ya.. tak bayar.. tp boleh guna kemudahan kerajaanâ€¦ yaaaaâ€¦,@nitrocoldbreww,Aizu Kamaruszaman ,63,0,12h ago ,2023-01-30,9270,4134,1192,positive
208,kesian rapiji..baru nk pulihkan ekonomi dgn formula dia...sekali kena silang dgn formula kroni Ank beranak pmx,@isa.abdullah_,Darwish Hijau ,39,0,12h ago ,2023-01-30,9270,4134,1192,positive
209,hahahhah..walaun mesti bising..kerja x dibyr..ok ape..,@zack_80615,Zack PH.. ,17,0,12h ago ,2023-01-30,9270,4134,1192,negative
210,"bab nk BG jawatan saya setuju tapi x buat gaji x setuju la,Nurul ada fmly N perlu gaji utk kperluan harian nya",@dieeee_20,dieeee_20 ,18,0,12h ago ,2023-01-30,9270,4134,1192,negative
211,"Nabi Kita ada anak bernama Fatimah Bahkan dia juga merupakan seorang yang sering berada di sisi Baginda bagi membantu Baginda, mengurus",@arshadalister,arshadalister ,11,0,13h ago ,2023-01-30,9270,4134,1192,positive
212,ade ke org keje taknok duit...zaman skrg semua duit...,@biskutchocho,@biskut cicoh milo ,0,0,6m ago ,2023-01-30,9270,4134,1192,negative
213,ğŸ˜,@gardencafesmokegr,gardencafesmokegr ,0,0,11m ago ,2023-01-30,9270,4134,1192,negative
214,"papa xambik gaji, anak@ xbgi gaji.. tpiiiiii komisen projek nanti berbilionnnnn biliunnnnnnn masyukkkkkkkkk",@muratrejab,muratrejab ,0,0,13m ago ,2023-01-30,9270,4134,1192,positive
215,ğŸ˜‚ğŸ˜‚ğŸ˜‚ğŸ˜‚ğŸ˜‚ğŸ˜‚,@redmo96,redmo96 ,0,0,20m ago ,2023-01-30,9270,4134,1192,negative
216,auta,@merahjambu867,merahjambu867 ,0,0,20m ago ,2023-01-30,9270,4134,1192,negative
217,hehehehe sory trgelak...,@almond_londang,user803050 ,0,0,23m ago ,2023-01-30,9270,4134,1192,negative
218,xad mkna pp on xbayar jagi BN olh percaya ker,@robiahjusoh3,robiahjusoh3 ,0,0,23m ago ,2023-01-30,9270,4134,1192,positive
219,"mana tau dia dpt gajike,elaunke sbb dia pm,dia menteri kewangan siapa nk tau",@abngchad,abngchad67 ,0,0,28m ago ,2023-01-30,9270,4134,1192,negative
220,Tak payah nak persoalkan Pm nak lantik siapa. Cer korang tengok Majlis Daerah semua staff berkeluarga.,@naim_danny,Meow_Aoow ,0,0,32m ago ,2023-01-30,9270,4134,1192,negative
221,ğŸ˜‚ğŸ˜‚ğŸ˜‚ğŸ˜‚,@ummi_kitchen.78,Ummi kitchen ,0,0,32m ago ,2023-01-30,9270,4134,1192,negative
222,"Hahahaha....Dlu menyalak bukn main lgi sebab bgi kroni join,time dia bole plak ank jugk joinğŸ˜‚ğŸ˜‚ğŸ˜‚ A.K.A xbayar gaji",@mjkazuya,Muhammadjeffri Muham ,0,0,33m ago ,2023-01-30,9270,4134,1192,neutral
223,Bukankah ini reformasi nepotisme dan kroni? Nilai mutu pendidikan diketengahkan... terima kasih YAB perdana menteri.,@e.leh_1225,e_leh ,0,0,39m ago ,2023-01-30,9270,4134,1192,neutral
224,ğŸ˜‚ğŸ˜‚ğŸ˜‚ğŸ˜‚ğŸ˜‚ğŸ˜‚ğŸ˜‚ğŸ˜‚ğŸ˜‚ğŸ˜‚ğŸ˜‚ğŸ˜‚ğŸ˜‚ğŸ˜‚ğŸ˜‚ğŸ˜‚,@suneongk,CucurUdangğŸ¦ ,0,0,42m ago ,2023-01-30,9270,4134,1192,negative
225,ğŸ˜‚ğŸ˜‚ğŸ˜‚ğŸ˜‚ğŸ˜‚,@kyokirnayu_tt,ALY_CK ,0,0,43m ago ,2023-01-30,9270,4134,1192,negative
226,But itâ€™s a conflict of interest DS. You should know better,@nimchimsky,Nim Chimpsky ,0,0,49m ago ,2023-01-30,9270,4134,1192,neutral
227,kene kene kene kene kene,@cpalletmohdkhairil,Cpallet Mohd Khairil ,0,0,49m ago ,2023-01-30,9270,4134,1192,neutral
228,ğŸ‡²ğŸ‡¾,@bettaking630,Betta King630 ,0,0,50m ago ,2023-01-30,9270,4134,1192,negative
229,ğŸ˜‚ğŸ˜‚ğŸ˜‚,@zackbikers,Azhanyzam Zakaria ,0,0,52m ago ,2023-01-30,9270,4134,1192,negative
230,Dia percaya kat anak dia...Nga jo meng percaya kat pakar Singapore..Ahli Umno percaya kat zahid... tolong CERAKIN semua ni,@mohdnaziri,Mohd Naziri ,0,0,54m ago ,2023-01-30,9270,4134,1192,neutral
231,ğŸ˜‚ğŸ˜‚ğŸ˜‚ğŸ˜‚ dah kantoi baru nak cerita bayar gaji tak bayar gaji.. bukan itu yg orang persoalkan cuma yg orang persoalkan cakap lain buat lain...ğŸ˜…ğŸ˜…,@abe.edi_mu,abe.edi mu ,0,0,57m ago ,2023-01-30,9270,4134,1192,negative
232,soal gaji xde hal bro...jawatan 2 kat mane2 pun laku...menteri kan hahahahaha,@suhairizaramli,@rizal ,0,0,1h ago ,2023-01-30,9270,4134,1192,neutral
233,ğŸ˜‚,@hazuan_halo,hazuan ,0,0,1h ago ,2023-01-30,9270,4134,1192,negative
234,ğŸ˜‚ğŸ˜‚,@marissa.peemad,Marissa mohammad ,0,0,1h ago ,2023-01-30,9270,4134,1192,negative
235,ğŸ˜‚ğŸ˜‚ğŸ˜‚ğŸ˜‚,@abdulrahim8011,Hinkal75 ,0,0,1h ago ,2023-01-30,9270,4134,1192,negative
236,untung negara malaysia dpat org bekerja tkbir urus negara tnpa duit alow/gaji syabas malaysia,@dbajau,dbajau ,0,0,1h ago ,2023-01-30,9270,4134,1192,positive
237,ğŸ˜‡ğŸ˜‡ğŸ˜‡ğŸ˜‡,@musaululazmi,Musa Ulul Azmi ,0,0,1h ago ,2023-01-30,9270,4134,1192,negative
238,ğŸ˜‚ğŸ˜‚ğŸ˜‚ğŸ˜‚ğŸ˜‚ aku mampu gelak je...popcorn banyak lagi ni sapa nak...hahaha..ishhh cik non cik non...lawak la hang ni...,@hafiz_cempleng,HAFIZ CEMPLENG ,0,0,1h ago ,2023-01-30,9270,4134,1192,negative
239,hahaaaa ğŸ˜‚,@shirsalim80,shirsalim80 ,0,0,1h ago ,2023-01-30,9270,4134,1192,negative
240,"punya la ramai ahli parlimen yg menang dlm kabinet, yg kalah jugak byk dilantik jd menteri & ada jawatan dlm kerajaan skg ni..",@fdlyzany,SilverJetstream ,0,0,1h ago ,2023-01-30,9270,4134,1192,negative
241,kalau boleh semua menteri jangan ambil gaji.kerja pn x jalan.,@mohdshahidal83,Mohd Shahidal ,0,0,1h ago ,2023-01-30,9270,4134,1192,negative
242,ğŸ˜‚ğŸ˜‚ğŸ˜‚ğŸ˜‚,@syamfs,Syamfs ,0,0,1h ago ,2023-01-30,9270,4134,1192,negative
243,nepotisme bang non okğŸ˜ org lain xok bising ban non,@1125empire,1125empire ,0,0,1h ago ,2023-01-30,9270,4134,1192,neutral
244,ğŸ˜‚ğŸ˜‚ğŸ˜‚,@manntoba,Abdul Rahman ,0,0,1h ago ,2023-01-30,9270,4134,1192,negative
245,nepotism babies! DSAI is no diff!,@michaelak_k,MichaelAK_K ,0,0,1h ago ,2023-01-30,9270,4134,1192,negative
246,kalau xbayar dia da bgtaw awal2. ni da kntoi baru bgtaw xde elaun,@pablo_escobary,Pablo_Escobary ,0,0,1h ago ,2023-01-30,9270,4134,1192,neutral
247,welcome legasi anwar!....ğŸ˜‚,@wansallamwansalle,wansallamwansalle ,0,0,1h ago ,2023-01-30,9270,4134,1192,negative
248,ğŸ˜‚ğŸ˜…ğŸ˜‚,@nahswa2,nahswa2 ,0,0,1h ago ,2023-01-30,9270,4134,1192,negative
249,ğŸ˜‚ğŸ˜‚ğŸ˜‚,@realsigns00,Real Signs ,0,0,1h ago ,2023-01-30,9270,4134,1192,negative
250,ğŸ˜…ğŸ˜…ğŸ˜…,@crosswords6706,â„‚ğ•£ğ• ğ•¤ğ•¤ğ•ğ• ğ•£ğ••s ,0,0,1h ago ,2023-01-30,9270,4134,1192,negative
251,Kenapa ambil anak sendiri.Jka dulu pemerintah lain mcm ni pong pang semua huru hara marah..skrg???.. ğŸ˜,@ainnor480,Ain Nor480 ,0,0,1h ago ,2023-01-30,9270,4134,1192,negative
252,ğŸ˜‚,@suhailytopperodua,á”•á‘Œá•¼á—©Iá’ªY á‘­Eá–‡Oá—ªá‘Œá—© áª ,0,0,2h ago ,2023-01-30,9270,4134,1192,negative
253,"menteri yg memegang portfolio sesuatu kementerian tak semestinya pakar dalam bidang tu. tapi jika penasihat, mesti pakar dlm bidang tersebut.",@hangtuahpencen,VeteranTuah61 ,0,0,2h ago ,2023-01-30,9270,4134,1192,negative
254,ğŸ˜‚ğŸ˜‚ğŸ˜‚ğŸ˜‚ğŸ˜‚ğŸ˜‚ğŸ˜‚ğŸ˜‚,@mohamadmokhtar271,mohamadmokhtar271 ,0,0,2h ago ,2023-01-30,9270,4134,1192,negative
255,saya da diploma engineering..tlng la hired saya... DH lama JD surirumah..3 4 x IV gov xdptw..hahahababbahaha,@hashimanyan,Shimano shop ,0,0,2h ago ,2023-01-30,9270,4134,1192,negative
256,motif? xnk pelawa org lain / rakyat biasa ke? dlm pejabat menteri? ramai je ada pencapaian bagus2. mmg konsisten la bertukar kerajaan semua ada,@acapali087,Asyraf Ali ï¼ˆÂ´-`ï¼‰.ï½¡oO ,0,0,2h ago ,2023-01-30,9270,4134,1192,negative
257,makan kasi tak tokğŸ˜‚...,@mr.fauzan01,MuhammadFauzan ,0,0,2h ago ,2023-01-30,9270,4134,1192,positive
258,ğŸ˜‚ğŸ˜‚ğŸ˜‚ğŸ˜‚,@anuarnuar71343,Anuar Nuar758 ,0,0,2h ago ,2023-01-30,9270,4134,1192,negative
259,ğŸ˜³ğŸ˜,@dinblack71,DinBlack ,0,0,2h ago ,2023-01-30,9270,4134,1192,negative
260,ğŸ˜‚ğŸ˜‚ğŸ˜‚ğŸ˜‚ğŸ˜‚ğŸ˜‚,@yatie_adam83,Yatie_adam83 ,0,0,2h ago ,2023-01-30,9270,4134,1192,negative
261,Yg. mna baru kenal papa ni jgn terperanjat ye . Kami dh lama kenal papa .,@user8945233815253,Musri Amir ,0,0,2h ago ,2023-01-30,9270,4134,1192,neutral
262,xpa xda elaun n gaji boleh IOU dgn bapak....apa ada hal.....bapak pinjam 20 pki mkn tghari...,@gtom_padu,gtom_padu ,0,0,2h ago ,2023-01-30,9270,4134,1192,positive
263,Apa la susah sgt korg nk fhm.. Ni sindiran.. Wlwpun lantik anak sndri x byr.. Bkn mcm sblm ni lantik utk mengkayakan family sndri,@hasra262,Hasra ,0,0,2h ago ,2023-01-30,9270,4134,1192,negative
264,yg xbyr elaun ye..bukn xbyr gaji,@imaalarh,Sis Imaa Larhh ,0,0,2h ago ,2023-01-30,9270,4134,1192,positive
265,ğŸ˜‚ğŸ˜‚ğŸ˜‚ğŸ˜‚ğŸ˜‚,@fuadyaakob,puad ,0,0,2h ago ,2023-01-30,9270,4134,1192,negative
266,"yg ckp nurul layak tu bapak dia..sama mcm tun suruh lantik anak dia jd mb,bertanding timbln presiden pasal dia rasa ank dia layak..",@dalyanun8,dalyanun8 ,0,0,2h ago ,2023-01-30,9270,4134,1192,negative
267,ğŸ˜‚ğŸ˜‚ğŸ˜‚ğŸ˜‚ğŸ˜‚,@ennardosxy,Endy Wisetkaew ,0,0,3h ago ,2023-01-30,9270,4134,1192,negative
268,"Kalau ayah x de gaji,anak pun x de gaji,siapa yg nak beli barangÂ² dapur ye. Pelik gak ni.",@shaipulnizambinib,shaipulnizambinib ,0,0,3h ago ,2023-01-30,9270,4134,1192,negative
269,ğŸ˜‚ğŸ˜‚ğŸ˜‚ğŸ˜‚ğŸ˜‚ğŸ˜‚ğŸ˜‚ğŸ˜‚ğŸ˜‚,@mohdsanisani838,mohdsanisani838 ,0,0,3h ago ,2023-01-30,9270,4134,1192,negative
270,ğŸ˜,@ahmadzakie221,ahmadzakie221 ,0,0,3h ago ,2023-01-30,9270,4134,1192,negative
271,"setuju benar, lebih baik yg bantu menteri ni lantikan politik buat x bergaji.. bantu aje..",@chintaklukjagat,chintaklukjagat ,0,0,25m ago ,2023-01-30,9270,4134,1192,negative
272,bla bla bla...,@amir.bekam,Amir Bekam ,0,0,48m ago ,2023-01-30,9270,4134,1192,negative
273,ha ha ha,@abeadieloh,adie loh ,0,0,55m ago ,2023-01-30,9270,4134,1192,positive
274,hahah,@mohdaidil276,Mohd Aidil9051 ,0,0,1h ago ,2023-01-30,9270,4134,1192,neutral
275,@yang_biasa,@djchung01,DJchung ,0,0,1h ago ,2023-01-30,9270,4134,1192,negative
276,hahahahahahahahahaha,@farisfahmi90,faris90 ,0,0,2h ago ,2023-01-30,9270,4134,1192,negative
277,"tp kalau dia mmg layak biar jela, free pon",@siti88__,ikanemas ,7,0,13h ago ,2023-01-30,9270,4134,1192,negative
278,dulu ckp lain..x akan ada kronizm..tp skrng blh plak,@user890893635,user7697198316609 ,0,0,1m ago ,2023-01-30,9270,4134,1192,negative
279,NEPOTISM & KABELISM ğŸ˜‚ blh dh terang2 masuk kerja guna kabel. pm dah bagi cth teladan. ckp je xde elaun n ada kelayakan walau bkn pakar. org pcaya.,@amokh26,amokh26 ,0,0,6m ago ,2023-01-30,9270,4134,1192,positive
280,bayarlah izzah gaji dia pun kerja. jangan buat macam itu,@d.krishnad,.DKrishna ,0,0,6m ago ,2023-01-30,9270,4134,1192,negative
281,Bolehnacamtu lantik ank mcmtu je ?,@zalehayassin,Zaleha Yassin ,0,0,8m ago ,2023-01-30,9270,4134,1192,neutral
282,Elaun & gaji xdek. Komisen mesti ade. Neponism betol ğŸ˜†ğŸ˜†ğŸ˜†,@ibnhash,Ibn Has ,0,0,10m ago ,2023-01-30,9270,4134,1192,positive
283,"Adoi , wayang title semua keluarga lawak ,Habis le malaysia.",@homking1,homking1 ,0,0,12m ago ,2023-01-30,9270,4134,1192,negative
284,NepotismeğŸ˜‚ğŸ˜‚...hang semua betoi,@mdnor_ren80,MdNor@Ren ,0,0,13m ago ,2023-01-30,9270,4134,1192,neutral
285,Nurul Izzah dah bbrp penggal menjadi MP apa masalahnya jika N Izzah bijak memberi idea dan tenaga utk kesejahteraan Malaysia. Nasib baik beliau kalah,@nainiemh,Nene ,0,0,13m ago ,2023-01-30,9270,4134,1192,positive
286,dengar blh percaya janganğŸ˜‚ğŸ˜‚,@zairedza556,zairedza556 ,0,0,16m ago ,2023-01-30,9270,4134,1192,positive
287,ni family punya negara ke?,@kim_hanz76,kim hanz galery ,0,0,17m ago ,2023-01-30,9270,4134,1192,neutral
288,dengar betulÂ²...dia ckp xbyr elaun je bkn xbyr gaji ..,@mcdfayywbii,Mr. Rider ,0,0,17m ago ,2023-01-30,9270,4134,1192,negative
289,hmmmm....k.lahhhhh suka ht kau lah labuuu...,@nasilemak261,nasilemak ,0,0,19m ago ,2023-01-30,9270,4134,1192,negative
290,pusing selagi bolehğŸ˜‚ğŸ˜‚ğŸ˜‚ğŸ˜‚,@jmax.82,@Ni9e ,0,0,19m ago ,2023-01-30,9270,4134,1192,positive
291,saya sokong BMX,@_medication420_,ğŸŒ²medication420ğŸŒ² ,0,0,19m ago ,2023-01-30,9270,4134,1192,negative
292,ha ha walaun lagi pandai tunjuk siji la kalau hebat sangat boleh ka kerja Tampa gaji Rasa diri hebat kanğŸ˜…,@user4211507747370,user4211507747370 ,0,0,21m ago ,2023-01-30,9270,4134,1192,negative
293,kerajaan MADANI... kerajaan MAlaysia Dan Anak biNI,@saudagarmalaya,Juwe ,0,0,22m ago ,2023-01-30,9270,4134,1192,negative
294,pelawakğŸ˜,@mr_2air1,user290942 ,0,0,22m ago ,2023-01-30,9270,4134,1192,negative
295,ni kerajaan mandi...kencing basah kepala,@khadirkarim84,khadir karim ,0,0,22m ago ,2023-01-30,9270,4134,1192,negative
296,dengat boleh..percaya jgn..mana ada ada kja tk da gajii,@norhazaheasa,norhazaheasa ,0,0,26m ago ,2023-01-30,9270,4134,1192,positive
297,pm10 mangkin hari mangkin tak boleh di percaya tau,@adiuraaa62,adi uraaa ,0,0,27m ago ,2023-01-30,9270,4134,1192,negative
298,Adil-(meletakkan sesuatu pd tempatnya)..,@nazr_mn,nazr_mn ,0,0,27m ago ,2023-01-30,9270,4134,1192,negative
299,p ramlee buat filem 3 Abdullah..bgtau family planning terbaik..tak faham lagi korang ni...lemah....ğŸ˜…ğŸ˜ŒğŸ˜ŒğŸ˜,@man_miow,user3624774298154 ,0,0,27m ago ,2023-01-30,9270,4134,1192,negative
300,sakau dh ni,@user4030057107544,user4030057107544 ,0,0,30m ago ,2023-01-30,9270,4134,1192,neutral
301,"dlu kata no kroni,skrg ape dh jd..ğŸ˜‚ğŸ˜‚ğŸ˜‚",@79manwira,@Manwira ,0,0,30m ago ,2023-01-30,9270,4134,1192,negative
302,bukak mulut je menipu,@mohamadborham1,Mohamad Borhan ,0,0,30m ago ,2023-01-30,9270,4134,1192,neutral
303,Nurul Izzah layak dibayar gaji utk tugasannya. Kita hormati masa dan tenaga sesaorg.,@intansofiaibrahim,intansofiaibrahim ,0,0,30m ago ,2023-01-30,9270,4134,1192,positive
304,bole percaya ka,@tehtarikking,Fakir Tehtarik ,0,0,32m ago ,2023-01-30,9270,4134,1192,neutral
305,anak beranakğŸ˜‚ğŸ˜‚,@zoro101014,zoroxox ,0,0,33m ago ,2023-01-30,9270,4134,1192,neutral
306,Eloklah lantik semua anak beranak jadi menteri sebab jimatkan wang negara. Kerja tanpa gajikan,@ayahsu1174,AjisKadir1174 ,0,0,33m ago ,2023-01-30,9270,4134,1192,negative
307,Auta punye sembang,@anaskoyak,apekanasir ,0,0,34m ago ,2023-01-30,9270,4134,1192,negative
308,Nanti lantik istri jadi pembantu kiri tanpa gaji,@adimiral001,Adimiral001 ,0,0,34m ago ,2023-01-30,9270,4134,1192,positive
309,Habis anak isteri memerintah Malaysia,@imwieee_,imwieee_ ,0,0,35m ago ,2023-01-30,9270,4134,1192,neutral
310,tk bayar gaji tk dikira kroni. dia nurul dh ada pencen mp. bg dia expose utk pengalaman. kalu nk jaga mustahil nk puaskan hati org,@pifviva,pifviva ,0,0,35m ago ,2023-01-30,9270,4134,1192,negative
311,tkpe..asal jgn orgÂ² umno..lgÂ² najib..,@hjhgeehjhgee,Hjh Gee Hjh Gee ,0,0,36m ago ,2023-01-30,9270,4134,1192,negative
312,tp kroni kan..ikut arahan papa le,@adikadik7229,adikadik7229 ,0,0,36m ago ,2023-01-30,9270,4134,1192,negative
313,Kementerian anak beranakğŸ˜‚ğŸ˜‚ğŸ˜‚,@adnanmyusoff,Adnan M Yusoff ,0,0,37m ago ,2023-01-30,9270,4134,1192,neutral
314,"Experienced in economy? Basic salary? Nepotism and conflict of interest (COI) right, isnâ€™t it part of â€˜rasuahâ€™â€¦ke nak kena buang akta berkaitan COI",@ceoofcomment.my,ceoofcomment.my ,0,0,40m ago ,2023-01-30,9270,4134,1192,neutral
315,parti anak beranak..ape nk heran,@zulfadli3893,Zul Fadli389 ,0,0,41m ago ,2023-01-30,9270,4134,1192,negative
316,awat tak dia tak ambik bini dia jadi timbalanğŸ˜‚,@user4740948972720,user4740948972720 ,0,0,41m ago ,2023-01-30,9270,4134,1192,positive
317,sebab jgn cakap tak serupa bikin nuar hoi bila harga minyak nak turun klau tak boleh tanya rafizi pakar tahi kucing tu,@user42295380,Azman Man ,0,0,42m ago ,2023-01-30,9270,4134,1192,negative
318,Merah mata walaunnnn,@mohdarip94,MatCooLğŸ¥¶ ,0,0,46m ago ,2023-01-30,9270,4134,1192,neutral
319,"Nurul Izzah ada kelayakan akademik, bijak dan tangkas. Bukan mcm menteri2 walaun kebanyakannya tiada pendidikan yg tinggi",@farahliyanazolkiplee,Farah Liyana Zolkiplee ,0,0,47m ago ,2023-01-30,9270,4134,1192,negative
320,zaman DSAI dah berlalu..skarang dah jadi indah khabar dr rupa,@celak_87,Ahmadi Saufi ,0,0,47m ago ,2023-01-30,9270,4134,1192,neutral
321,"bnyak lagi pakar ekonomi , ni parti anak branak",@4ourwheelsdetail,4our Wheels ,0,0,48m ago ,2023-01-30,9270,4134,1192,negative
322,jaga toilet pun ada gajiğŸ˜‚ğŸ˜‚ğŸ˜‚,@puppet18,á´¾ÍŸáµÍŸá´¾ÍŸá´¾ÍŸá´±ÍŸáµ€ÍŸÂ¹â¸ ,0,0,50m ago ,2023-01-30,9270,4134,1192,positive
323,Hahaha mula dah anak beranakğŸ˜‚,@83beck,beckhamka ,0,0,51m ago ,2023-01-30,9270,4134,1192,neutral
324,Sama macam najib dgn rosmah..2 x 5..sama je korang ni..anwar = najib..PH = BN..x lama lagi tumbang la korang,@duang_rima,Duang rima ,0,0,51m ago ,2023-01-30,9270,4134,1192,negative
325,anak dia sorang je yg terpelajar hahahah ank org lain semua bodo ğŸ˜‚ğŸ˜‚ğŸ˜‚ğŸ˜‚ğŸ˜‚,@ybmarang,NaniBamğŸ‡²ğŸ‡¾ Y.B Marang ,0,0,52m ago ,2023-01-30,9270,4134,1192,negative
326,"MMM..., ape2 j la, sape nk bantah ""papa""...!!?ğŸ˜ğŸ˜ğŸ˜ğŸ˜ğŸ˜",@zulmanja1968,zulmanja1968 ,0,0,52m ago ,2023-01-30,9270,4134,1192,negative
327,ank beranak,@iwancivic,Iwan Civic ,0,0,52m ago ,2023-01-30,9270,4134,1192,neutral
328,khakhakahakha ingt pak jahit je pelawak..ada lg maharajalawak rupanyağŸ¤£ğŸ¤£ğŸ¤£ğŸ¤£,@cincaitapibenar,Cincai ,0,0,53m ago ,2023-01-30,9270,4134,1192,negative
329,ini sesuatu yang pelik. sedangkan masuk tandas pun perlu bayar..,@gamantaki,Taki Taki ,0,0,54m ago ,2023-01-30,9270,4134,1192,neutral
330,terbaik PM10..lps ni kwsp ksi lulus,@joekin71,joekin71 ,0,0,57m ago ,2023-01-30,9270,4134,1192,negative
331,kau makan sedap kitorang jgn makan ayam ğŸ˜,@ahpan_budak_kedah,ahpan ,0,0,59m ago ,2023-01-30,9270,4134,1192,negative
332,buat lah apa yg kamu nak org hya mampu tgk2 jer,@aselinakia,mie ,0,0,1h ago ,2023-01-30,9270,4134,1192,negative
333,dengar boleh.... percya janganğŸ˜‚ğŸ˜‚ğŸ˜‚ğŸ˜‚lipak selagi boleh,@balakuchiba,balakuchiba ,0,0,1h ago ,2023-01-30,9270,4134,1192,positive
334,Betul ka???ğŸ˜..family planing x gitu @Muhammad faiz Mat de,@_tajriariffin_,tajriarifin ,0,0,1h ago ,2023-01-30,9270,4134,1192,positive
335,Ada ke manusia nak hidup tanpa bayaran.aku tolong laki aku kemas kebun pun nak upahğŸ˜‚.,@jom_kakitravel,Jom_kaki travel by k'sha ,0,0,1h ago ,2023-01-30,9270,4134,1192,negative
336,"kerajaan madani âŒ
kerajaan anak bini âœ…",@zulhusni1080,zulhusni108 ,0,0,1h ago ,2023-01-30,9270,4134,1192,negative
337,sembang lah,@ownputra30,ownputra30 ,0,0,1h ago ,2023-01-30,9270,4134,1192,negative
338,x pa balik nanti papa bagi cash!!!ğŸ˜‚ğŸ˜‚,@suesueria795,Sue Sueria795 ,0,0,1h ago ,2023-01-30,9270,4134,1192,negative
339,ğŸ˜‚ğŸ˜‚ğŸ˜‚ğŸ˜‚ğŸ˜‚ğŸ˜‚ğŸ˜‚ğŸ˜‚ğŸ˜‚ğŸ˜‚ğŸ˜‚ğŸ˜‚ğŸ˜‚ğŸ˜‚ğŸ˜‚anwar dah mula tunjuk taring tuğŸ˜‚ğŸ˜‚,@lesley49tiktok,Kigi torigi49 ,0,0,1h ago ,2023-01-30,9270,4134,1192,neutral
340,patut la org sokong dia...bgus dia ni..ğŸ˜Œhidup BMX!,@misscute0970,misscute0970 ,0,0,1h ago ,2023-01-30,9270,4134,1192,negative
341,boleh percaya ka,@ghazalisaad1,Ghazali Saad ,0,0,1h ago ,2023-01-30,9270,4134,1192,neutral
342,mne buktinya jgn ckp saje,@castelloskc70,castelloskc70 ,0,0,1h ago ,2023-01-30,9270,4134,1192,positive
343,Izzah kabor buat apa?Kalau diam kan selamatğŸ˜‚ğŸ˜‚ğŸ˜‚,@kubangbejuku,tremas ,0,0,1h ago ,2023-01-30,9270,4134,1192,negative
344,yg ni aku tak setuju. tak kisahlah nak ckp apa. aku boleh like 1000x video psl dsai tp bnd ni salah. salah tetap salah!,@mhhayl,mhh ,0,0,1h ago ,2023-01-30,9270,4134,1192,negative
345,anak bapakkkkkk...,@scheyaacob,scheyaacob ,0,0,1h ago ,2023-01-30,9270,4134,1192,neutral
346,boleh caya ke de gjiğŸ˜‚,@sutiammisu,sutiammisu ,0,0,1h ago ,2023-01-30,9270,4134,1192,positive
347,klu tak dibayar kenapa tak open...ramai yg nak rasanye..kenapa perlu anak sendiri...org lain buat kata salah...,@apolaiekau,apolaiekau ,0,0,1h ago ,2023-01-30,9270,4134,1192,negative
348,ni punca rafizi xjumpa formula la ni ğŸ˜‚,@syafiqprubomba,muhammad syafiq bin roslan ,0,0,1h ago ,2023-01-30,9270,4134,1192,negative
349,bayar cashhh...mana boleh detect lhdnğŸ¤£,@tilob.tasu94,tilob tasu ,0,0,1h ago ,2023-01-30,9270,4134,1192,negative
350,tolong sikit macai2 PH apa2 solid experience dia ada?,@ahmadazizan530,ahmadazizan530 ,0,0,1h ago ,2023-01-30,9270,4134,1192,negative
351,Ank beranak ğŸ˜‚,@rohayuaida,MAMA2117 ,0,0,1h ago ,2023-01-30,9270,4134,1192,neutral
352,Kencing,@yusrihusin67,yusrihusin67 ,0,0,1h ago ,2023-01-30,9270,4134,1192,negative
353,"klau dibayar ke idak tak payah sebut la, masalah she loose",@user4708203471776,user4708203471776 ,0,0,1h ago ,2023-01-30,9270,4134,1192,negative
354,MADANI... Malaysia Anak Dan Isteri,@matpyan129,matpyan129 ,0,0,1h ago ,2023-01-30,9270,4134,1192,positive
355,Bolh caya ke sapa nk kje tanpa gaji,@hasmid123,hasmid123 ,0,0,1h ago ,2023-01-30,9270,4134,1192,negative
356,"sesiapa suku sakat dia waima bau bau kentut pun boleh dapat kerja dengan dia,cepat la mengaku,dia nak amik orang lagi tu",@user738985399,MOHD SHAHROLNIZAM BI ,0,0,1h ago ,2023-01-30,9270,4134,1192,negative
357,ingat Malaysia ni PM anuar punya ke?,@sherryhass411,sherryhass411 ,0,0,1h ago ,2023-01-30,9270,4134,1192,negative
358,dimana janji2 mu xtertunai satu pun,@braderzack392,Brader Zack392 ,0,0,1h ago ,2023-01-30,9270,4134,1192,negative
359,Hoi hoi ya hoi... Sape sokong penyamun,@peninju.padu,Mohdizeham.rhani ,0,0,1h ago ,2023-01-30,9270,4134,1192,positive
360,aduh kerajaan dah jadi pelik2 lh oulak sekarang ni..anak boleh jadi penasihat..,@rieina0,Rie Ina ,0,0,1h ago ,2023-01-30,9270,4134,1192,neutral
361,bini xnk lantik jgk?,@mechanic_86,silent ,0,0,1h ago ,2023-01-30,9270,4134,1192,negative
362,lepas ni wak pulak ambik anak dia ğŸ˜‚ğŸ˜‚ğŸ˜‚,@deensaleh76,user8343608784016 ,0,0,1h ago ,2023-01-30,9270,4134,1192,positive
363,ceyyyy ceyyyy .. alasan x byar gaji la elaun la... ğŸ˜,@haeyfa_sha,SCHASHA ,0,0,1h ago ,2023-01-30,9270,4134,1192,negative
364,"lipak laa,selagi boleh lipak",@alamini_iskandar47,M_AL_AMIN ,0,0,1h ago ,2023-01-30,9270,4134,1192,negative
365,"Sebelum PRU, bukan main sembang pasal nepotisme. Dah jadi PMX, anak sendiri dilantik jadi penasihat. CONFLICT OF INTEREST",@pelesitkuning,Pelesit Kuning ,0,0,1h ago ,2023-01-30,9270,4134,1192,neutral
366,"kerja apa kalau tak bergaji , rakyat bukan nya bodoh",@wanjusoh11,Wanjusoh11 ,0,0,1h ago ,2023-01-30,9270,4134,1192,negative
367,papa minta la nasihat masa srapan pg kt rmh je laa,@akhikadir2,AkhiKadir2 ,0,0,1h ago ,2023-01-30,9270,4134,1192,positive
368,Cehhh..banyak cakap geng PN ni..duta timur tengah zaman kau org tu..lansung tak buat kerja..makan gaji buta..penasihat pm sampai 2++++ tak nak bangkit,@azlan_lan94,azlan_lan94 ,0,0,1h ago ,2023-01-30,9270,4134,1192,negative
369,bukan menteri kewangan terbaik dunia mehh ? hahahaha.. oo reformasi .. masuk kerja gomen pakai kerja bapak ğŸ¤ª,@romadong60,DANGG ,0,0,1h ago ,2023-01-30,9270,4134,1192,positive
370,Menteri kewayangan tanpa gaji ğŸ˜‚ğŸ˜‚,@user9056961560730,user9056961560730 ,0,0,1h ago ,2023-01-30,9270,4134,1192,negative
371,cari lah apa excuse.... pun.,@ghanishafie,ghanishafie ,0,0,1h ago ,2023-01-30,9270,4134,1192,negative
372,bagilah peluang pada org lain...not family members...,@luckycini,Lucky Cini ,0,0,1h ago ,2023-01-30,9270,4134,1192,negative
373,apa bukti anak dia xdpt elaunnğŸ˜ slip gaji pun boleh edit ğŸ˜‚,@nuramiraothman92,Nur Amira Othman ,0,0,1h ago ,2023-01-30,9270,4134,1192,neutral
374,"Seseorang mnjadi penasihat: wajib punya kemahiran, pengalaman dan kelayakan akademik yg relevan yg tinggi dan renowned. Baru boleh memberi NASIHAT.",@shamfatwa,Shamfatwa ,0,0,1h ago ,2023-01-30,9270,4134,1192,positive
375,dgr bulan percaya jgn sekali tiadak ada bukti,@azroy1234567890,bujang selamat ,0,0,1h ago ,2023-01-30,9270,4134,1192,positive
376,kencinglah kalau tak da apa2 elaun. kaya sgt ke? klu kaya dari mana sumber kekayaan tu?,@duriannaga,duriannaga ,0,0,1h ago ,2023-01-30,9270,4134,1192,negative
377,p ramlee dah kata dlm cite 3 abdul..ini dinamakan family planningğŸ˜‚,@makangaji007,makangaji007 ,0,0,1h ago ,2023-01-30,9270,4134,1192,positive
378,jgn lupa bawa cucu yg berpotensi jugak.........,@zahar_ice,@zharice ,0,0,1h ago ,2023-01-30,9270,4134,1192,positive
379,lantik laaa sapa pun...doh mu ada kuasağŸ˜‚ğŸ˜‚ğŸ˜‚,@jdrea71,JD REA ,0,0,1h ago ,2023-01-30,9270,4134,1192,negative
380,xda gaji tapi kuasa. agih kt anak beranak terus,@syuhaimi13,mie13 ,0,0,1h ago ,2023-01-30,9270,4134,1192,neutral
381,Kerajaan anak beranak,@alfa_92__,ALIF ILHAM ,0,0,1h ago ,2023-01-30,9270,4134,1192,neutral
382,gaji tak gaji .. BORAK,@harrisfirdaus19,Firdaus Najmi ,0,0,1h ago ,2023-01-30,9270,4134,1192,negative
383,Parti anak beranak .skang Dalam kerajaan pun nak jadi parti anak beranak ke ğŸ˜‚,@timmy04646,Timmy80 ,0,0,1h ago ,2023-01-30,9270,4134,1192,negative
384,acah2 bagus,@mamactay,ğŸ¤catyğŸ¤ ,0,0,1h ago ,2023-01-30,9270,4134,1192,positive
385,ğŸ˜‚ğŸ˜‚ğŸ˜‚x yh la announce sbb penasihat kt meja mkn je. X de gaji..,@juzent,Juz juzent ,0,0,1h ago ,2023-01-30,9270,4134,1192,negative
386,dulu bn skrg ph... hentam bgai nak runtuh dunia... akhirnya aku yg buatğŸ˜‚ğŸ˜‚,@dean_595,dean_595 ,0,0,1h ago ,2023-01-30,9270,4134,1192,positive
387,ouh anak dia ade degree politik tu patut ah... tk kisahla skarng pon org bukan keje bidang tu keje bidang lainğŸ˜,@assean_97,Shawn ,1,0,1h ago ,2023-01-30,9270,4134,1192,negative
388,"mengata dulang paku serpih,mengata orang dia yg lebih...ğŸ˜‚",@kakkminimin,KakMinimin Shop ,0,0,1h ago ,2023-01-30,9270,4134,1192,negative
389,hahahaha btol ke?,@apyayu,apy ,0,0,1h ago ,2023-01-30,9270,4134,1192,neutral
390,kwsp luluskn...rakyat tgh perlukan..jgn fikir naik pangkat saja.utamakan rakyat dulu.jgn smpai rakyat dh muakndgn politik kerajaan mlsia nantiğŸ˜,@adamdani65,Deybott ,0,0,1h ago ,2023-01-30,9270,4134,1192,negative
391,nakkkkk sngt dia jadi pm kan..hah ambikkkkkğŸ˜ğŸ˜ğŸ˜,@are_lynnazlynn,arelynn azlynn 95 ,0,0,1h ago ,2023-01-30,9270,4134,1192,positive
392,ini tuan penasihat 25%..,@aswadbulat9953,KÃZÃƒ ,0,0,1h ago ,2023-01-30,9270,4134,1192,neutral
393,"bila kantoi lantik baru ckp tak brbayar,ye ke tak brbayar...",@khairulazmanmohamad0,Khairul Azman Mohamad ,0,0,1h ago ,2023-01-30,9270,4134,1192,positive
394,klu pm ckp Jason pun boleh terpengaruhğŸ˜‚,@pktehhku,key ,1,0,1h ago ,2023-01-30,9270,4134,1192,negative
395,"org xmau tau la hal hampa byaq ka dak,sapa menteri sapa timbalan.la ni dah org lantik jlnkan tggjwb..1 habuk apa pun x jln lg ni..hakhakhakğŸ˜…",@syedmohdfizalsyedhamid,ğŸ‘§walid is hereğŸ‘¶ ,0,0,1h ago ,2023-01-30,9270,4134,1192,negative
396,dh nampk sikit2 xpe truskn jela awk pm keputusan semua dtgan awk hahahah,@chekuazam26,Chekuazam26 ,0,0,1h ago ,2023-01-30,9270,4134,1192,negative
397,ALHAMDULILLAH ğŸ¤²...PEJUANG KRONIğŸ¥±ğŸ¥±ğŸ¥±,@mrbroawanbiru,PENCINTA ULAMAK ,0,0,1h ago ,2023-01-30,9270,4134,1192,positive
398,hopefully semua berpuas hati ya dgn penjelasan DSAI...jgn duk bising2 dah...apa2 DSAI tetap PM terbaik,@erniehasniza,erniehasniza ,0,0,1h ago ,2023-01-30,9270,4134,1192,positive
399,ganti tempat fizi laaaa,@shahsyj22,shahsyj22 ,0,0,1h ago ,2023-01-30,9270,4134,1192,neutral
400,ANWAR NI DARI DULU SAMPAI JADI MENTERI SEMBANG KOSONG,@ab131684,D13 ,0,0,1h ago ,2023-01-30,9270,4134,1192,negative
401,tuan pnasihat 20% ğŸ¤£ğŸ¤£,@syazwannsyukri,Captain Boy ,0,0,1h ago ,2023-01-30,9270,4134,1192,negative
402,Pas ni lantik bini pulak tau. Nama cucu pon boleh KIV siap2.,@iq14u,IQ1 ,0,0,1h ago ,2023-01-30,9270,4134,1192,negative
403,cakap tak serupa bikin,@zaili70,zaili70y ,0,0,1h ago ,2023-01-30,9270,4134,1192,negative
404,kerajaan anak beranak ğŸ˜‚ğŸ˜‚ğŸ˜‚,@zakikhashoggi8,Zaki Wahab20 ,0,0,1h ago ,2023-01-30,9270,4134,1192,neutral
405,Nurul kalah ...x layak pon,@zaili70,zaili70y ,0,0,1h ago ,2023-01-30,9270,4134,1192,negative
406,Boleh percaya ke...,@manjeainhairei,Manje Ain Hairei ,0,0,1h ago ,2023-01-30,9270,4134,1192,neutral
407,Betul la tu..Mat Sabu tak hbs study Kulinari pun boleh jd MenteriğŸ™„,@elnina8988,WakafMekNa ,0,0,1h ago ,2023-01-30,9270,4134,1192,positive
408,elaun dan gaji 2 benda berbeza...elaun x bayar..tapi gaji apa cerita?....dulu cakap kat orang berapi...la ni apa cerita? tak kisah la apa jawatan pum.,@mitsuton_lanspira,Mitsuton Lanspira ,0,0,1h ago ,2023-01-30,9270,4134,1192,negative
409,mana ada org kerja xde gaji. jangan main wayang la,@chukoi_koii,Chukoi_koiii ,0,0,1h ago ,2023-01-30,9270,4134,1192,negative
410,Dgr blh percaya jgn,@faisalakma,Faizal_86 ,0,0,1h ago ,2023-01-30,9270,4134,1192,positive
411,Iyaa perlu diangkat mantan YB Permatang pauh utk berhidmat pda bangsa Malaysia ğŸ‡²ğŸ‡¾,@shahrirismail65,Shahrir Ismail546 ,0,0,1h ago ,2023-01-30,9270,4134,1192,positive
412,"Well, she doesnt choose to be his daughter right? And she is qualify. Why wanna diminish someone who is capable?",@drhomunculus,joeffreysylvester ,0,0,1h ago ,2023-01-30,9270,4134,1192,positive
413,"dah kantoi lantik senyapÂ², lepastu baru nak cakap tanpa gaji...apa kebenda...kalau orang tak tahu?",@ceo0fmerepek,RawrCun Tiktok Shop ğŸ›ï¸ğŸ›’ ,0,0,1h ago ,2023-01-30,9270,4134,1192,negative
414,akhirnya PMX amal kroni,@takhajak,TAK HAJAK ,0,0,1h ago ,2023-01-30,9270,4134,1192,positive
415,First kantoi lantik anak. kedua lepqs kantoi pusing cerita xbayar gaji..Kalau lantik anak masih kesalahan di bawah seksyen 23 ASPRM salahguna kuasa,@mamusempoi89,Mamu Sempoi ,0,0,1h ago ,2023-01-30,9270,4134,1192,negative
416,Walaun tengah meraung kepanasanğŸ˜‚ğŸ˜‚,@cepakooo7_,Kid. ,0,0,1h ago ,2023-01-30,9270,4134,1192,negative
417,dwngar boleh...percaya jangan...nk masuk toilet awam pun kena duitğŸ˜‚ğŸ˜‚,@zaitonkamis972,zaitonkamis972 ,0,0,1h ago ,2023-01-30,9270,4134,1192,positive
418,gagalğŸ˜‚ğŸ˜‚ğŸ˜‚ğŸ˜‚,@papavtec,papa z ,0,0,2h ago ,2023-01-30,9270,4134,1192,negative
419,Kahkahkahâ€¦,@hanyzan30,Hanyzan ,0,0,2h ago ,2023-01-30,9270,4134,1192,negative
420,bole caya ke keja tanpa gajiğŸ˜‚ğŸ˜‚...,@ranybtahmad1,ranybtahmad1 ,0,0,2h ago ,2023-01-30,9270,4134,1192,neutral
421,iya ke hahahaha,@norbitidris,norbitidris ,0,0,2h ago ,2023-01-30,9270,4134,1192,neutral
422,dia bayar pun bukan kita tau,@mohdmohdazni,BENDY REbus ,0,0,2h ago ,2023-01-30,9270,4134,1192,negative
423,tunggu la pas ni bini dia pulak..jd la kerajaan anak beranak malaysia ni,@user1863866344859,ada bini ,0,0,2h ago ,2023-01-30,9270,4134,1192,negative
424,gaji tak ambil tapi duit tepi ada tak..logiknya kalau tak ada gaji nak makan pasir ke,@hasri79zahra,Hasri79 Zahra ,0,0,2h ago ,2023-01-30,9270,4134,1192,positive
425,woiiiiiii anuar kau ingat rakyat ni bodoh sangat ke sampai kau nak bodohkan rakyat mcm ni sekali........,@hasri79zahra,Hasri79 Zahra ,0,0,2h ago ,2023-01-30,9270,4134,1192,negative
426,rafizi adalah lembaga sja tnpa berfungsi..,@algjef,algjef ,0,0,2h ago ,2023-01-30,9270,4134,1192,positive
427,Elaun xbg. Gaji ada maaaa,@akukamu_85,akukamu ,0,0,2h ago ,2023-01-30,9270,4134,1192,positive
428,msuk toilet kn byr zaman la,@maelhusin398,maelhusin ,0,0,2h ago ,2023-01-30,9270,4134,1192,negative
429,Koyak la PH..Kerajaan anak beranak ğŸ˜‚,@shahrilzain,ShahrilZain ,0,0,2h ago ,2023-01-30,9270,4134,1192,negative
430,kroni tahap gaban ğŸ˜‚,@k1ngblaze,kingblaze ,0,0,2h ago ,2023-01-30,9270,4134,1192,negative
431,sy takut PM tak bayar tapi kerajaan yg bayar harap maaf,@ayahalim1965,ayahalim1965 ,0,0,2h ago ,2023-01-30,9270,4134,1192,negative
432,bila spin dah rosak ğŸ˜…ğŸ˜…,@zawawiawi521,Zawawi Awi521 ,1,0,2h ago ,2023-01-30,9270,4134,1192,neutral
433,tadak ke org lain,@ayahalim1965,ayahalim1965 ,0,0,2h ago ,2023-01-30,9270,4134,1192,negative
434,maaf apa kelebihan nuruizar tu,@ayahalim1965,ayahalim1965 ,0,0,2h ago ,2023-01-30,9270,4134,1192,negative
435,yang bayar gaji dia pakai duit rakyat kan?,@cocoeighty,ğŸ‡²ğŸ‡¾CoCoğŸ‡²ğŸ‡¾ ,0,0,2h ago ,2023-01-30,9270,4134,1192,negative
436,Duit dah banyak boleh la cakap,@maaa8160,maaa8160 ,0,0,2h ago ,2023-01-30,9270,4134,1192,negative
437,kerajaan family,@user9892611901409,Boy Aboi ,0,0,2h ago ,2023-01-30,9270,4134,1192,negative
438,rmai lg yg blh jd penasihat..ni bkn urus kewangan keluarga Anwar oi ..,@user6125210756168,pksu mili508 ,0,0,2h ago ,2023-01-30,9270,4134,1192,positive
439,x bayar pun x kan x de orang lain,@melatisumari,Melati Sumari ,0,0,2h ago ,2023-01-30,9270,4134,1192,negative
440,"ok ja pak nuar..
apa ada kesah jalan terus",@syedjasri,SYEDJASRi ,0,0,2h ago ,2023-01-30,9270,4134,1192,positive
441,ni soal integriti..xda lagi ka dlm PH y layak?,@baba_naslin,nasiruddinazmi ,0,0,2h ago ,2023-01-30,9270,4134,1192,positive
442,penyokong ph kena kencing lagi ğŸ˜‚ğŸ˜‚ğŸ˜‚,@key12_roy,Key12_Roy ,0,0,2h ago ,2023-01-30,9270,4134,1192,negative
443,Sdg tggu kak wan jdi pnsihat apa plk,@kmbaraduda71,JanG71 ,0,0,2h ago ,2023-01-30,9270,4134,1192,positive
444,boleh cayee kee,@user7003372528150,user7003372528150 ,0,0,2h ago ,2023-01-30,9270,4134,1192,neutral
445,cakap tk serupa bikin,@yemamat70,yemamat70 ,0,0,2h ago ,2023-01-30,9270,4134,1192,negative
446,"rakyat mana tau bayar ke tak, yg tau hanya anda berdua je..",@emkaydr68,emkaydr68 ,0,0,2h ago ,2023-01-30,9270,4134,1192,negative
447,aku dh kata sembang kari wayang kuat,@alafsaad0,ablatif71 ,0,0,2h ago ,2023-01-30,9270,4134,1192,neutral
448,xperlu lh ambil anak beranak,@rizawatiarahman,rizawatiarahman ,0,0,2h ago ,2023-01-30,9270,4134,1192,positive
449,tunjuk bukti la baru aku percayaağŸ˜‚ğŸ˜‚ğŸ˜‚. setakat sembang MCM ni buat apee,@kingsman6877,Kings Man5793 ,0,0,2h ago ,2023-01-30,9270,4134,1192,negative
450,dia xpunya latar belakang ekonomi,@rizawatiarahman,rizawatiarahman ,0,0,2h ago ,2023-01-30,9270,4134,1192,negative
451,mung mmg xbyr...AG hok byr,@carlosvinyard,Carlos Vinyard ,0,0,2h ago ,2023-01-30,9270,4134,1192,neutral
452,Anak Papa...apa nk kata ğŸ˜‚ğŸ˜‚ğŸ˜‚,@shahdiney54,Shahdiney54 ,0,0,2h ago ,2023-01-30,9270,4134,1192,negative
453,huru hara habihhh,@4250azhar,azhar ,0,0,2h ago ,2023-01-30,9270,4134,1192,neutral
454,ada ke kerja tak nak gaji....,@alimahabu7,Alimah Abu ,0,0,2h ago ,2023-01-30,9270,4134,1192,positive
455,"Memang bukan anuar yg bayar, tapi kerajaan yg bayar",@mizan_nasir2022,mohd mizan ,0,0,2h ago ,2023-01-30,9270,4134,1192,negative
456,madani sngt kerajaan anak beranak ğŸ˜‚,@eljeffrey99,El Jeffrey ,0,0,2h ago ,2023-01-30,9270,4134,1192,neutral
457,Nepotisme. Dpt kereta dan driver tak? Pegi mana2 ade driver bwk tak? Sape bayar?,@fuadg18,Fuad_GS ,0,0,2h ago ,2023-01-30,9270,4134,1192,positive
458,kronisem telah bermula....masa refomasi tu je yg kau hadamm...hampeh nua ni,@okayketuuu,user221683249972 ,0,0,2h ago ,2023-01-30,9270,4134,1192,neutral
459,satu keluarga lah jaga duit negara..,@abanglee2,abang lee nsem 2ğŸ‡²ğŸ‡¾ğŸ’ğŸ‡²ğŸ‡¨ ,0,0,2h ago ,2023-01-30,9270,4134,1192,negative
460,Masuk kan jerr laaa anak beranak yg lain,@jamilidros,Jamil Idros ,0,0,2h ago ,2023-01-30,9270,4134,1192,positive
461,kerajaan anak beranak,@abt3579selatan,ABTâœŠjb ,0,0,2h ago ,2023-01-30,9270,4134,1192,neutral
462,Bukan soal gaji. Dalam malaysia dah takda org yg layak ker? Knapa mesti anak sendiri?,@skyspeed25,sms@Neo ,0,0,2h ago ,2023-01-30,9270,4134,1192,positive
463,Pimai pimai tang tu jugak,@peysal49,Peysal49 ,0,0,2h ago ,2023-01-30,9270,4134,1192,negative
464,pembelajaran untuk menjadi PM akan datang.,@1976mizi,1976mizi ,0,0,2h ago ,2023-01-30,9270,4134,1192,positive
465,klu.. cakap..... gajah pun bolih terbang,@user1969119824525,user1969119824525 ,0,0,2h ago ,2023-01-30,9270,4134,1192,negative
466,wajiblahlah ada taraf pendidikan yg sesuai dlm pentadbiran negara,@riza4697,masriza ,0,0,2h ago ,2023-01-30,9270,4134,1192,positive
467,sembang lipak,@aidiladeeraella,AidilAdeeraElla ,0,0,2h ago ,2023-01-30,9270,4134,1192,negative
468,Ada 2 Degree rupanya Nurul Izzah tu.Hadi Bawang ada Kelayakan Akademik apa smp dilantik Duta Khas Timur Tengah bertaraf Menteri dgn Gaji berpuluh ribu,@zifrimansor,Nyamuk Senyum ,0,0,2h ago ,2023-01-30,9270,4134,1192,negative
469,KWSP,@MS4wLjABAAAA1jtMxteuYV3jvwj217QfKnYtmW1IJyxDlyrHmA-eaHHR82xFZJ8xOEszwI5PEmwi,user637001 ,0,0,2h ago ,2023-01-30,9270,4134,1192,negative
470,semamgje blhla,@napiahcheros,napiahcheros ,0,0,2h ago ,2023-01-30,9270,4134,1192,negative
471,orang pn sakit....tak boleh terima hahahaha,@3_pu_m,crappoking ,0,0,2h ago ,2023-01-30,9270,4134,1192,negative
472,Kerajaan MADANI- MALAYSIA DAN ANSK BINI,@jimmy_roll,jimmy_roll ,0,0,2h ago ,2023-01-30,9270,4134,1192,negative
473,"Takde gaji, tp ada kereta, driver, staff utk support..office..tu blom kira claim lagi",@ridzuanhalim,ridzuan halim ,0,0,2h ago ,2023-01-30,9270,4134,1192,positive
474,gaji x ambik.. elaun lebih besar dr gaji...,@zalie_mocksin85,Zalie ,0,0,2h ago ,2023-01-30,9270,4134,1192,negative
475,x yah la ckp punaisihat..ckp la jadi pegawai khas pM cukupğŸ˜‚ğŸ˜‚,@jibbybossku,jibby bossku ,0,0,2h ago ,2023-01-30,9270,4134,1192,negative
476,MADANI = MALAYSIA DAN ANAK BINI,@ce0_n3tizen,. ,0,0,2h ago ,2023-01-30,9270,4134,1192,positive
477,memang takda orang lain yg boleh dipercayai dari darah daging sendiri. anak pulak tu. why not?,@rxrxnxazxrx7,Zxrxâ˜‘ï¸ ,0,0,2h ago ,2023-01-30,9270,4134,1192,negative
478,hahahaha...KERAjaan anakbranak,@shidota1,shidota ,0,0,2h ago ,2023-01-30,9270,4134,1192,neutral
479,dulu lain sekarang lain...wayang,@zulmka,zulmka ,0,0,2h ago ,2023-01-30,9270,4134,1192,negative
480,"Bila dia buat semua boleh, semua halal,semua bersih ğŸ˜ğŸ˜ğŸ˜ğŸ˜ğŸ˜",@reza5515,Lola holla ,0,0,2h ago ,2023-01-30,9270,4134,1192,negative
481,legasi anak beranak lar ni pmx,@kaki_panas,poyork_69ricky ,0,0,2h ago ,2023-01-30,9270,4134,1192,neutral
482,Terbaik tpi bagilh gji,@mariamhamzahh,Mariam Hamzah793 ,0,0,2h ago ,2023-01-30,9270,4134,1192,positive
483,cakap semua blh cakap,@einazarina735,einazarina735 ,0,0,2h ago ,2023-01-30,9270,4134,1192,negative
484,Hahahaha ğŸ˜‚ parti anak beranak.,@motowan888,Wan Hasbullah ,0,0,2h ago ,2023-01-30,9270,4134,1192,negative
485,bagus betul anak beranak kerja x pyh gajiğŸ˜,@rasidahkasim,Rasidah Kasim ,0,0,2h ago ,2023-01-30,9270,4134,1192,negative
486,sembang kari,@vepwqb,vepwqb ,0,0,2h ago ,2023-01-30,9270,4134,1192,negative
487,hahaa pusing2 sama ja la hampa ank beranak semua dilantik,@eina1710,einaliana ,0,0,3h ago ,2023-01-30,9270,4134,1192,positive
488,Penasihat 25%...???ğŸ˜ğŸ˜ğŸ˜,@faizaljackson,faizaljackson ,0,0,3h ago ,2023-01-30,9270,4134,1192,negative
489,"haji hadi duit amik keje tarak ,",@francko_g,Frank Lucas ,1,0,3h ago ,2023-01-30,9270,4134,1192,positive
490,Dgr blh percaya jgn.Cukup2 lah dia scam rakyat psl perlantikkan Zahid jadi TPM,@user6788616340757,Norafidah ,0,0,3h ago ,2023-01-30,9270,4134,1192,negative
491,"yela..mcm kak mah dlu nasihat najib jgk..x der gaji,elaun jgk..hihi",@dalyanun8,dalyanun8 ,0,0,3h ago ,2023-01-30,9270,4134,1192,negative
492,Janji x lantik penyamunğŸ˜…,@user5614099105503,jacksparrow ,0,0,3h ago ,2023-01-30,9270,4134,1192,negative
493,Kenapa Nurul Izzah?ğŸ˜,@mfm_amaya84,mfm_amaya84 ,0,0,3h ago ,2023-01-30,9270,4134,1192,negative
494,kerajaan anak biniğŸ˜‚ğŸ˜‚ğŸ˜‚.. kan..,@fuzi911,fuzi911 ,0,0,3h ago ,2023-01-30,9270,4134,1192,positive
495,"meludah kelngit,setepek kne muka sndriğŸ˜‚ğŸ˜‚ğŸ˜‚",@hafis85masri,Hafis ,0,0,3h ago ,2023-01-30,9270,4134,1192,neutral
496,kwsp bersasar,@budak_zonria,hairi zuhairi ,0,0,3h ago ,2023-01-30,9270,4134,1192,negative
497,dgr boleh percaya jgnğŸ˜‚,@jannahyangindah1,atijannah ,0,0,3h ago ,2023-01-30,9270,4134,1192,positive
498,kena kat angğŸ˜‚ğŸ˜‚ğŸ˜‚ğŸ˜‚,@jokernamexico,j0kâ‚¬r ,0,0,3h ago ,2023-01-30,9270,4134,1192,neutral
